"nutM_code","year","year_start","year_end","response","temperature_winter","temperature_spring","temperature_summer","temperature_fall","seasonal_variation","precipitation_winter","precipitation_spring","precipitation_summer","precipitation_fall","relative_humidity_winter","relative_humidity_spring","relative_humidity_summer","relative_humidity_fall","croplands","pastures","rangelands","urbanAreas","primaryForest","primaryNonForest","secondaryForest","secondaryNonForest","population"
"ES300",NA,2018,2019,1,5.49565887451172,12.2531805038452,24.2020835876465,14.8063793182373,21.9043674468994,1.18752086162567,2.25901961326599,0.499283313751221,2.02173161506653,72.9020538330078,60.3396911621094,39.4162979125977,65.5598220825195,0.354519695043564,0.0678505823016167,0.084824912250042,0.144548326730728,0,0.132776632905006,0,0.214702814817429,14.6686578484577
"ES511",NA,2018,2023,1,6.4958438873291,12.2002239227295,21.9751415252686,14.8014335632324,17.2609043121338,1.53073155879974,2.70293283462524,2.49437212944031,2.86183214187622,76.0367126464844,72.7345657348633,70.9448928833008,76.9405364990234,0.223638400435448,0.0567653216421604,0.0514127984642982,0.0170317851006985,0.000206876735319383,0.0935473367571831,0.426391333341599,0.0426809974014759,13.7573711852002
"ES620",2018,NA,NA,1,9.0401611328125,15.0592060089111,25.0989112854004,17.2378444671631,17.63307762146,0.951617181301117,1.1460599899292,0.669120252132416,2.26826643943787,66.3106918334961,57.5286865234375,55.0620002746582,74.1307601928711,0.364627778530121,0,0.0122516183182597,0.178181529045105,0,0.110379673540592,0,0.313915193080902,13.0225525724634
"FR101",NA,2021,2024,1,5.88631343841553,10.9866876602173,19.6048603057861,12.9079170227051,14.8752746582031,2.30892848968506,2.2415087223053,2.21465826034546,2.66471195220947,85.8330688476562,73.4807434082031,69.5745391845703,82.7450942993164,0.191405951976776,0.0201632156968117,0.584239900112152,1.4383989832556e-10,0,0,0,0.204190969467163,11.996636667809
"FR103",2024,NA,NA,1,6.68035984039307,11.3976135253906,18.7049713134766,12.0455474853516,16.0518321990967,2.44257569313049,3.1075131893158,1.91072559356689,3.10966205596924,86.7337188720703,80.7994537353516,73.2587432861328,87.1469345092773,0.377574265003204,0.0997712910175323,0.17278541624546,1.56296875442052e-09,0,5.19619125505244e-10,0,0.349869072437286,14.0175752018832
"FR105",2024,NA,NA,1,6.79436635971069,11.7160682678223,19.1199893951416,12.2253150939941,16.2677612304688,2.4728991985321,3.1697096824646,2.12997031211853,3.20875120162964,86.3818893432617,80.0629119873047,72.6982040405273,86.899040222168,0.188358500599861,0.0202324278652668,0.587596118450165,1.70099961893655e-10,0,0,0,0.20381298661232,12.7520418118817
"FR106",2024,NA,NA,1,6.7586498260498,11.7540340423584,19.188871383667,12.2490463256836,16.3553810119629,2.62513136863708,3.24205088615417,2.23384165763855,3.18708205223083,86.4730834960938,80.0709075927734,72.8070373535156,86.8545379638672,0.26989221572876,0.047536164522171,0.412457764148712,1.30204536041845e-09,0,0,0,0.270113855600357,12.6832446610179
"FR107",NA,2023,2024,1,6.05365324020386,11.3799886703491,19.5725002288818,13.2384824752808,14.4273223876953,2.13962030410767,2.78441047668457,2.40623569488525,3.07588815689087,85.6035842895508,77.4937515258789,70.8107299804688,83.3146514892578,0.253976792097092,0.0417632274329662,0.448300451040268,8.35979230284778e-10,0,0,0,0.255959540605545,12.7981961600516
"FRI11",2023,NA,NA,1,6.20375061035156,13.0545663833618,21.6892166137695,15.8183698654175,14.3698692321777,2.15851807594299,2.60496425628662,2.21859908103943,4.5321741104126,81.7106246948242,72.2126770019531,69.5039901733398,75.7765274047852,0.326237678527832,0.149372264742851,0.011487421579659,0.000374745257431641,0,2.4858086509344e-12,0.0685954838991165,0.443932473659515,12.219312501172
"FRJ12",NA,2015,2023,1,7.00751447677612,13.1792879104614,23.1856956481934,14.7479801177979,18.2993297576904,2.11741042137146,2.4099223613739,1.53624951839447,3.79954648017883,73.5816650390625,64.4365692138672,58.1173400878906,71.4272918701172,0.327663660049438,0.0894805416464806,0.0312654078006744,0.00129335990641266,2.96344754291411e-10,0,0.392058670520782,0.127370864152908,12.842387039375
"FRJ13",NA,2014,2024,1,7.34645938873291,12.7096118927002,22.1051368713379,14.7973384857178,16.5876808166504,2.20386219024658,2.63282012939453,1.45574629306793,3.89946818351746,77.3957824707031,69.6135101318359,64.2998809814453,75.9005126953125,0.308641999959946,0.0859034135937691,0.0271570514887571,0.000455035537015647,1.35760835906495e-09,1.02075618790831e-10,0.377464771270752,0.112677969038486,12.7795365681857
"FRJ14",2024,NA,NA,1,4.16012144088745,8.46698665618896,18.1379203796387,10.4893112182617,16.575252532959,2.2555422782898,5.93870115280151,1.88765263557434,5.04465579986572,80.116569519043,76.311164855957,70.7675399780273,82.768798828125,0.198495745658875,0.109669499099255,0.00405579432845116,0.00779226841405034,7.21156800942424e-10,0,0.679986715316772,0,10.6559804124141
"FRJ15",NA,2022,2024,1,6.12328338623047,11.6574993133545,21.4869346618652,14.3703622817993,15.8504886627197,1.40225875377655,2.83939218521118,2.45506739616394,2.25321459770203,70.4237442016602,68.9855880737305,66.1888732910156,73.9707946777344,0.211943075060844,0.0506551004946232,0.0179333779960871,0.010456470772624,1.16391292976914e-05,0.144939199090004,0.0179939065128565,0.542981803417206,12.0147927700512
"FRJ23",2022,NA,NA,1,6.10991191864014,12.6367845535278,22.9144954681396,15.5450239181519,15.9937171936035,3.06369590759277,2.77657008171082,1.98687744140625,2.7504825592041,78.4613418579102,72.0352096557617,62.1031494140625,72.3818130493164,0.424016267061234,0.195440635085106,0.0295033417642117,0.00775712123140693,0,0.0500931777060032,0,0.293189436197281,12.9754887875165
"FRJ26",NA,2022,2024,1,4.08515644073486,9.58800411224365,18.8671340942383,12.2905712127686,14.9490404129028,3.22484493255615,4.02361536026001,3.92223453521729,4.06741952896118,76.8634796142578,74.0563354492188,71.9258880615234,77.8733673095703,0.265933692455292,0.123817518353462,0.0134362485259771,0.0272406470030546,0,0.14329007267952,0,0.426281780004501,11.4924421060288
"FRJ28",2022,NA,NA,1,6.52983856201172,14.0735807418823,24.6041679382324,16.5965747833252,17.2547702789307,2.28012657165527,2.111971616745,1.61696588993073,2.44002175331116,82.8007965087891,68.4869003295898,55.3703575134277,73.0000534057617,0.450446844100952,0.205050110816956,0.0321351699531078,3.14833537018444e-09,0,0,0,0.312367886304855,12.4405046790033
"FRK21",2023,NA,NA,1,4.66959381103516,11.2246437072754,21.541820526123,13.9719552993774,16.7934284210205,2.84408855438232,3.97415065765381,2.68506622314453,5.43906259536743,80.2929916381836,72.4491119384766,62.3920288085938,74.9662704467773,0.301300406455994,0.165248185396194,0.0370873622596264,0.000642092432826757,1.07553153883e-10,1.89910676300376e-16,0.252000063657761,0.238120391964912,13.0210287746507
"FRK23",NA,2023,2024,1,4.85844421386719,11.0428247451782,21.0979690551758,12.9987678527832,17.9206867218018,2.41238713264465,3.77675008773804,2.18305540084839,3.8937554359436,78.3903884887695,70.3443222045898,63.6824493408203,76.1687088012695,0.304757207632065,0.103962227702141,0.0162618048489094,0.00379040068946779,9.32454738422628e-11,0,0.529275834560394,0.0419525466859341,12.314691036046
"FRK24",2023,NA,NA,1,2.19571232795715,8.93147659301758,19.4139976501465,11.8285503387451,17.1182975769043,2.51112794876099,4.03340339660645,3.21613526344299,5.12608337402344,77.3712005615234,73.987548828125,64.7646331787109,75.7219390869141,0.264619946479797,0.113890551030636,0.0396101251244545,0.00747955497354269,5.50879841743068e-10,0,0.426896393299103,0.145385250449181,13.3165502001942
"FRK26",NA,2019,2023,1,4.92155408859253,11.4648504257202,21.3621120452881,13.0505056381226,17.9783916473389,2.54094123840332,2.34502792358398,2.54446291923523,3.25429224967957,81.5723724365234,66.9037170410156,61.5870132446289,76.8338317871094,0.370540350675583,0.209010928869247,0.11165289580822,2.75482681111328e-09,0,2.73069128513802e-16,0.178805738687515,0.129990100860596,13.505771849847
"FRL01",2023,NA,NA,1,2.18773365020752,8.82525157928467,19.09840965271,11.6608057022095,17.1670322418213,2.13661670684814,2.82584071159363,2.74700117111206,3.71647310256958,69.989875793457,67.9456939697266,63.2300910949707,71.0256729125977,0.255638897418976,0.05002636089921,0.0066984505392611,0.0192430466413498,3.46614070778628e-10,0,0.665963113307953,0,11.6443460572035
"FRL03",NA,2010,2024,1,3.10004663467407,9.06047534942627,18.7657432556152,11.5086345672607,17.0936145782471,2.74690842628479,3.36878395080566,2.52765154838562,3.8896541595459,70.4715957641602,72.598747253418,73.8849563598633,75.7640380859375,0.134432688355446,0.0284235216677189,0.0406850501894951,0.0248757507652044,1.21673204844797e-09,9.94723729519928e-17,0.601148784160614,0.0459779351949692,12.734652015981
"FRL04",NA,2013,2023,1,7.68324279785156,14.0005807876587,24.0400867462158,15.9723901748657,18.0774631500244,1.90353417396545,1.91184365749359,1.10342669487,2.84617924690247,73.1754760742188,63.6400108337402,56.9331550598145,70.1978073120117,0.381248474121094,0.116614192724228,0.0496120862662792,4.79190202895552e-06,4.41584657728811e-10,0,0.169462144374847,0.214276850223541,12.7480415861622
"FRL05",NA,2010,2024,1,6.82719707489014,12.7517004013062,22.3822746276855,15.0067920684814,16.9852809906006,2.31660604476929,2.32810568809509,1.25533723831177,3.1561279296875,72.4679489135742,68.0047912597656,63.5823440551758,72.3737258911133,0.228678375482559,0.0400675907731056,0.0274463389068842,0.00440938118845224,3.90568938302138e-10,5.7949484100206e-10,0.297023206949234,0.268139690160751,12.6978382443276
"FRL06",2024,NA,NA,1,6.96055030822754,12.9139528274536,22.9024543762207,14.1757392883301,18.7900161743164,2.01623296737671,4.1517219543457,1.11748993396759,3.87790417671204,76.2371139526367,67.0675354003906,60.8959426879883,76.6646575927734,0.385948568582535,0.117670223116875,0.0356548726558685,0.000463041942566633,7.43565209404551e-10,0,0.43292698264122,0.01984260417521,12.3088633699135
"FRM01",2022,NA,NA,1,9.51502799987793,13.6581716537476,25.1148109436035,18.2818222045898,14.0406703948975,1.74242305755615,1.98480033874512,0.594837129116058,3.07417583465576,74.5728607177734,70.583251953125,65.9670028686523,73.3435668945312,0.046084575355053,0.01911960542202,0.00475945230573416,0.022174159064889,0,2.34410357791148e-09,0,0.585509419441223,10.4990309484274
"HR033",2024,NA,NA,1,7.39247465133667,13.8048067092896,24.3541164398193,14.3697032928467,20.6435165405273,3.76412844657898,4.2352180480957,1.73901355266571,5.08306312561035,78.144157409668,72.4295272827148,64.6308135986328,76.5853652954102,0.0984961166977882,0.0658659189939499,0.00311709567904472,0.0469045117497444,1.44785872180364e-09,0,0.653991401195526,0,10.4380564435897
"HR037",2010,NA,NA,1,5.38098907470703,11.7461214065552,22.3784523010254,13.851357460022,18.0483989715576,10.5103521347046,5.90003442764282,1.37523674964905,8.94666957855225,78.5416412353516,72.2590484619141,63.8529167175293,76.1708526611328,0.172325640916824,0.289580851793289,0.00553120393306017,0.0214893817901611,2.63971466907265e-09,0,0.367257654666901,0,9.76465249980195
"ITC33",2023,NA,NA,1,5.83374977111816,12.8406600952148,23.0135307312012,15.1775884628296,17.8146648406982,2.27349805831909,2.51449012756348,3.28065896034241,3.99518251419067,81.4420852661133,69.8465270996094,68.4619979858398,75.868766784668,0.267224341630936,0.0564212836325169,0.0176651328802109,0.000665080384351313,0,0,0.646284759044647,0,10.2867872637364
"ITC42",2024,NA,NA,1,3.55641222000122,9.83971405029297,20.6870365142822,10.8713111877441,21.0063171386719,3.6014187335968,7.09098672866821,5.45398569107056,5.67850017547607,76.5630569458008,74.714241027832,74.1879577636719,79.4071578979492,0.0965307429432869,0.0420612655580044,0.206431433558464,0.0201025195419788,2.57054543908453e-05,0,0.589936256408691,0,13.1194186710091
"ITC43",2024,NA,NA,1,3.95196342468262,10.3940801620483,21.2317638397217,11.3151836395264,21.1777591705322,3.65976786613464,7.00955486297607,5.49010038375854,5.72823429107666,76.7579116821289,74.5305023193359,74.2212829589844,79.4704208374023,0.105202183127403,0.0364063456654549,0.255179971456528,0.0156774539500475,2.77550534519833e-05,0,0.544398903846741,0,12.8309234196044
"ITC44",2024,NA,NA,1,-2.57187867164612,3.31212162971497,14.2595663070679,5.14958143234253,20.8131542205811,3.68341970443726,5.98629140853882,4.70583868026733,4.69029426574707,73.2115707397461,77.2218856811523,76.7176971435547,78.5640640258789,0.0150049570947886,0.0709931552410126,0.00852917786687613,0.0750100836157799,9.55378936851048e-07,0,0.801873683929443,0,11.0602178928242
"ITC46",2023,NA,NA,1,2.83832383155823,10.0680322647095,20.0218982696533,12.1086149215698,18.0053558349609,1.81943142414093,4.03329563140869,5.79904174804688,5.41782808303833,75.0376663208008,72.1074371337891,72.8132781982422,77.2997741699219,0.202239766716957,0.0631231293082237,0.100907027721405,0.0110303340479732,5.88804823564715e-07,0,0.615746915340424,0,13.3271809286715
"ITC47",2023,NA,NA,1,2.82197880744934,9.85643005371094,20.0020942687988,12.1333904266357,18.3088989257812,1.83049333095551,3.68117713928223,5.1421103477478,4.46820449829102,75.9935684204102,71.9416580200195,72.7621231079102,77.5675506591797,0.237696707248688,0.0628780946135521,0.0521054938435555,0.0129948537796736,1.53873719321851e-11,0,0.60638415813446,0,13.1706506770634
"ITC49",2023,NA,NA,1,6.25261449813843,14.3440160751343,25.0389175415039,16.0208492279053,19.7217102050781,1.82299101352692,2.65827250480652,3.88379240036011,3.52460074424744,81.7810211181641,68.0442276000977,64.3124084472656,75.3898239135742,0.612595438957214,0.0919737964868546,0.0833575055003166,9.47183109722971e-10,1.73720603874328e-11,0,0.207908779382706,0,12.1073638297122
"ITC4B",2022,NA,NA,1,4.98034048080444,13.770133972168,26.1789436340332,16.1286029815674,20.9272556304932,1.10049664974213,1.50542891025543,2.70620536804199,2.54254341125488,80.4667434692383,64.5841598510742,59.385570526123,77.1743698120117,0.593862175941467,0.0981299206614494,0.0653705075383186,0.00359400454908609,0,3.85388847223494e-16,0.177050799131393,0.0382867678999901,12.7076302031475
"ITC4C",NA,2022,2024,1,5.45769834518433,13.6782264709473,24.6449565887451,14.7194356918335,21.0960388183594,1.97969484329224,3.76139307022095,3.8069314956665,4.38669157028198,77.880256652832,66.8366165161133,64.2130966186523,77.3194580078125,0.433691591024399,0.0539664663374424,0.159863904118538,0.0004330511437729,1.54514200403355e-05,0,0.32859593629837,0,13.3435796727533
"ITF31",2017,NA,NA,1,6.9666600227356,13.4884872436523,23.9162788391113,14.8824224472046,19.88330078125,2.51430821418762,1.78648269176483,0.389116764068604,4.09046030044556,75.8691177368164,73.6531829833984,66.042839050293,75.5129928588867,0.360179334878922,0.092749148607254,0.0361613482236862,6.38646024953005e-10,0,9.36833458031749e-11,0,0.429033219814301,12.4728741661838
"ITF35",2024,NA,NA,1,9.74223327636719,14.1904344558716,24.708324432373,16.5478248596191,16.9725360870361,3.5923855304718,2.91565632820129,0.690019845962524,3.32947397232056,79.7644119262695,75.8877716064453,64.7697906494141,77.0072021484375,0.212793275713921,0.0644467771053314,0.0358082093298435,8.54729009791555e-10,0,2.91858204271023e-10,0,0.568931758403778,12.6200013156068
"ITF48",2023,NA,NA,1,9.86765956878662,14.1908416748047,25.6988124847412,19.8713493347168,17.028377532959,1.39953362941742,3.02619457244873,1.05847465991974,1.45747756958008,77.5233917236328,72.822998046875,61.4771385192871,67.9268341064453,0.311938285827637,0.123742312192917,0.0493824705481529,6.33081087553222e-11,0,2.42958899526746e-11,0,0.256993800401688,11.6165025866384
"ITF63",2017,NA,NA,1,8.47562503814697,13.5261373519897,23.7012214660645,16.1228122711182,17.9575958251953,3.0848388671875,1.53443574905396,0.385780602693558,2.97006273269653,76.6700210571289,74.3645324707031,66.4674301147461,75.277473449707,0.168114855885506,0.0904780104756355,0.0230662375688553,2.1499495239663e-10,0,4.64203762234883e-12,0,0.57632452249527,11.0914544667351
"ITF65",NA,2017,2024,1,11.2206134796143,14.4451713562012,24.5831069946289,19.3195953369141,14.6367120742798,2.90736079216003,2.09992933273315,0.781828224658966,3.17822909355164,76.7322769165039,76.2383117675781,71.1325988769531,77.0850677490234,0.0930725261569023,0.0394744165241718,0.0384512655436993,4.75072148287126e-10,0,3.67568531167706e-10,0,0.431719124317169,11.9671751816768
"ITH10",2017,NA,NA,1,-5.07707023620605,3.95479679107666,13.3720712661743,3.14492034912109,22.7632865905762,1.22774744033813,3.32319593429565,5.26006650924683,3.73157978057861,64.0541687011719,68.2125244140625,71.7430877685547,74.7433776855469,0.0240209717303514,0.0972045361995697,0.0125470692291856,0.0491776168346405,1.05340673683951e-10,0,0.787604987621307,0,12.2737637117028
"ITH32",2020,NA,NA,1,4.70448970794678,12.0712194442749,20.9633865356445,12.4884262084961,18.4481773376465,1.32317364215851,3.13613057136536,5.73610877990723,3.77446532249451,74.9328460693359,66.0557174682617,72.0254135131836,78.0933151245117,0.307266145944595,0.0771707147359848,0.0642405077815056,0.00665117986500263,0,0,0.543512225151062,0,12.8113405157371
"ITH34",NA,2020,2024,1,4.99612951278687,12.2785310745239,22.9284534454346,13.994236946106,19.6724185943604,2.91947388648987,3.7978343963623,3.87462782859802,4.10351610183716,78.9271392822266,71.4337844848633,71.0614929199219,77.718864440918,0.495504826307297,0.060800313949585,0.0885110273957253,0.000834845064673573,0,0,0.328309118747711,0,13.0282855005028
"ITH35",2024,NA,NA,1,6.5180139541626,14.1482191085815,24.9143524169922,14.7360181808472,22.0935668945312,3.50543284416199,6.16534662246704,2.51111936569214,6.26744842529297,81.6485214233398,76.7268371582031,70.1070938110352,77.0775375366211,0.563649356365204,0.0630557239055634,0.0501234382390976,1.31064680886084e-07,5.47140551114089e-15,0,0.200102746486664,0,12.026838131413
"ITH36",2023,NA,NA,1,6.09197664260864,13.7236089706421,24.4873523712158,16.0296306610107,20.3379974365234,1.84643185138702,3.09580373764038,3.53081107139587,3.0419659614563,80.6057739257812,69.7390213012695,67.770751953125,75.056884765625,0.549479782581329,0.0801662504673004,0.0816013291478157,0.000697341747581959,0,0,0.286796718835831,0,12.7500734009427
"ITH54",NA,2017,2023,1,4.68239974975586,12.5287666320801,23.5606250762939,14.2940320968628,20.6954536437988,2.37395477294922,3.16661286354065,2.40266585350037,3.47987627983093,79.5179901123047,69.2278442382812,65.601188659668,78.7074813842773,0.394076645374298,0.0942387282848358,0.0462903492152691,0.000955838651861995,0,9.2482350021807e-16,0,0.462864935398102,12.5296562644279
"ITH57",2007,NA,NA,1,7.7286171913147,15.1785879135132,23.9691066741943,13.6915254592896,17.2894458770752,1.05750024318695,2.23118543624878,1.39412760734558,2.32167220115662,81.6174011230469,67.2012176513672,58.8432388305664,71.8825225830078,0.469036400318146,0.104630887508392,0.0329006761312485,0.00106397364288568,0,3.21029106076232e-11,0,0.268473893404007,11.9252147354261
"ITH57",2017,NA,NA,1,5.18328189849854,14.7456436157227,25.6108016967773,14.3819341659546,23.3823223114014,1.6652467250824,1.33169448375702,0.969453930854797,3.72409462928772,77.984130859375,65.3181762695312,56.316162109375,75.6007080078125,0.446090131998062,0.0973807573318481,0.0372259095311165,0.000382646423531696,0,3.21029106076232e-11,0,0.295026361942291,11.9809898126807
"ITI14",2023,NA,NA,1,6.65613746643066,12.4034337997437,23.4177188873291,16.288553237915,17.8640193939209,3.51617980003357,3.42462873458862,1.75075221061707,3.88110041618347,83.5110473632812,74.779655456543,67.0700531005859,73.8985137939453,0.29401221871376,0.0610033720731735,0.0770649462938309,0.000251752120675519,0,1.65033817774857e-12,0.060250636190176,0.507018148899078,13.2356120371879
"ITI16",2023,NA,NA,1,10.32981300354,14.3600244522095,24.4026165008545,19.2197189331055,14.6843900680542,2.75593209266663,2.26721906661987,1.29539740085602,2.82859516143799,78.5662460327148,75.7410507202148,74.0721130371094,74.0861206054688,0.173502624034882,0.0404442958533764,0.00745694804936647,0.00410390784963965,0,2.39081410918773e-11,0,0.460529297590256,9.29345198353172
"ITI18",2023,NA,NA,1,6.22489070892334,11.8020162582397,22.7748489379883,15.8042402267456,17.484281539917,3.71692585945129,3.49422073364258,2.11791753768921,3.40928173065186,83.6497955322266,75.2157974243164,67.4123916625977,74.7079238891602,0.285515010356903,0.0633325800299644,0.0190101936459541,0.000576138496398926,5.94409937937357e-11,6.45249749898352e-13,0.172443360090256,0.455007463693619,11.7756885681602
"ITI19",NA,2017,2024,1,6.83731889724731,12.900426864624,23.9028625488281,15.5171566009521,19.0313358306885,2.46619343757629,2.56605553627014,1.24765431880951,3.5128743648529,78.7544937133789,71.3008270263672,63.8444862365723,76.8382110595703,0.367317408323288,0.0917226374149323,0.0194863267242908,0.000606434186920524,5.4362851026335e-11,2.35772318335492e-10,0.117640636861324,0.394085019826889,11.8757253009041
"ITI32",NA,2017,2024,1,6.17290115356445,12.2554111480713,23.4244136810303,14.9637289047241,18.9500503540039,2.31880640983582,2.59519672393799,1.60806727409363,2.7778058052063,77.7438888549805,70.5356979370117,62.3455581665039,75.9671249389648,0.420415461063385,0.100128971040249,0.0188979785889387,1.00526253987709e-09,0,1.65136498225804e-11,0,0.415160775184631,10.79241013874
"ITI33",2024,NA,NA,1,8.10555362701416,13.5457429885864,24.2733612060547,15.0142984390259,18.7110176086426,1.42114996910095,2.65095782279968,1.58562898635864,3.48433542251587,76.0434875488281,70.9407653808594,60.8619766235352,77.3077545166016,0.431341916322708,0.076589547097683,0.0190266370773315,0.000412758847232908,0,5.47078604219759e-18,0,0.41125363111496,11.7018705455326
"ITI43",NA,2017,2024,1,8.5034236907959,13.6137914657593,24.3151092529297,16.8970947265625,17.558780670166,3.18698263168335,2.65626263618469,1.06772637367249,4.14281272888184,76.27490234375,73.7466049194336,66.684928894043,76.3391494750977,0.353778630495071,0.0717945173382759,0.121536649763584,0.000494297011755407,0,5.89369317238742e-11,0.0665242597460747,0.272548884153366,14.0054637529193
"ITI44",NA,2017,2023,1,8.2709493637085,13.4170703887939,24.0760669708252,16.9305667877197,17.4368743896484,3.84953045845032,2.76264119148254,1.13659799098969,4.72275018692017,76.1130905151367,74.245849609375,68.4712600708008,76.4653167724609,0.320510923862457,0.0818022638559341,0.115611620247364,0.000506167009007186,0,1.36328240363248e-10,0.0881240516901016,0.265947371721268,12.4651104097679
"NO072",2024,NA,NA,0,-8.70090579986572,-0.439522325992584,13.1417617797852,2.69702529907227,23.4112911224365,3.14694952964783,1.95477902889252,3.49951362609863,4.69391059875488,78.4861755371094,73.6383361816406,76.3603363037109,82.0080490112305,0.00913681928068399,0.000234789011301473,0.0018989018863067,0.000848119263537228,0.388792812824249,0.000281226995866746,0.463116019964218,5.84499211981893e-05,11.4936798090992
"NO073",2017,NA,NA,0,-6.68717813491821,-2.81836271286011,9.60204124450684,0.63401871919632,18.8447322845459,2.05123686790466,1.55525386333466,3.3822877407074,1.57318830490112,84.0485610961914,76.1425704956055,78.7049942016602,87.1722946166992,0.00192142534069717,7.25161517038941e-05,0.00041551687172614,0.00111477950122207,0.473281145095825,0.0255358181893826,0.394601672887802,0.00330633344128728,10.6549915279829
"NO072",2017,NA,NA,0,-4.81423568725586,-2.44491267204285,9.24839973449707,1.28339147567749,15.8623809814453,4.61873579025269,2.83359670639038,3.6951630115509,2.00839400291443,80.8364944458008,74.3450469970703,78.5595550537109,82.6633071899414,0.00918507110327482,0.000246057461481541,0.001697588711977,0.00090977072250098,0.389640718698502,0.000281240209005773,0.462348431348801,5.83233377255965e-05,11.4814154478464
"FI1D7",2018,NA,NA,0,-11.1313190460205,-0.619867861270905,13.8498487472534,2.17447304725647,25.7774276733398,1.17897391319275,1.05350422859192,2.88552188873291,1.77442181110382,87.130126953125,71.930908203125,69.9941177368164,88.8574066162109,0.00279724039137363,7.31389991415199e-06,0.000564505055081099,0.000604100176133215,0.0556155852973461,0.151184186339378,0.738196492195129,0.00380235956981778,11.6876859567367
"FI1D7",2014,NA,NA,0,-8.03909587860107,0.0998592898249626,13.2401170730591,0.242101415991783,26.2509078979492,1.42559230327606,1.36284494400024,2.76760196685791,1.48195374011993,87.7228240966797,72.2112579345703,73.8547439575195,87.0666580200195,0.00234534428454936,7.10905078449287e-06,0.000544238078873605,0.000579966057557613,0.0557442791759968,0.151382237672806,0.738361716270447,0.00380685017444193,11.7034277261799
"NO072",2024,NA,NA,0,-8.70090579986572,-0.439522325992584,13.1417617797852,2.69702529907227,23.4112911224365,3.14694952964783,1.95477902889252,3.49951362609863,4.69391059875488,78.4861755371094,73.6383361816406,76.3603363037109,82.0080490112305,0.00913681928068399,0.000234789011301473,0.0018989018863067,0.000848119263537228,0.388792812824249,0.000281226995866746,0.463116019964218,5.84499211981893e-05,11.4936798090992
"NO072",2022,NA,NA,0,-8.32894134521484,-0.0481273904442787,10.9518642425537,1.63737511634827,19.8433208465576,3.42422318458557,3.64804863929749,4.8800220489502,2.70547866821289,79.2184677124023,76.5935440063477,78.14599609375,82.8428497314453,0.0091618187725544,0.00023564015282318,0.001840480719693,0.00086172268493101,0.389040589332581,0.000281226995866746,0.462887316942215,5.84154804528225e-05,11.4925498313498
"NO073",2023,NA,NA,0,-7.16327953338623,-1.63516104221344,11.7331418991089,-0.537556648254395,22.6950397491455,1.75483381748199,1.69815492630005,2.08902978897095,2.23927593231201,83.7075576782227,74.1284790039062,76.4274444580078,86.0205001831055,0.00191174261271954,7.72018975112587e-05,0.00044986794819124,0.00107204727828503,0.472969770431519,0.0255356971174479,0.394923716783524,0.003309132065624,10.6472323216693
"NO073",2024,NA,NA,0,-9.95733737945557,-1.51215875148773,13.8203601837158,2.85097575187683,25.8374767303467,1.36621999740601,1.45269918441772,2.59934759140015,2.5740852355957,82.1537628173828,75.8096923828125,75.4054565429688,83.6045761108398,0.00190856831613928,7.63791540521197e-05,0.000455523579148576,0.00107138266321272,0.472914606332779,0.0255356915295124,0.394977539777756,0.00330948899500072,10.6373432211747
"NO071",2017,NA,NA,0,-3.08840274810791,-0.9410280585289,10.3474559783936,2.79187512397766,14.1254682540894,7.78888845443726,4.3365626335144,5.10827875137329,3.28383326530457,83.9739761352539,74.8966903686523,77.6952133178711,82.1052398681641,0.00762721104547381,0.000680000928696245,0.00130251690279692,0.00127129640895873,0.281112372875214,0.00155821046791971,0.555064797401428,0.00633823638781905,11.3024912366585
"NO071",2017,NA,NA,0,-3.08840274810791,-0.9410280585289,10.3474559783936,2.79187512397766,14.1254682540894,7.78888845443726,4.3365626335144,5.10827875137329,3.28383326530457,83.9739761352539,74.8966903686523,77.6952133178711,82.1052398681641,0.00762721104547381,0.000680000928696245,0.00130251690279692,0.00127129640895873,0.281112372875214,0.00155821046791971,0.555064797401428,0.00633823638781905,11.3024912366585
"SEG226076",2014,NA,NA,0,-8.82931137084961,-0.123292319476604,12.8062763214111,0.0598124638199806,26.7611923217773,2.01141357421875,1.52903831005096,2.70457434654236,1.60414350032806,85.1351547241211,70.0741806030273,73.6403121948242,84.5496139526367,0.000295699544949457,1.02525100373896e-05,0.000448369275545701,0.000673966482281685,0.00290100509300828,0,0.95883172750473,0,10.1184951276224
"NO071",2023,NA,NA,0,-4.7919979095459,-1.21939265727997,12.3438301086426,-0.123656824231148,22.713623046875,5.27287006378174,3.52402973175049,3.24920272827148,3.99233818054199,82.0373077392578,75.2041015625,77.1125869750977,83.8015747070312,0.00759830046445131,0.000706035643815994,0.00143925228621811,0.0011839116923511,0.276092350482941,0.00155697588343173,0.560024082660675,0.00635376572608948,11.2956743821953
"NO071",2024,NA,NA,0,-7.32658338546753,1.256711602211,12.89328956604,3.50359010696411,20.8010425567627,5.2079610824585,2.42655062675476,5.63923406600952,7.07433366775513,80.3074798583984,72.9008636474609,77.7240219116211,85.1845779418945,0.00758699607104063,0.000711448839865625,0.00146173872053623,0.00117522687651217,0.275216609239578,0.00155682326294482,0.560889959335327,0.00635586958378553,11.2866363465431
"NO071",2022,NA,NA,0,-6.6619291305542,0.863135933876038,10.9411172866821,3.14745926856995,18.962158203125,5.88510990142822,5.39089107513428,6.4290509223938,3.5510983467102,80.09228515625,77.4407501220703,79.9241561889648,82.4791717529297,0.00760962208732963,0.000700622622389346,0.00141676608473063,0.00119259476196021,0.276975303888321,0.00155712838750333,0.55915093421936,0.006351662799716,11.2931930811905
"SEG226081",2023,NA,NA,0,-6.13123607635498,0.188984334468842,15.3967447280884,1.41610407829285,25.0787220001221,1.86168622970581,1.08121764659882,2.51618218421936,2.64771676063538,85.4062957763672,69.6447143554688,74.0093765258789,84.3733367919922,0.0176091976463795,0.0037228602450341,0.010638065636158,0.00180199882015586,3.15098142023018e-10,0,0.725961267948151,0,10.4696682398225
"NO071",2023,NA,NA,0,-4.7919979095459,-1.21939265727997,12.3438301086426,-0.123656824231148,22.713623046875,5.27287006378174,3.52402973175049,3.24920272827148,3.99233818054199,82.0373077392578,75.2041015625,77.1125869750977,83.8015747070312,0.00759830046445131,0.000706035643815994,0.00143925228621811,0.0011839116923511,0.276092350482941,0.00155697588343173,0.560024082660675,0.00635376572608948,11.2956743821953
"NO071",2020,NA,NA,0,-2.74978971481323,-0.46372652053833,11.2048683166504,3.94900989532471,12.8422794342041,8.36456680297852,5.68720149993896,3.14907765388489,6.14949131011963,83.4237060546875,77.3973236083984,76.1111221313477,84.3505172729492,0.00762719660997391,0.000700312375556678,0.00137093116063625,0.00120943912770599,0.278638958930969,0.0015572807751596,0.557502150535583,0.00634836545214057,11.2968125120712
"NO062",2017,NA,NA,0,-1.60871410369873,1.58397960662842,11.6466569900513,4.08657693862915,13.76646900177,5.84757852554321,4.20434427261353,5.03549861907959,3.49333906173706,85.8159408569336,76.0809783935547,78.769660949707,83.9790191650391,0.0219945181161165,0.00384146277792752,0.00162227998953313,0.000783945550210774,0.189244031906128,0,0.707297444343567,0,11.1952154708826
"SEG226040",2023,NA,NA,0,-6.26366519927979,-0.145563066005707,13.663444519043,0.412877798080444,24.3170490264893,2.09659838676453,1.63932406902313,3.13508033752441,2.69328665733337,85.3728332519531,68.0160293579102,72.1689987182617,84.6953201293945,0.0039535341784358,4.00096287194174e-05,0.0003347369201947,0.000245688803261146,0.00600153347477317,0,0.915715456008911,0,9.12943446633362
"FI1D8",2019,NA,NA,0,-8.78714275360107,2.08050394058228,13.6838884353638,1.79440069198608,26.7474708557129,1.66740465164185,1.81346559524536,2.40672063827515,2.87015128135681,88.6466903686523,72.1273040771484,73.6839447021484,90.5848999023438,0.00959374569356441,8.77380625752266e-06,0.00117436144500971,0.000125019912957214,8.40163103476253e-14,0.321347683668137,0.564679443836212,0.00567809166386724,10.914018005114
"SEG226215",2024,NA,NA,0,-9.20256614685059,2.87243294715881,14.8327922821045,4.41818952560425,25.6305313110352,1.36926555633545,1.15346539020538,3.63843011856079,2.39287424087524,83.9717254638672,69.2628784179688,77.4293899536133,84.6787261962891,0.00956523418426514,0.000557736086193472,0.000345954700605944,0.00247008726000786,1.1500382590679e-10,0.0347413495182991,0.9156534075737,0.00301169091835618,8.46198279852803
"FI1D9",2019,NA,NA,0,-8.4028491973877,2.15083408355713,13.8916721343994,1.7881668806076,26.843879699707,1.56852269172668,1.76187014579773,2.26722931861877,2.61657571792603,88.4660491943359,73.0200653076172,73.1647872924805,90.6144104003906,0.0545152239501476,0.000249846110818908,0.00266433414071798,0.000377723394194618,8.967168370691e-13,0.256681084632874,0.615463674068451,0.0159594565629959,12.2229610274717
"FI1D8",2022,NA,NA,0,-8.72651290893555,1.53488445281982,15.5988073348999,2.68604421615601,23.4629020690918,1.72399747371674,1.28299760818481,3.23746800422668,1.91240453720093,88.0853958129883,70.5801773071289,75.6628952026367,90.4908599853516,0.00972702074795961,7.67975689086597e-06,0.00120868638623506,0.000123616642667912,8.40163103476253e-14,0.321245163679123,0.564612567424774,0.00568240275606513,10.8907776519536
"NO061",2024,NA,NA,0,-5.55505561828613,4.56362915039062,12.3246660232544,4.520751953125,18.0069236755371,3.06494498252869,1.48014974594116,5.00479698181152,4.75716114044189,79.4529495239258,70.3831100463867,77.0600051879883,84.1591644287109,0.0379650332033634,0.00398177793249488,0.00597699545323849,0.00111478136386722,0.229970559477806,0,0.629435956478119,0,12.2444822575943
"SEG226033",2017,NA,NA,0,-3.44864869117737,0.164237827062607,10.3900709152222,2.1657223701477,14.4659585952759,3.15907669067383,2.64023160934448,4.26597929000854,2.70373582839966,85.8935546875,76.8435516357422,79.2348709106445,86.5497131347656,0.00668470468372107,0.00055585167137906,0.000396509160054848,0.00112481240648776,0.00996012054383755,0,0.887544274330139,0,9.11189523449493
"NO053",2024,NA,NA,0,-4.08869552612305,4.83047580718994,11.9847097396851,4.93495225906372,16.4406356811523,5.15833711624146,2.2807502746582,5.99009037017822,6.69233131408691,78.9727783203125,71.0653305053711,78.6595230102539,84.3851470947266,0.0309489294886589,0.000761875766329467,0.00430412124842405,0.0014337197644636,0.373535722494125,0,0.434974193572998,0,11.5562148130686
"NO053",2018,NA,NA,0,-3.34623765945435,2.93980526924133,12.1107387542725,4.61059331893921,15.4451589584351,4.2779746055603,2.25230622291565,4.14031028747559,6.63184595108032,78.2083282470703,69.5036926269531,76.4341735839844,79.8951797485352,0.0309252589941025,0.000744585646316409,0.00387124042026699,0.00146591302473098,0.375266373157501,0,0.433685183525085,0,11.5457179591606
"NO052",2019,NA,NA,0,-2.38815808296204,2.27055263519287,12.0492210388184,2.24148344993591,16.8373737335205,5.33362579345703,4.24090719223022,6.28042888641357,5.03861141204834,82.4521408081055,71.8433837890625,76.5233917236328,82.4632339477539,0.0243192948400974,0.000400966848246753,0.00219988427124918,0.000798212480731308,0.361475974321365,0,0.436693876981735,0,11.1807709715903
"NO052",2024,NA,NA,0,-4.73847961425781,4.06509590148926,11.0557699203491,4.58892917633057,16.3570976257324,7.23608541488647,3.51607799530029,7.41983461380005,7.58901119232178,81.9004745483398,72.5847625732422,79.3507308959961,86.1001586914062,0.0243833791464567,0.000395714421756566,0.00241308775730431,0.000797349959611893,0.36084645986557,0,0.437052190303802,0,11.1772538452697
"FI1D1",2024,NA,NA,0,-8.56596660614014,4.48907804489136,17.6860885620117,7.21022081375122,28.4700698852539,1.79297816753387,1.41774344444275,3.14984273910522,1.69920635223389,87.0746002197266,74.7090835571289,75.4959716796875,87.9170150756836,0.0282517001032829,2.78891511698021e-05,0.00402791192755103,3.68237087968737e-05,2.38221226599167e-13,0.287358731031418,0.427500277757645,0.00622914684936404,11.6835235566862
"NO052",2018,NA,NA,0,-3.68794822692871,2.23484492301941,12.2441053390503,3.86032962799072,15.6199522018433,6.08184957504272,2.55886340141296,5.09631538391113,9.87368583679199,81.2998580932617,69.3363800048828,72.3950424194336,81.8298645019531,0.0243536382913589,0.000402784557081759,0.00215630745515227,0.00080235383938998,0.36158275604248,0,0.436590373516083,0,11.1804326592754
"NO052",2023,NA,NA,0,-3.7441234588623,0.638200521469116,12.0858144760132,2.59721803665161,17.8632373809814,6.60158729553223,3.39174437522888,5.99397706985474,6.39521360397339,83.2828063964844,72.5789184570312,78.2170639038086,81.8633575439453,0.0243806838989258,0.00039603904588148,0.00237112655304372,0.00079435930820182,0.360973000526428,0,0.436972975730896,0,11.1846661597083
"NO052",2023,NA,NA,0,-3.7441234588623,0.638200521469116,12.0858144760132,2.59721803665161,17.8632373809814,6.60158729553223,3.39174437522888,5.99397706985474,6.39521360397339,83.2828063964844,72.5789184570312,78.2170639038086,81.8633575439453,0.0243806838989258,0.00039603904588148,0.00237112655304372,0.00079435930820182,0.360973000526428,0,0.436972975730896,0,11.1846661597083
"NO052",2023,NA,NA,0,-3.7441234588623,0.638200521469116,12.0858144760132,2.59721803665161,17.8632373809814,6.60158729553223,3.39174437522888,5.99397706985474,6.39521360397339,83.2828063964844,72.5789184570312,78.2170639038086,81.8633575439453,0.0243806838989258,0.00039603904588148,0.00237112655304372,0.00079435930820182,0.360973000526428,0,0.436972975730896,0,11.1846661597083
"NO022",2023,NA,NA,0,-8.25120067596436,-1.18143057823181,11.6421146392822,0.0848714038729668,22.0378131866455,2.52541780471802,2.30425214767456,5.65038108825684,2.86322951316833,83.2659530639648,69.3007202148438,76.4674987792969,82.9524154663086,0.0259549543261528,0.00724130449816585,0.00324503262527287,0.00116819341201335,0.435435622930527,0,0.484295636415482,0,11.7763871438851
"NO051",2023,NA,NA,0,-3.02114939689636,1.02150237560272,12.0934238433838,3.40335822105408,16.3900756835938,7.63337278366089,3.4135844707489,6.06964254379272,6.77867269515991,84.6289901733398,74.4999542236328,79.2741241455078,81.8690414428711,0.0194721575826406,0.00030331322341226,0.0015748665900901,0.000761076458729804,0.343550264835358,2.01395541807869e-05,0.489859580993652,0.000171473060618155,11.1569140285403
"NO051",2017,NA,NA,0,-0.944716393947601,2.44726824760437,10.3724126815796,4.5329704284668,12.8617792129517,8.23299026489258,5.64884853363037,6.64251565933228,9.05783271789551,83.6229476928711,78.9469985961914,80.5607223510742,83.6504058837891,0.0194446351379156,0.000307589129079133,0.00123713188804686,0.000813393446151167,0.34686154127121,2.01499569811858e-05,0.48685684800148,0.000171616047737189,11.1025781064874
"NO051",2018,NA,NA,0,-3.23982405662537,2.24376702308655,12.6216421127319,4.45224237442017,16.0353374481201,7.55590009689331,2.72350263595581,5.41381740570068,10.6788415908813,83.174186706543,71.1701812744141,74.0359649658203,82.7919616699219,0.0194700863212347,0.000309090246446431,0.00129534176085144,0.000783556781243533,0.346268475055695,2.01499569811858e-05,0.487394273281097,0.000171925043105148,11.110726034353
"NO032",2021,NA,NA,0,-7.13684129714966,1.87149906158447,13.6611738204956,4.36388063430786,23.2370109558105,3.37113904953003,2.28554916381836,3.18985462188721,3.42869400978088,84.3380355834961,68.8618927001953,70.9925842285156,82.7554473876953,0.0253957118839025,0.00632321694865823,0.00828248076140881,0.000718656985554844,0.2341318577528,0,0.689731597900391,0,12.2750657566004
"NO022",2024,NA,NA,0,-9.56361389160156,2.39977765083313,10.8285913467407,2.5531222820282,21.1507778167725,2.49382591247559,2.04875111579895,5.1075553894043,3.51059770584106,82.1244812011719,72.6603546142578,76.6877746582031,84.436653137207,0.0259366631507874,0.00727650802582502,0.00329246534965932,0.00116305728442967,0.433095812797546,0,0.4865762591362,0,11.7699648200269
"SEG226017",2020,NA,NA,0,1.75121116638184,5.38682079315186,16.636043548584,8.34499549865723,12.1401262283325,1.28631770610809,1.32532787322998,2.14508819580078,1.90506422519684,81.0355606079102,63.2304382324219,68.0890197753906,83.2854537963867,0.0497139282524586,0.00837058201432228,0.013073050417006,0.00540404953062534,2.92857960104698e-10,0.327000498771667,0.267157047986984,0.106312587857246,10.7291212929635
"NO051",2022,NA,NA,0,-2.13181853294373,2.12502026557922,11.2548055648804,5.65702629089355,16.9597148895264,9.98183250427246,3.31120896339417,5.70043849945068,6.87684154510498,84.205207824707,72.80712890625,81.0801315307617,82.02685546875,0.0194815937429667,0.000303628068650141,0.00151770247612149,0.000765792734455317,0.344139248132706,2.01395541807869e-05,0.489313304424286,0.00017150146595668,11.1438153767903
"NO051",2010,NA,NA,0,-7.63026285171509,1.7587628364563,11.5253505706787,1.87204611301422,19.7046947479248,1.55822694301605,4.36977624893188,5.18811798095703,5.92879104614258,76.1386413574219,76.3825149536133,76.2790679931641,79.2794418334961,0.0199991073459387,0.00033217974123545,0.00103154289536178,0.000888374226633459,0.350368112325668,2.01525017473614e-05,0.482904851436615,0.000168561848113313,11.0325857898679
"NO051",2024,NA,NA,0,-4.10423231124878,4.32072162628174,11.1428909301758,5.22008323669434,16.5911064147949,8.59291553497314,4.26228475570679,7.37493562698364,7.19398593902588,82.8964004516602,74.8884887695312,81.0344619750977,86.7330551147461,0.0194627251476049,0.000302998290862888,0.00163203093688935,0.000756360474042594,0.342966109514236,2.01395541807869e-05,0.490401089191437,0.000171444655279629,11.1582475212343
"NO034",2019,NA,NA,0,-3.30185794830322,2.84628391265869,12.8755617141724,2.87849926948547,19.0272235870361,2.86947560310364,3.07953453063965,4.2118649482727,4.46212387084961,83.4591827392578,69.6114501953125,76.1630172729492,84.0253219604492,0.0178041569888592,0.00263521308079362,0.00266323680989444,0.000168773956829682,0.259684205055237,0,0.690308928489685,0,11.2356988556718
"NO012",2022,NA,NA,0,-1.71976113319397,5.69347190856934,16.2406635284424,7.41704273223877,21.2639865875244,1.66653037071228,0.935492217540741,2.47262692451477,3.20692896842957,81.2920455932617,61.4087600708008,69.6275787353516,85.663703918457,0.0995750427246094,0.0432492010295391,0.0427325218915939,0.00068057666067034,0.0600480400025845,0,0.680446445941925,0,13.0946793104978
"SE121",2023,NA,NA,0,-1.49224889278412,4.8009238243103,16.3858680725098,6.7100076675415,20.2657928466797,1.58556282520294,1.37233102321625,3.32481169700623,2.35438227653503,85.0317916870117,65.8869781494141,72.4755706787109,84.4268646240234,0.187816992402077,0.029020631685853,0.0134168928489089,0.0101738702505827,6.6354970129634e-11,0.369407087564468,0.0736263915896416,0.231645122170448,12.517675691472
"NO043",2019,NA,NA,0,0.416984468698502,4.43741464614868,12.9748468399048,5.32802104949951,14.5398254394531,4.60249423980713,4.26126670837402,6.2766375541687,5.30194568634033,84.8793029785156,74.4667205810547,80.8638687133789,82.8678894042969,0.0604297518730164,0.011140376329422,0.011837518773973,0.000694482063408941,0.261232376098633,0.0015280096558854,0.493259936571121,0.0130303762853146,12.0853135353633
"NO043",2023,NA,NA,0,-0.633226156234741,2.78678894042969,12.8393974304199,5.68094873428345,13.791467666626,7.5709867477417,3.27032208442688,6.24289703369141,6.74474287033081,86.5089111328125,75.5138702392578,80.9459686279297,82.2279052734375,0.0603790357708931,0.0111154289916158,0.012436437420547,0.000434525194577873,0.258893489837646,0.0015272208256647,0.495363503694534,0.0130031295120716,12.1367621733903
"SE311",2023,NA,NA,0,-2.15607070922852,4.3636622428894,15.9737091064453,5.80041122436523,20.6486377716064,2.3032910823822,1.77627789974213,4.29865169525146,2.10479331016541,86.3502655029297,66.7257995605469,74.1312713623047,83.1432342529297,0.0509127266705036,0.0127460695803165,0.00892829895019531,0.00187552196439356,0.0037814739625901,0.0118605475872755,0.743077218532562,0.00987488683313131,12.1469597125674
"SE122",2022,NA,NA,0,-0.56242161989212,5.93099927902222,17.3598728179932,8.60362815856934,19.6980819702148,1.4850378036499,1.13778233528137,2.68937087059021,1.69567012786865,82.2310562133789,66.015266418457,72.6188735961914,85.0178451538086,0.176540672779083,0.0312145315110683,0.011671919375658,0.0112040536478162,5.71736885265905e-13,0.316223382949829,0.0330856032669544,0.213659286499023,12.1027021623325
"NO043",2024,NA,NA,0,-1.80216908454895,5.80925130844116,12.0130882263184,6.9711127281189,16.234094619751,8.31286334991455,4.5053129196167,6.55733108520508,5.87895774841309,84.2973098754883,75.763671875,83.1579666137695,87.1838684082031,0.0602888390421867,0.0110737001523376,0.0125915575772524,0.000403442536480725,0.258266568183899,0.0015272208256647,0.496000498533249,0.013000974431634,12.1412477500581
"EE008",2024,NA,NA,0,-4.03787803649902,7.68566560745239,17.8884811401367,8.99539661407471,24.993070602417,1.66332399845123,1.16134631633759,3.32103991508484,1.71904861927032,88.168342590332,72.9218292236328,77.2153167724609,85.3495559692383,0.198210805654526,0.0319156236946583,0.00557659799233079,0.00943555496633053,1.98247973592913e-10,0.150480136275291,0.275211215019226,0.249151319265366,12.0457883497306
"UKM64",2022,NA,NA,0,7.06356573104858,8.74342155456543,13.3702182769775,11.7992649078369,7.56233978271484,4.31455087661743,3.42748379707336,2.8957827091217,5.70665740966797,78.5930252075195,79.2818450927734,83.9215393066406,81.3325424194336,0.00549232354387641,0.0775895714759827,0.0001299157156609,0.211329340934753,1.0823717477848e-09,2.72186405358976e-11,0.164276510477066,0.0418445579707623,7.54656363224418
"UKM61",2019,NA,NA,0,4.70286750793457,7.27246809005737,13.2053871154785,7.89319753646851,11.4548616409302,3.56555318832397,3.40127801895142,4.56983709335327,3.56300497055054,85.5225524902344,79.1823348999023,83.6061401367188,85.861213684082,0.0244043432176113,0.0607320852577686,0.000916493649128824,0.40734139084816,1.11403575253632e-09,0,0.372173607349396,0,10.5126338767564
"NO042",2018,NA,NA,0,-1.34318959712982,4.53647899627686,15.0223426818848,6.96030282974243,17.0725841522217,5.82112455368042,1.930628657341,3.49811601638794,6.57147216796875,86.5777969360352,72.8194885253906,72.4670333862305,84.8680267333984,0.0209540650248528,0.000504770665429533,0.00551509065553546,2.43281920120353e-06,0.239945247769356,0,0.624839603900909,0,11.2839738686318
"UKM63",2017,NA,NA,0,5.45111656188965,7.95700025558472,12.5775566101074,9.01741123199463,8.0707426071167,5.34083557128906,3.39556312561035,5.95542907714844,6.51841878890991,87.3134841918945,81.0082550048828,85.7338256835938,86.8151245117188,0.0468746051192284,0.0616914182901382,0.00100314896553755,0.350280910730362,8.8611284976281e-10,2.02511293324881e-12,0.351504445075989,0.00710459100082517,10.6590981962952
"UKM63",2023,NA,NA,0,4.53025913238525,7.49899005889893,14.0772523880005,9.29514980316162,8.54006958007812,5.47869491577148,3.14828538894653,4.73951864242554,6.08906364440918,87.0128326416016,80.1115493774414,82.7785263061523,86.2785415649414,0.0480222925543785,0.0598737969994545,0.00105006096418947,0.335683524608612,8.8611284976281e-10,2.02511293324881e-12,0.366335064172745,0.00749441841617227,10.6538517172694
"SE231",2023,NA,NA,0,1.24757242202759,6.74882507324219,15.8592586517334,8.78887557983398,14.3895397186279,2.98816084861755,1.85690915584564,5.41315603256226,2.9342052936554,89.9087219238281,68.9371185302734,78.2997817993164,86.9578323364258,0.127624198794365,0.00987877417355776,0.0104905962944031,0.000964106700848788,1.84900816879718e-10,0,0.697404980659485,0,11.836022942643
"UKM63",2023,NA,NA,0,4.53025913238525,7.49899005889893,14.0772523880005,9.29514980316162,8.54006958007812,5.47869491577148,3.14828538894653,4.73951864242554,6.08906364440918,87.0128326416016,80.1115493774414,82.7785263061523,86.2785415649414,0.0480222925543785,0.0598737969994545,0.00105006096418947,0.335683524608612,8.8611284976281e-10,2.02511293324881e-12,0.366335064172745,0.00749441841617227,10.6538517172694
"UKM77",2023,NA,NA,0,3.26532292366028,6.89552402496338,13.7514991760254,8.37648677825928,9.37832546234131,3.36732816696167,2.57086086273193,3.6483371257782,4.90268850326538,88.2751159667969,80.1720275878906,80.6755981445312,88.3376998901367,0.123131267726421,0.193116515874863,0.0128866899758577,0.278029143810272,9.09881892052766e-10,0,0.35610756278038,0,12.443946853514
"SE224",2023,NA,NA,0,1.72225451469421,6.69326877593994,16.137149810791,9.34099769592285,14.3089914321899,2.43402981758118,1.32943117618561,3.6802499294281,2.53136086463928,89.9486999511719,71.5010147094727,78.1213531494141,87.7546157836914,0.303701400756836,0.0168000776320696,0.0225060153752565,0.000721088203135878,1.42909836742255e-10,0.0590626671910286,0.501306176185608,0.0618564523756504,13.0300922375366
"LV009",2021,NA,NA,0,-3.0442156791687,6.08179521560669,19.0542011260986,7.48825979232788,19.4567794799805,1.31922221183777,2.44932532310486,2.88406109809875,1.9219274520874,85.3880767822266,72.3905258178711,73.2015228271484,83.3548736572266,0.280723989009857,0.0997985452413559,0.00735825579613447,0.0076695759780705,6.01754410189947e-12,0.197680562734604,0.236394673585892,0.162674337625504,12.5369005228622
"LV005",2024,NA,NA,0,-2.88313484191895,8.73147773742676,18.5423965454102,8.94248676300049,24.8241443634033,2.29369521141052,1.39550530910492,2.79166221618652,1.41283214092255,88.9114990234375,71.3376083374023,75.9719314575195,84.2837600708008,0.249212369322777,0.0754060447216034,0.00445374427363276,0.00890854839235544,6.95291567376355e-12,0.366220444440842,0.0504311248660088,0.219762727618217,11.7114889489231
"UKM95",2023,NA,NA,0,4.31668710708618,7.97040033340454,14.6791639328003,9.53934001922607,8.73599243164062,3.10179138183594,2.62213492393494,3.32827019691467,3.9339439868927,87.5159301757812,80.0309906005859,79.9131317138672,87.5521926879883,0.159654051065445,0.481859862804413,0.0850317925214767,0.0429880581796169,8.67801774884214e-10,0,0.228710994124413,0,12.8321304710068
"UKM94",2022,NA,NA,0,6.35468578338623,8.6644229888916,14.2537107467651,11.5456714630127,9.97000980377197,5.19395732879639,2.80760884284973,2.96875929832458,5.81945180892944,84.6503372192383,80.0762939453125,82.4368438720703,84.3872146606445,0.0748086199164391,0.285431325435638,0.0199314597994089,0.0567931309342384,3.83871372189315e-11,0,0.313279181718826,0,10.9310391943918
"DK02",2023,NA,NA,0,3.43530464172363,7.52435159683228,17.1776599884033,11.577808380127,13.3998517990112,2.15380620956421,1.29283142089844,2.76060795783997,2.77948069572449,86.3235244750977,75.2893447875977,76.4963607788086,82.4966888427734,0.343976825475693,0.0298705510795116,0.0465756393969059,0.000484643736854196,0,0.0300053432583809,0,0.121172040700912,12.4960199239022
"IEG11597",2010,NA,NA,0,3.44662737846375,8.3991003036499,14.194787979126,10.0696468353271,10.7596445083618,2.44710898399353,2.10323524475098,2.86122441291809,4.14892339706421,87.2119598388672,78.2614440917969,82.0574493408203,85.2027587890625,0.0557620003819466,0.298478305339813,0.00420368043705821,0.0139742661267519,1.88547840535014e-11,0,0.424216777086258,0,10.9633968429718
"UKE4",2023,NA,NA,0,4.64865875244141,8.42039966583252,15.32932472229,10.8837366104126,8.85720920562744,1.96727788448334,2.6647789478302,3.42512989044189,3.68563556671143,86.4748840332031,80.2025604248047,78.3589248657227,87.3435592651367,0.257339715957642,0.376510739326477,0.228419467806816,7.1116352806655e-09,0,0,0.109194964170456,0.0277175586670637,13.8840740539494
"PL427",2018,NA,NA,0,0.656636297702789,9.4919900894165,19.1622200012207,10.063907623291,22.3831539154053,1.82498967647552,1.32474744319916,2.04238295555115,0.991378784179688,85.4547653198242,69.8848114013672,68.8654708862305,78.6644515991211,0.287625432014465,0.0678937435150146,0.00768869975581765,0.00124141818378121,0,2.17274886971097e-09,0,0.623078107833862,12.6279797566971
"PL411",2018,NA,NA,0,0.44865021109581,9.85706615447998,19.63596534729,10.1985960006714,23.0402908325195,1.63515555858612,1.34851884841919,2.00119590759277,1.03318810462952,85.0452575683594,68.4215545654297,66.4031600952148,77.3746109008789,0.333677887916565,0.089568555355072,0.00742903258651495,0.000203773204702884,0,1.20713328222166e-09,0,0.56423830986023,12.332185199783
"IEG11584",2024,NA,NA,0,6.94041919708252,9.86832904815674,14.0147466659546,11.1424121856689,9.91792964935303,4.07870531082153,3.45260143280029,2.55041980743408,2.92363858222961,87.2711181640625,82.1447372436523,80.9593811035156,86.1656341552734,0.0391135439276695,0.58372950553894,0.0155914351344109,0.000317375990562141,5.07603070687423e-10,0,0.27486065030098,0,11.456874984939
"UKH1",2021,NA,NA,0,4.72158861160278,7.85545539855957,16.6846694946289,12.2737922668457,13.0061569213867,2.90538787841797,1.76216089725494,2.85195398330688,2.11011052131653,87.3636322021484,75.8845443725586,79.4072570800781,83.6126708984375,0.520561039447784,0.25798973441124,0.0281909145414829,2.23660899791867e-05,0,3.98140929946944e-11,0,0.142317578196526,13.9113560490094
"UKL1",2019,NA,NA,0,6.67224645614624,8.99331665039062,15.2082443237305,10.3053684234619,11.2190647125244,3.18555808067322,3.10149645805359,3.74777436256409,5.10145425796509,85.986457824707,79.3717575073242,82.0272369384766,86.1615600585938,0.112581573426723,0.434774786233902,0.0296819377690554,0.0403958521783352,2.37018932258692e-10,1.32678554761226e-14,0.187754243612289,0.000108539934444707,13.5377925951486
"UKL2",2023,NA,NA,0,4.73455953598022,8.77824592590332,15.3216075897217,11.3502187728882,7.88776397705078,2.34182739257812,3.16908931732178,3.37654638290405,3.96148800849915,87.7269058227539,81.0709228515625,80.6141204833984,87.7736358642578,0.164569795131683,0.511746644973755,0.035537127405405,0.041706558316946,2.36856593366364e-11,2.84573579978353e-12,0.185675710439682,0.0240084119141102,13.3615753375896
"DEA1",2023,NA,NA,0,4.73171377182007,9.88523769378662,18.9610919952393,12.9851703643799,12.2313766479492,2.62272620201111,3.14794278144836,3.54465889930725,3.64467597007751,84.8736419677734,74.6227722167969,69.839729309082,82.4454116821289,0.301145941019058,0.130690217018127,0.322081536054611,9.20173437446437e-10,0,0,0,0.246082365512848,14.731971075424
"BE22",2024,NA,NA,0,5.96366691589355,11.662838935852,18.1852493286133,11.590503692627,16.6342830657959,3.39215898513794,3.68291759490967,2.65417551994324,2.65559959411621,84.5342788696289,78.0247039794922,74.5751266479492,85.5778579711914,0.291930586099625,0.210270494222641,0.165269643068314,2.88795742875436e-09,0,0,0,0.332529217004776,13.1920664299863
"DED4",2019,NA,NA,0,1.48849213123322,8.31614589691162,19.1812381744385,9.52057361602783,19.3672294616699,3.21883296966553,2.20378589630127,1.84061050415039,2.07105135917664,81.7102890014648,71.1030883789062,64.9767150878906,81.6827163696289,0.352292209863663,0.128172382712364,0.0879477709531784,5.37921805516817e-05,0,0.000532903766725212,0,0.430905938148499,13.4889534659336
"DE23",2023,NA,NA,0,1.63022828102112,8.45222663879395,18.7985172271729,10.8363676071167,17.0647792816162,2.05782318115234,2.60986661911011,2.95520305633545,2.40487051010132,84.2208633422852,72.4823303222656,66.7404632568359,80.7951354980469,0.273836225271225,0.0994753763079643,0.0371599160134792,0.00020031510211993,0,2.57783949741963e-09,0.00750279985368252,0.581825375556946,13.3768385275592
"CZ03",2020,NA,NA,0,2.08592939376831,8.3192195892334,17.5332050323486,8.87305641174316,17.2468585968018,1.84705317020416,1.89299583435059,3.74548172950745,2.0019006729126,82.1499404907227,64.4161987304688,72.5461502075195,83.3792343139648,0.274698108434677,0.121847450733185,0.01433642860502,0.00118006498087198,0,0.0280631929636002,0.0535958372056484,0.504920780658722,13.3861724629995
"FRH01",2022,NA,NA,0,7.56017827987671,11.1785926818848,18.3480567932129,13.7856397628784,13.1429891586304,1.83848488330841,1.63960361480713,1.67439711093903,3.14614510536194,87.2250061035156,77.1185531616211,73.7891616821289,84.8022384643555,0.349603682756424,0.258132964372635,0.0148915629833937,5.21805976205769e-09,3.3020730594302e-10,0,0.298914909362793,0.00469133630394936,12.1491988419202
"RO212",2018,NA,NA,0,-0.159585550427437,11.571436882019,21.3691082000732,10.5684232711792,24.6933555603027,1.26751255989075,1.29865324497223,3.13448309898376,1.21936750411987,83.1168975830078,64.8439559936523,71.0496673583984,74.4152297973633,0.578902363777161,0.154940396547318,0.00773913227021694,0.00158978858962655,0,0.0813934728503227,0,0.174837976694107,12.1780041026129
"CH02",2024,NA,NA,0,2.00659489631653,7.50060892105103,17.0176677703857,8.12520217895508,18.2444343566895,4.17992830276489,5.49737167358398,4.91149997711182,4.7465353012085,81.742073059082,78.2867965698242,77.5485534667969,84.8779220581055,0.152148321270943,0.238860860466957,0.0427674539387226,0.0194092951714993,1.03606893897545e-10,2.75293785989561e-07,0.507719159126282,2.41021325564361e-06,13.7711209440304
"AT22",2024,NA,NA,0,0.65368241071701,8.90770721435547,18.4224491119385,8.0875129699707,21.727352142334,2.68824172019958,3.96742796897888,3.92637634277344,4.34369564056396,79.4195327758789,74.3665542602539,76.6287078857422,82.3787002563477,0.101236313581467,0.0775560662150383,0.0179669894278049,0.0184063371270895,7.7081820093472e-11,0.0458048917353153,0.718702375888824,0.0193825419992208,13.358426609063
"RO213",2024,NA,NA,0,2.65872120857239,12.3207015991211,23.8742828369141,11.0027370452881,25.2403888702393,0.972167253494263,1.50676500797272,1.72724223136902,2.50414061546326,77.9168243408203,64.0329971313477,59.2818641662598,75.2987442016602,0.528340280056,0.14709760248661,0.0102082537487149,0.000381232763174921,0,0.116168729960918,0,0.197688952088356,12.4805227161445
"ITH44",2020,NA,NA,0,6.18744325637817,12.0516090393066,21.3452491760254,13.3485345840454,17.160400390625,2.91347575187683,2.89415264129639,4.55257129669189,4.38522672653198,76.5929260253906,64.7565231323242,74.5744247436523,76.8952255249023,0.111796140670776,0.135295584797859,0.0489213280379772,1.04913611131963e-09,0,0,0.483885526657104,0,10.0308818042095
"RO424",2024,NA,NA,0,4.98568153381348,14.0685539245605,24.7938938140869,11.918478012085,23.6730213165283,1.60579645633698,1.81578814983368,1.63311219215393,1.80370736122131,79.7809982299805,66.4701232910156,59.2313575744629,72.9428176879883,0.514155149459839,0.172578349709511,0.00896404590457678,0.00154136342462152,0,0.120888233184814,0.000842970155645162,0.181029886007309,12.696559200641
"HR036",2023,NA,NA,0,7.2003436088562,12.7458066940308,23.4653625488281,17.0885677337646,15.4998683929443,4.67555809020996,2.86758303642273,3.86053371429443,6.65944290161133,77.9590911865234,71.5637817382812,70.5226058959961,75.2921981811523,0.131674617528915,0.0963677316904068,0.0122327571734786,0.00175390427466482,2.25095364569938e-09,0,0.537783563137054,0,11.1165422336761
"HR031",2015,NA,NA,0,3.37345218658447,10.7684812545776,21.528657913208,11.8422527313232,19.6404781341553,3.42476511001587,2.92564964294434,2.56920766830444,5.07656717300415,81.0811386108398,70.9445114135742,69.5495681762695,79.8775405883789,0.0238415710628033,0.0458412989974022,0.00558448350057006,0.00332280062139034,1.98060179368298e-10,0,0.76647412776947,0,11.0748331477699
"RO424",2019,NA,NA,0,1.56056618690491,12.3772373199463,22.6563739776611,14.3295812606812,22.2729415893555,2.03358554840088,2.57723116874695,2.11623239517212,1.29646039009094,82.8752517700195,65.7922058105469,68.9914932250977,70.9476776123047,0.516756474971771,0.196963280439377,0.0084539745002985,0.00165249034762383,0,0.120890699326992,0.000811923644505441,0.154471069574356,12.7100853955356
"RO412",2023,NA,NA,0,1.77688825130463,8.95359706878662,19.8684387207031,11.5922317504883,19.0756416320801,3.21261382102966,2.94318461418152,3.316321849823,2.09170722961426,83.7310791015625,73.0695037841797,73.4206314086914,76.0442810058594,0.218618482351303,0.103253088891506,0.00604510633274913,0.0209128744900227,1.55827910930384e-06,0.151375576853752,0.474989205598831,0.0246291309595108,11.8795489297357
"RO222",2019,NA,NA,0,0.158604726195335,11.2905521392822,22.0259189605713,12.8824005126953,22.8897724151611,1.44886136054993,2.05579519271851,2.45816898345947,1.154012799263,81.0263824462891,66.7838439941406,66.1914215087891,74.7913055419922,0.451924443244934,0.190717533230782,0.00877228286117315,0.00667909299954772,0,0.145622745156288,0.0856313705444336,0.109138481318951,12.2908883912283
"RSG125373",2021,NA,NA,0,4.6257963180542,11.045557975769,23.8573322296143,12.5567693710327,19.6601791381836,1.98768949508667,1.89621877670288,1.79493689537048,1.72073638439178,81.4512481689453,66.7394485473633,60.3191566467285,73.4973373413086,0.467189162969589,0.0753417164087296,0.0897266119718552,8.54656100273132e-05,0,0.0023964939173311,0,0.365244776010513,13.2888546691139
"ES112",2023,NA,NA,0,7.13607835769653,12.1111507415771,18.4688014984131,14.4752044677734,10.9186010360718,5.29649591445923,2.29051876068115,1.98409807682037,7.20916843414307,81.2801284790039,74.9832763671875,75.4205169677734,81.7785415649414,0.21664035320282,0.086285263299942,0.00614173803478479,0.0032481774687767,0.000291832198854536,0,0.687232136726379,0,11.5785027286545
"ES213",2023,NA,NA,0,8.9373950958252,12.9480409622192,19.6479816436768,16.9319458007812,9.48586845397949,3.72662568092346,2.36166834831238,2.47838449478149,5.09977102279663,75.9357223510742,77.2301483154297,80.1854248046875,77.4306869506836,0.0947758108377457,0.0653526932001114,0.0553154982626438,0.00963021721690893,0.000206128883291967,0.104794107377529,0.469140857458115,0.0183313433080912,12.5927081465544
"ES212",2024,NA,NA,0,9.59239864349365,12.2687206268311,19.1167964935303,15.0378303527832,11.43044090271,4.43238019943237,3.73768305778503,2.35652899742126,5.34422445297241,79.5899658203125,75.8968200683594,79.9747314453125,81.5943222045898,0.107849627733231,0.0671416744589806,0.0237993001937866,0.00196866085752845,0.000233960599871352,0,0.516502261161804,0,11.7522283112669
"BG331",2018,NA,NA,0,3.96605110168457,12.4138069152832,22.5636692047119,13.5503101348877,20.6706161499023,2.65437698364258,1.84187257289886,2.39789962768555,1.55526340007782,84.400764465332,77.5430145263672,74.9033966064453,77.275520324707,0.37906688451767,0.144706159830093,0.013151410035789,0.000315885205054656,0,6.94438858772628e-05,0,0.369021236896515,12.1149658768148
"ES414",2021,NA,NA,0,4.78593492507935,9.91400814056396,18.8174724578857,11.2567329406738,17.4403457641602,2.61066508293152,1.36716735363007,1.10973238945007,2.27581548690796,80.0259170532227,65.9388885498047,57.9651756286621,72.9271545410156,0.487798571586609,0.182600051164627,0.00507180253043771,0.0678586661815643,7.61101473472081e-05,0.0166931301355362,0.187068328261375,0.0502120777964592,11.4763895196005
"ES220",2017,NA,NA,0,5.85144281387329,12.6968774795532,20.7775459289551,12.8487243652344,17.4147891998291,1.99259197711945,2.26052951812744,2.00426506996155,1.78585004806519,79.9274368286133,68.2949905395508,67.598014831543,74.0003814697266,0.337103456258774,0.149872913956642,0.0129935536533594,0.023849880322814,0.000221668611629866,0.00641829986125231,0.413607865571976,0.0330850929021835,12.8412023301095
"MEG125365",2024,NA,NA,0,5.81684589385986,12.8574113845825,23.7007350921631,13.2630863189697,20.3904933929443,5.64203643798828,4.47314691543579,1.4090404510498,6.7572774887085,77.0898284912109,73.6689376831055,63.9859390258789,75.9154205322266,0.128444939851761,0.0991152971982956,0.0157606024295092,0.0258485376834869,0.0022424419876188,0,0.608509957790375,0,10.9390406419969
"AL015",2014,NA,NA,0,4.89712762832642,10.833532333374,19.813404083252,12.7861042022705,15.8525409698486,4.33582258224487,4.61612749099731,3.45503497123718,6.20753860473633,77.3502731323242,74.6011734008789,72.1361465454102,79.4466018676758,0.142790824174881,0.076646663248539,0.00856154877692461,0.00344402343034744,0.132826775312424,0,0.592114984989166,0,11.5483775925274
"PT111",2017,NA,NA,0,9.13874530792236,13.7781600952148,18.994478225708,14.5288438796997,11.3819417953491,4.52908182144165,3.40126776695251,0.910006284713745,1.8977130651474,81.195556640625,75.3977813720703,75.8391723632812,76.3227615356445,0.091138206422329,0.133380621671677,0.0220892820507288,9.55851287010034e-10,0.000135995127493516,0,0.59824013710022,0,11.6223518755384
"AL022",2024,NA,NA,0,8.80259704589844,14.8901529312134,25.3607444763184,15.8704509735107,18.6265754699707,2.89597725868225,4.06507873535156,0.861070394515991,4.86214542388916,72.4510040283203,72.8593063354492,65.8778457641602,73.1928863525391,0.323450952768326,0.121475338935852,0.0314943976700306,2.13673345683674e-09,0.0990956500172615,0,0.41937181353569,0,12.6869377776382
"EL514",2022,NA,NA,0,3.39317440986633,10.078293800354,21.6684608459473,13.3573141098022,16.3168048858643,3.30875778198242,2.17492604255676,3.13996267318726,1.46201813220978,73.4144973754883,68.1920394897461,66.5953750610352,72.9627838134766,0.242666453123093,0.081748329102993,0.00321817537769675,0.0162522476166487,0,0.203729003667831,0,0.45147168636322,10.9899813301661
"PT16G",2024,NA,NA,0,9.0105447769165,12.917721748352,20.5555438995361,15.3597593307495,12.9129037857056,4.77407264709473,3.96509408950806,0.989165425300598,3.67608952522278,85.3739013671875,75.4276962280273,69.6517944335938,79.2020874023438,0.101615510880947,0.194536700844765,0.0204311478883028,7.31005929992534e-05,1.18020759723274e-13,0.0199725404381752,0.657442390918732,0.00592861138284206,11.6682925252425
"ES415",2019,NA,NA,0,6.18173551559448,12.0546255111694,21.2575073242188,13.5341320037842,18.5413093566895,0.7976935505867,1.37827920913696,0.663171052932739,2.26800680160522,76.4748992919922,59.9556884765625,50.4883728027344,71.3719787597656,0.376202166080475,0.218193978071213,0.00463297218084335,0.0530126020312309,0,0.200707942247391,0,0.144698679447174,11.8419785062283
"AL032",2023,NA,NA,0,9.04818725585938,14.1950807571411,25.2061557769775,18.8504009246826,17.7078838348389,3.61521625518799,3.66697859764099,2.17477035522461,4.16678476333618,74.7872772216797,71.1618576049805,65.2790756225586,69.8075866699219,0.49858745932579,0.197027459740639,0.023130975663662,0.00225408654659986,0.0323305875062943,0,0.233066990971565,0,11.5072010649362
"AL021",2017,NA,NA,0,2.82852745056152,11.8716115951538,22.8260116577148,12.5852088928223,23.7646217346191,1.76745116710663,2.82478308677673,0.760287761688232,3.52850365638733,71.4690246582031,69.6396408081055,57.6474685668945,72.6750183105469,0.194368064403534,0.141327455639839,0.0118947299197316,0.0079444432631135,0.119872763752937,0,0.518420517444611,0,12.0435658483117
"ITF45",2023,NA,NA,0,12.4193563461304,15.6823263168335,26.7738380432129,21.4312076568604,16.3111877441406,1.81339848041534,2.59573721885681,0.800607979297638,1.69318521022797,77.1931991577148,73.9813613891602,64.7435073852539,71.9257049560547,0.319897294044495,0.120387427508831,0.0613107681274414,0.000230185629334301,0,0,0,0.284624308347702,12.1504721443521
"AL035",2019,NA,NA,0,7.01819276809692,13.3247089385986,24.0245933532715,17.9630451202393,19.0598468780518,4.38546848297119,3.38810062408447,1.08627820014954,6.04725408554077,71.1093902587891,74.7841186523438,69.7925567626953,76.347541809082,0.236862003803253,0.204101338982582,0.00264347949996591,0.0410219095647335,0.021838242188096,0.000841361004859209,0.321288019418716,0.00335938879288733,10.3020670298384
"AL033",2023,NA,NA,0,6.8082423210144,11.4611167907715,22.6144313812256,16.3054218292236,17.1399936676025,5.32262468338013,4.17190742492676,1.84667384624481,5.51782178878784,76.5247116088867,75.0324478149414,66.8760528564453,73.0549850463867,0.230343714356422,0.196962803602219,0.00269913859665394,0.0250397473573685,0.0455992110073566,0.00916584860533476,0.429728329181671,0.00960444752126932,10.0411433383024
"ITG27",2014,NA,NA,0,10.4184226989746,14.2508172988892,23.9478702545166,19.6750316619873,14.6985759735107,1.73798835277557,1.5296688079834,0.244202971458435,0.791563391685486,81.4098129272461,73.4267044067383,59.0958633422852,71.5416641235352,0.171064719557762,0.0690292790532112,0.0247357189655304,0.0439942441880703,0,4.85170816011665e-15,0,0.532003879547119,12.0052511400857
"EL612",2019,NA,NA,0,5.66161680221558,13.9593915939331,25.269681930542,17.9768924713135,21.2382965087891,2.80604863166809,1.74509835243225,1.36009168624878,2.43181943893433,73.4092407226562,65.4469757080078,56.4358367919922,71.1238555908203,0.306533068418503,0.0470016561448574,0.00425812229514122,0.172662109136581,0,0.0482065305113792,0,0.328856647014618,11.6984631984855
"ITG27",2018,NA,NA,0,9.82942867279053,14.8037624359131,24.2478179931641,18.2974281311035,16.2401657104492,1.40437960624695,3.6223258972168,1.52760124206543,3.17149662971497,76.5398025512695,76.4444274902344,68.0014572143555,78.9814300537109,0.171837985515594,0.0553595647215843,0.0256389062851667,0.034370731562376,0,4.85170816011665e-15,0,0.55362069606781,11.9925499501609
"PT170",2022,NA,NA,0,12.9021711349487,15.618350982666,21.0684299468994,18.3921432495117,7.7973690032959,0.874311208724976,1.84919083118439,0.154644757509232,1.7050633430481,75.6931915283203,72.8488845825195,71.3238143920898,80.5523223876953,0.17938394844532,0.175277173519135,0.135486513376236,0.000231391386478208,0,0.185607433319092,0.00438080867752433,0.102841198444366,13.5879977095334
"ES431",2022,NA,NA,0,9.89143943786621,15.5430450439453,27.047212600708,18.6400756835938,17.8324222564697,0.818023800849915,1.91664493083954,0.091001458466053,1.13613522052765,71.0685577392578,60.98583984375,38.4289741516113,62.3595581054688,0.39982408285141,0.213099926710129,0.00537362461909652,0.0369729846715927,0,0.190509259700775,0,0.151733458042145,12.4793391629148
"ES422",2015,NA,NA,0,5.98911714553833,15.6082887649536,27.063793182373,16.3382682800293,24.7733478546143,1.2350127696991,1.12675392627716,0.416453778743744,1.1949702501297,74.0138397216797,53.7847938537598,34.882698059082,61.4611892700195,0.391905218362808,0.0233384128659964,0.0040414365939796,0.196961879730225,0,0.188602194190025,0,0.194418087601662,12.3064124142429
"EL631",2023,NA,NA,0,8.29743385314941,12.8495798110962,24.0626735687256,17.7093048095703,16.2431392669678,4.28593635559082,3.87310028076172,1.35521483421326,5.85320043563843,79.2002105712891,77.4337921142578,66.3329086303711,76.0503005981445,0.154348984360695,0.112417593598366,0.00402464438229799,0.0288008954375982,1.33586483888615e-11,0.12807497382164,0.0652160942554474,0.410781413316727,11.15983349184
"ITG17",2024,NA,NA,0,10.6140365600586,15.5103855133057,26.4979362487793,18.7618503570557,17.0174388885498,1.60670232772827,1.20543777942657,0.414035946130753,1.89350974559784,78.7864685058594,68.912483215332,58.0771102905273,75.808708190918,0.409703195095062,0.0616185069084167,0.0105319367721677,0.103505477309227,0,4.31096486768834e-15,0,0.405156850814819,11.3776703554561
"ES618",2018,NA,NA,0,9.85262966156006,15.2187252044678,25.4502239227295,19.0340690612793,18.7728500366211,1.49194288253784,3.7797281742096,0.10285559296608,2.56115484237671,72.3020401000977,70.9292907714844,50.9143295288086,69.5648422241211,0.428052425384521,0.235001504421234,0.019950969144702,0.00437506521120667,0,0.157772347331047,0,0.147514030337334,13.5277802343484
"ITG17",2023,NA,NA,0,10.0576934814453,13.6876668930054,25.0134105682373,19.8957004547119,16.7214431762695,2.46243596076965,2.2782154083252,0.906716525554657,1.11603093147278,81.8602600097656,76.2002487182617,61.2332649230957,71.1370239257812,0.407874763011932,0.0648589879274368,0.0103737479075789,0.108466848731041,0,4.31096486768834e-15,0,0.398941665887833,11.387818664179
"ES617",2018,NA,NA,0,9.58083534240723,14.0077075958252,23.3996181488037,17.5575141906738,16.485954284668,1.45437204837799,4.07834434509277,0.0986626893281937,3.30478119850159,75.118293762207,73.8834609985352,59.1873092651367,76.4453125,0.337175905704498,0.172165393829346,0.0186724066734314,0.00381933944299817,0,0.175029471516609,0,0.177790582180023,12.9876755306301
