"nutM_code","year","year_start","year_end","response","temperature_winter","temperature_fall","precipitation_spring","precipitation_fall","relative_humidity_winter","relative_humidity_fall","pastures","urbanAreas","primaryNonForest"
"ES300",NA,2018,2019,1,5.49565887451172,14.8063793182373,2.25901961326599,2.02173161506653,72.9020538330078,65.5598220825195,0.0678505823016167,0.084824912250042,0.132776632905006
"ES511",NA,2018,2023,1,6.77914190292358,15.0516309738159,2.64419770240784,2.85864686965942,76.0034866333008,76.8325729370117,0.0536637790501118,0.0647393316030502,0.0898571386933327
"ES620",2018,NA,NA,1,9.39843559265137,17.5242195129395,1.10542619228363,2.28404808044434,66.4408798217773,74.2530899047852,0,0.0130543699488044,0.100304499268532
"FR101",NA,2021,2024,1,5.88631343841553,12.9079170227051,2.2415087223053,2.66471195220947,85.8330688476562,82.7450942993164,0.0201632156968117,0.584239900112152,0
"FR103",2024,NA,NA,1,6.68035984039307,12.0455474853516,3.1075131893158,3.10966205596924,86.7337188720703,87.1469345092773,0.0997712910175323,0.17278541624546,5.19619125505244e-10
"FR105",2024,NA,NA,1,6.79436635971069,12.2253150939941,3.1697096824646,3.20875120162964,86.3818893432617,86.899040222168,0.0202324278652668,0.587596118450165,0
"FR106",2024,NA,NA,1,6.7586498260498,12.2490463256836,3.24205088615417,3.18708205223083,86.4730834960938,86.8545379638672,0.047536164522171,0.412457764148712,0
"FR107",NA,2023,2024,1,6.05365324020386,13.2384824752808,2.78441047668457,3.07588815689087,85.6035842895508,83.3146514892578,0.0417632274329662,0.448300451040268,0
"FRI11",2023,NA,NA,1,6.20375061035156,15.8183698654175,2.60496425628662,4.5321741104126,81.7106246948242,75.7765274047852,0.149372264742851,0.011487421579659,2.4858086509344e-12
"FRJ12",NA,2015,2023,1,7.02365303039551,14.7603492736816,2.40605640411377,3.79389762878418,73.5801391601562,71.4378356933594,0.0891113057732582,0.0311399213969707,0
"FRJ13",NA,2014,2024,1,7.54493522644043,14.963231086731,2.57781267166138,3.8411979675293,77.2443618774414,75.8749237060547,0.0823164656758308,0.0267599858343601,9.59500881525521e-11
"FRJ14",2024,NA,NA,1,4.16012144088745,10.4893112182617,5.93870115280151,5.04465579986572,80.116569519043,82.768798828125,0.109669499099255,0.00405579432845116,0
"FRJ15",NA,2022,2024,1,6.37568426132202,14.5962476730347,2.77838492393494,2.21508884429932,70.5835647583008,74.023567199707,0.0499340780079365,0.0177181288599968,0.137894824147224
"FRJ23",2022,NA,NA,1,6.10991191864014,15.5450239181519,2.77657008171082,2.7504825592041,78.4613418579102,72.3818130493164,0.195440635085106,0.0295033417642117,0.0500931777060032
"FRJ26",NA,2022,2024,1,4.08515644073486,12.2905712127686,4.02361536026001,4.06741952896118,76.8634796142578,77.8733673095703,0.123817518353462,0.0134362485259771,0.14329007267952
"FRJ28",2022,NA,NA,1,6.52983856201172,16.5965747833252,2.111971616745,2.44002175331116,82.8007965087891,73.0000534057617,0.205050110816956,0.0321351699531078,0
"FRK21",2023,NA,NA,1,4.66959381103516,13.9719552993774,3.97415065765381,5.43906259536743,80.2929916381836,74.9662704467773,0.165248185396194,0.0370873622596264,1.89910676300376e-16
"FRK23",NA,2023,2024,1,4.85844421386719,12.9987678527832,3.77675008773804,3.8937554359436,78.3903884887695,76.1687088012695,0.103962227702141,0.0162618048489094,0
"FRK24",2023,NA,NA,1,2.19571232795715,11.8285503387451,4.03340339660645,5.12608337402344,77.3712005615234,75.7219390869141,0.113890551030636,0.0396101251244545,0
"FRK26",NA,2019,2023,1,4.92155408859253,13.0505056381226,2.34502792358398,3.25429224967957,81.5723724365234,76.8338317871094,0.209010928869247,0.11165289580822,2.73069128513802e-16
"FRL01",2023,NA,NA,1,2.18773365020752,11.6608057022095,2.82584071159363,3.71647310256958,69.989875793457,71.0256729125977,0.05002636089921,0.0066984505392611,0
"FRL03",NA,2010,2024,1,3.25861358642578,11.6428318023682,3.34435105323792,3.87603616714478,70.4660263061523,75.7019119262695,0.0293697845190763,0.0404334403574467,2.0105531822745e-12
"FRL04",NA,2013,2023,1,8.37583446502686,16.4221343994141,1.81087327003479,2.7651515007019,73.4090576171875,71.2035522460938,0.0856758132576942,0.0637468621134758,8.24838947144357e-11
"FRL05",NA,2010,2024,1,7.25008726119995,15.3472414016724,2.27760243415833,3.17545437812805,72.3829574584961,72.4832305908203,0.0361515432596207,0.0285622123628855,7.5373224328601e-10
"FRL06",2024,NA,NA,1,6.96055030822754,14.1757392883301,4.1517219543457,3.87790417671204,76.2371139526367,76.6646575927734,0.117670223116875,0.0356548726558685,0
"FRM01",2022,NA,NA,1,9.63751602172852,18.3851470947266,1.96170699596405,3.05751466751099,74.4746398925781,73.4248352050781,0.0192881096154451,0.00466243550181389,2.22029106211608e-09
"HR033",2024,NA,NA,1,8.09428215026855,15.0192537307739,4.00943851470947,4.89656782150269,77.2946472167969,75.7457580566406,0.0626592487096786,0.00349151366390288,0.00163768988568336
"HR037",2010,NA,NA,1,8.06940460205078,16.0477886199951,4.65736436843872,7.78431987762451,75.0614013671875,74.676025390625,0.13953523337841,0.00195458577945828,0.034299973398447
"ITC33",2023,NA,NA,1,8.20810699462891,16.9532203674316,2.24326968193054,4.68889904022217,77.6405258178711,75.0633926391602,0.0314780808985233,0.0500907972455025,3.38802375043912e-10
"ITC42",2024,NA,NA,1,3.55641222000122,10.8713111877441,7.09098672866821,5.67850017547607,76.5630569458008,79.4071578979492,0.0420612655580044,0.206431433558464,0
"ITC43",2024,NA,NA,1,3.95196342468262,11.3151836395264,7.00955486297607,5.72823429107666,76.7579116821289,79.4704208374023,0.0364063456654549,0.255179971456528,0
"ITC44",2024,NA,NA,1,-2.57187867164612,5.14958143234253,5.98629140853882,4.69029426574707,73.2115707397461,78.5640640258789,0.0709931552410126,0.00852917786687613,0
"ITC46",2023,NA,NA,1,2.83832383155823,12.1086149215698,4.03329563140869,5.41782808303833,75.0376663208008,77.2997741699219,0.0631231293082237,0.100907027721405,0
"ITC47",2023,NA,NA,1,2.82197880744934,12.1333904266357,3.68117713928223,4.46820449829102,75.9935684204102,77.5675506591797,0.0628780946135521,0.0521054938435555,0
"ITC49",2023,NA,NA,1,6.25261449813843,16.0208492279053,2.65827250480652,3.52460074424744,81.7810211181641,75.3898239135742,0.0919737964868546,0.0833575055003166,0
"ITC4B",2022,NA,NA,1,4.98034048080444,16.1286029815674,1.50542891025543,2.54254341125488,80.4667434692383,77.1743698120117,0.0981299206614494,0.0653705075383186,3.85388847223494e-16
"ITC4C",NA,2022,2024,1,5.45769834518433,14.7194356918335,3.76139307022095,4.38669157028198,77.880256652832,77.3194580078125,0.0539664663374424,0.159863904118538,0
"ITF31",2017,NA,NA,1,7.18717288970947,15.0710525512695,1.74022793769836,4.08072233200073,75.6202774047852,75.2600402832031,0.0876586884260178,0.0483913272619247,8.83675563279063e-11
"ITF35",2024,NA,NA,1,9.84129428863525,16.6457767486572,2.89936709403992,3.33816838264465,79.5890197753906,76.8888092041016,0.0628804340958595,0.0350076779723167,2.84761880742224e-10
"ITF48",2023,NA,NA,1,9.88593482971191,19.8794555664062,3.02015018463135,1.45643377304077,77.5142440795898,67.9729309082031,0.12374672293663,0.0507704950869083,2.40401691609105e-11
"ITF63",2017,NA,NA,1,9.05554485321045,16.7246704101562,1.38307213783264,2.81839036941528,75.7588729858398,74.1139526367188,0.0852913856506348,0.0247394219040871,7.74026259753313e-11
"ITF65",NA,2017,2024,1,11.4465951919556,19.5136528015137,2.00082945823669,3.14206409454346,76.2675399780273,76.7229461669922,0.0389667078852654,0.0348394550383091,3.44747647096355e-10
"ITH10",2017,NA,NA,1,-5.07707023620605,3.14492034912109,3.32319593429565,3.73157978057861,64.0541687011719,74.7433776855469,0.0972045361995697,0.0125470692291856,0
"ITH32",2020,NA,NA,1,4.70448970794678,12.4884262084961,3.13613057136536,3.77446532249451,74.9328460693359,78.0933151245117,0.0771707147359848,0.0642405077815056,0
"ITH34",NA,2020,2024,1,4.99612951278687,13.994236946106,3.7978343963623,4.10351610183716,78.9271392822266,77.718864440918,0.060800313949585,0.0885110273957253,0
"ITH35",2024,NA,NA,1,6.75613403320312,15.2168254852295,5.61198472976685,5.79187679290771,82.7364349365234,77.6088638305664,0.0530873723328114,0.05509377643466,0
"ITH36",2023,NA,NA,1,6.1968560218811,16.162036895752,3.07433772087097,3.02489924430847,80.6118011474609,75.1426544189453,0.0768638253211975,0.0804055407643318,0
"ITH54",NA,2017,2023,1,4.68239974975586,14.2940320968628,3.16661286354065,3.47987627983093,79.5179901123047,78.7074813842773,0.0942387282848358,0.0462903492152691,9.2482350021807e-16
"ITH57",2007,NA,NA,1,7.7286171913147,13.6915254592896,2.23118543624878,2.32167220115662,81.6174011230469,71.8825225830078,0.104630887508392,0.0329006761312485,3.21029106076232e-11
"ITH57",2017,NA,NA,1,5.18328189849854,14.3819341659546,1.33169448375702,3.72409462928772,77.984130859375,75.6007080078125,0.0973807573318481,0.0372259095311165,3.21029106076232e-11
"ITI14",2023,NA,NA,1,6.65613746643066,16.288553237915,3.42462873458862,3.88110041618347,83.5110473632812,73.8985137939453,0.0610033720731735,0.0770649462938309,1.65033817774857e-12
"ITI16",2023,NA,NA,1,10.7213125228882,19.4680557250977,2.17649173736572,3.09527897834778,77.7100296020508,74.1330413818359,0.0342862457036972,0.0212050322443247,1.46910261733524e-11
"ITI18",2023,NA,NA,1,6.22489070892334,15.8042402267456,3.49422073364258,3.40928173065186,83.6497955322266,74.7079238891602,0.0633325800299644,0.0190101936459541,6.45249749898352e-13
"ITI19",NA,2017,2024,1,6.83731889724731,15.5171566009521,2.56605553627014,3.5128743648529,78.7544937133789,76.8382110595703,0.0917226374149323,0.0194863267242908,2.35772318335492e-10
"ITI32",NA,2017,2024,1,7.57996940612793,16.2646389007568,2.2770938873291,2.70441699028015,76.5644073486328,75.5017547607422,0.079507127404213,0.0296367984265089,8.81235882876918e-12
"ITI33",2024,NA,NA,1,8.10555362701416,15.0142984390259,2.65095782279968,3.48433542251587,76.0434875488281,77.3077545166016,0.076589547097683,0.0190266370773315,5.47078604219759e-18
"ITI43",NA,2017,2024,1,8.56034851074219,16.9417133331299,2.64444971084595,4.14162302017212,76.2333450317383,76.3199234008789,0.071224756538868,0.120416723191738,6.39906183597105e-11
"ITI44",NA,2017,2023,1,9.6792163848877,18.0262966156006,2.47301340103149,4.69450426101685,75.0243911743164,75.8984985351562,0.0577019117772579,0.0651518404483795,1.13331427575858e-10
"PL22B",2023,NA,NA,0,1.66173613071442,11.4914417266846,2.19955730438232,2.60780763626099,84.3472595214844,80.0742416381836,0.0707919970154762,0.076003186404705,7.09648173558008e-11
"IEG11599",2020,NA,NA,0,5.69615936279297,10.1706829071045,1.27826571464539,2.914870262146,87.2875671386719,86.4808197021484,0.826440334320068,0.00919990427792072,0
"PL923",2023,NA,NA,0,1.57211232185364,10.8078241348267,1.56366729736328,1.83628451824188,87.1680679321289,80.4488983154297,0.130656257271767,0.016370203346014,0
"ITC14",2020,NA,NA,0,-0.796374440193176,6.67808294296265,4.28245306015015,5.60293960571289,67.3770980834961,78.2476348876953,0.0527011938393116,0.0218694880604744,0
"PL711",2023,NA,NA,0,1.7020503282547,11.0820140838623,1.74823880195618,1.90761005878448,86.8585510253906,80.5525894165039,0.0985287129878998,0.070767916738987,0
"LV009",2023,NA,NA,0,-1.64992368221283,8.25012302398682,1.17240357398987,2.45787048339844,88.7752914428711,84.8314895629883,0.0952542424201965,0.00740720564499497,0.197079807519913
"PL712",2023,NA,NA,0,1.69094932079315,11.072057723999,1.74617433547974,1.89443683624268,86.8772811889648,80.5530166625977,0.10242672264576,0.0634590238332748,0
"FRF22",2023,NA,NA,0,4.97830295562744,13.9329929351807,2.50469207763672,3.40517830848694,84.5154113769531,79.3434600830078,0.156761944293976,0.0134281693026423,3.52287476967916e-10
"SEG226203",2024,NA,NA,0,-9.54873466491699,3.48557496070862,1.6096898317337,2.72995972633362,83.0587615966797,85.5864028930664,0,0.000256535713560879,0
"HU211",2023,NA,NA,0,3.37751960754395,13.7031402587891,2.30824661254883,2.31386542320251,83.0722885131836,76.2418060302734,0.0836478099226952,0.035097498446703,7.62211243454658e-07
"DE25",2022,NA,NA,0,2.69581079483032,10.548677444458,2.04442691802979,3.45382213592529,85.3423156738281,84.6669158935547,0.113704994320869,0.067239835858345,2.61433565768021e-11
"UKM92",2024,NA,NA,0,5.60176420211792,9.9895076751709,4.25314378738403,2.6150631904602,87.368537902832,85.2643432617188,0.339145541191101,0.00389560963958502,2.0069885423718e-12
"BG331",2024,NA,NA,0,5.81140422821045,13.1490812301636,1.7949138879776,1.52733647823334,78.1188354492188,76.0067367553711,0.145379766821861,0.0132367797195911,5.62471432203893e-05
"DEA2",2023,NA,NA,0,3.86427068710327,12.3504705429077,3.23021745681763,3.67873668670654,85.0475845336914,81.961181640625,0.0967108532786369,0.220995530486107,0
"EL622",2017,NA,NA,0,11.0889596939087,18.9079475402832,1.42091190814972,5.55059385299683,65.8059844970703,72.0042724609375,0.053275965154171,0.00283517967909575,0.0223563462495804
"RSG125396",2024,NA,NA,0,5.53608465194702,12.3831996917725,1.89976263046265,2.13390231132507,78.0685272216797,75.5271835327148,0.0647230297327042,0.0256637297570705,0.0486472025513649
"PL424",2024,NA,NA,0,3.38681149482727,10.8908557891846,1.94346570968628,1.61943757534027,85.8837203979492,81.6788024902344,0.0970500260591507,0.0433833859860897,6.03990135683574e-10
"PT184",2023,NA,NA,0,11.3553314208984,18.8849315643311,0.46109738945961,1.98858094215393,78.2722091674805,71.9148254394531,0.246898949146271,0.00364790833555162,0.250369518995285
"UKM76",2021,NA,NA,0,2.8483362197876,10.31822681427,2.60168480873108,3.16340184211731,88.9367523193359,86.6758346557617,0.454586565494537,0.0517539344727993,0
"UKE3",2020,NA,NA,0,5.77888917922974,10.5175514221191,0.808429002761841,2.34377765655518,86.4333038330078,85.4007797241211,0.329126834869385,0.146575257182121,0
"UKM63",2021,NA,NA,0,3.91771745681763,10.6079549789429,3.58932995796204,6.30939674377441,85.0608901977539,86.653564453125,0.0583789646625519,0.000806558993645012,4.48408254971611e-11
"EL524",2024,NA,NA,0,5.83216857910156,13.6224346160889,2.55853414535522,1.88413894176483,73.4554977416992,70.5633697509766,0.159872159361839,0.00734715955331922,0.153554558753967
"SEG226072",2023,NA,NA,0,-6.919508934021,0.167428761720657,1.23800575733185,2.38462400436401,83.5234222412109,84.1714401245117,0.000690925342496485,0.000671166344545782,0
"UKN06",2022,NA,NA,0,7.02089977264404,12.0225486755371,2.28523325920105,4.33128643035889,83.4347763061523,83.0413055419922,0.379100054502487,0.0786119401454926,0
"DEB1",2023,NA,NA,0,3.19320511817932,11.770435333252,2.98530197143555,3.26738953590393,85.5572738647461,82.1780624389648,0.0826403424143791,0.0675039067864418,0
"FRG05",2018,NA,NA,0,6.75952863693237,13.648853302002,2.86091017723083,1.97748005390167,84.8997802734375,78.1351623535156,0.230695128440857,0.0180357526987791,2.62578486731613e-10
"ITC20",2023,NA,NA,0,-5.78456401824951,5.23251867294312,4.27537155151367,4.71369695663452,69.311767578125,75.4486770629883,0.0750408172607422,0.00753775238990784,0
"XKG125379",2023,NA,NA,0,3.2609601020813,13.0355987548828,2.94993710517883,2.40118098258972,80.295166015625,74.0736541748047,0.140650674700737,0.0214612744748592,0.0787896662950516
"EL511",2019,NA,NA,0,5.55431890487671,17.7439918518066,1.51145994663239,1.83987855911255,76.1029815673828,71.6970596313477,0.117841280996799,0.00240553286857903,0.122111737728119
"EL531",2023,NA,NA,0,4.85305309295654,14.5658931732178,3.33904337882996,3.19769144058228,76.5254058837891,71.4871215820312,0.142983421683311,0.00262409937568009,0.107646182179451
"SEG226215",2024,NA,NA,0,-9.20256614685059,4.41818952560425,1.15346539020538,2.39287424087524,83.9717254638672,84.6787261962891,0.000557736086193472,0.000345954700605944,0.0347413495182991
"NL32",2023,NA,NA,0,5.63281583786011,13.4550800323486,2.58641815185547,4.86184167861938,85.3679809570312,83.7838973999023,0.142261072993279,0.134407296776772,5.45965724886577e-13
"ITC13",2024,NA,NA,0,2.79558777809143,9.79828357696533,9.98236846923828,6.88381242752075,70.9463272094727,76.5989379882812,0.0469560213387012,0.0319484025239944,0
"RO225",2022,NA,NA,0,3.47498226165771,13.9942960739136,0.753012180328369,1.04658472537994,77.0044784545898,72.5714263916016,0.118615157902241,0.00691953022032976,0.0780953764915466
"EL645",2022,NA,NA,0,5.9347128868103,15.9025812149048,2.12242841720581,2.05529499053955,76.6331024169922,68.382942199707,0.142952784895897,0.00356844905763865,0.118603751063347
"HR046",2023,NA,NA,0,3.78185176849365,14.0363245010376,3.21476602554321,2.24840641021729,82.4901809692383,78.4495544433594,0.113043919205666,0.0211905185133219,0.22165410220623
"DE26",2018,NA,NA,0,1.37262558937073,10.3166494369507,2.40857434272766,0.876642644405365,83.8838653564453,76.9578247070312,0.081981286406517,0.0403869301080704,1.24983010052482e-11
"EL513",2024,NA,NA,0,7.31394243240356,14.7490015029907,2.37183952331543,1.501345038414,78.8127136230469,66.9176330566406,0.0564007498323917,0.00289328652434051,0.112157799303532
"RO223",2024,NA,NA,0,5.4027738571167,13.3157749176025,1.42021322250366,1.64353013038635,78.2756958007812,75.9856262207031,0.131813257932663,0.00556977745145559,0.0272166803479195
"PL427",2024,NA,NA,0,2.7499098777771,10.4341249465942,1.73183870315552,1.50599193572998,87.3124313354492,82.0834045410156,0.0637590661644936,0.00800319667905569,4.46648579233155e-10
"SI035",2014,NA,NA,0,2.89249682426453,11.4964017868042,3.21031761169434,4.55803155899048,87.6472473144531,86.4949798583984,0.197945341467857,0.0231695808470249,0
"SEG226003",2024,NA,NA,0,-5.44829750061035,6.3915753364563,1.57808315753937,1.66436338424683,85.3866271972656,82.3088836669922,0.0104434415698051,0.0126278465613723,0
"UKL2",2023,NA,NA,0,4.79467344284058,11.43150806427,3.16602253913879,3.97204828262329,87.6271362304688,87.6119995117188,0.501912593841553,0.0358368866145611,2.71859271205876e-12
"UKI7",2024,NA,NA,0,7.05192184448242,11.3848695755005,2.53919410705566,2.8318874835968,85.7414093017578,85.6734390258789,0.17093600332737,0.424760520458221,1.12571390197772e-13
"DE30",2017,NA,NA,0,1.23752188682556,10.4302320480347,1.56409668922424,2.09445858001709,85.0610504150391,84.0652694702148,0.0723986774682999,0.137817412614822,8.15411016485967e-10
"IEG11606",2018,NA,NA,0,4.7491021156311,9.89479446411133,2.55677366256714,2.01059246063232,87.0793380737305,84.5442733764648,0.73989075422287,0.0094106774777174,0
"EL515",2021,NA,NA,0,8.63540554046631,15.3715715408325,1.85292255878448,3.30722951889038,77.3797607421875,72.0879211425781,0.0750572234392166,0.00327178416773677,0.104649677872658
"UKM73",2020,NA,NA,0,5.04637575149536,9.44174289703369,1.29266250133514,2.82572174072266,86.3146667480469,85.5964813232422,0.34526938199997,0.0319060981273651,1.95047451360718e-17
"ES432",2024,NA,NA,0,9.30969047546387,16.9959716796875,2.18065714836121,2.7835168838501,80.1997909545898,69.0426406860352,0.164932981133461,0.00325733656063676,0.259489446878433
"ITH44",2023,NA,NA,0,5.53656387329102,15.3088121414185,3.8585216999054,6.76775789260864,79.2672271728516,78.2017059326172,0.134522750973701,0.0496895425021648,0
"UKM77",2024,NA,NA,0,3.45232820510864,8.17625427246094,3.89828014373779,2.40694260597229,89.4053649902344,87.3428955078125,0.192709907889366,0.0129834320396185,0
"BG313",2023,NA,NA,0,3.64599132537842,14.9247770309448,2.43201327323914,2.06404089927673,81.1981048583984,67.6682739257812,0.18588051199913,0.00683964416384697,0.00627035507932305
"PL219",2022,NA,NA,0,-1.23323130607605,8.03254318237305,2.35971546173096,2.58147263526917,80.9620132446289,85.3159027099609,0.0728660598397255,0.023335624486208,0.00159303366672248
"BG312",2019,NA,NA,0,1.1444970369339,14.1494569778442,2.05578422546387,1.22367191314697,80.013427734375,70.9136810302734,0.20598703622818,0.00458671851083636,0.0376424752175808
"RO414",2024,NA,NA,0,4.64928674697876,12.7130880355835,1.93226361274719,1.4503356218338,77.1475219726562,67.2685470581055,0.123298168182373,0.00958067923784256,0.0260584391653538
"NL42",2023,NA,NA,0,4.68440914154053,13.0219860076904,2.87904715538025,3.5512707233429,85.0862350463867,82.2006759643555,0.188718780875206,0.155969381332397,0
"PL514",2021,NA,NA,0,0.75663560628891,10.391975402832,2.29787063598633,1.22446727752686,84.6537017822266,78.6689987182617,0.0969155132770538,0.0404262021183968,0
"PL416",2023,NA,NA,0,2.29949569702148,11.5747852325439,1.79127991199493,2.25602030754089,85.3913955688477,79.4787368774414,0.113847427070141,0.0149155361577868,0
"ES211",2024,NA,NA,0,7.70425844192505,13.4528512954712,2.91387128829956,3.62752461433411,80.5673904418945,81.3181762695312,0.182970121502876,0.0175486728549004,0.0289943870157003
"IEG11603",2024,NA,NA,0,6.68672513961792,10.8012638092041,3.76483631134033,3.06752467155457,86.4112319946289,86.0738525390625,0.338396519422531,0.00235376763157547,0
"LV005",2024,NA,NA,0,-2.86502695083618,8.94345760345459,1.40917778015137,1.41199791431427,88.902473449707,84.253791809082,0.0743217319250107,0.00429304642602801,0.38318607211113
"ES213",2017,NA,NA,0,8.75917816162109,14.4247026443481,2.5882830619812,3.13297629356384,79.4720153808594,78.6713027954102,0.0623924396932125,0.0521919876337051,0.10640899091959
"ES617",2017,NA,NA,0,10.6755971908569,18.1749515533447,1.28019070625305,0.948275804519653,78.8038101196289,68.112663269043,0.166925996541977,0.0189977809786797,0.173382446169853
"SE231",2023,NA,NA,0,1.30754315853119,8.85251712799072,1.8553181886673,2.94715070724487,89.7699584960938,86.7995986938477,0.0101643931120634,0.0112494733184576,0.000209023448405787
"SEG226075",2024,NA,NA,0,-11.0534982681274,4.03146362304688,1.3051894903183,2.01764154434204,82.4738540649414,80.8699264526367,0.00302610197104514,0.00196593976579607,0
"UKN10",2023,NA,NA,0,5.51034355163574,10.6822366714478,3.19948363304138,3.57382297515869,86.8621063232422,87.2854614257812,0.634105563163757,0.0109778987243772,0
"SEG226033",2018,NA,NA,0,-7.19491910934448,3.3256573677063,1.5249639749527,2.86962699890137,84.0050201416016,84.5845108032227,0.000555287406314164,0.000400447461288422,0
"FI197",2020,NA,NA,0,-0.0898221880197525,7.33335494995117,1.56458067893982,2.39979100227356,90.4736938476562,89.3256683349609,0.000870288989972323,0.0133461458608508,0.694283843040466
"SEG226020",2024,NA,NA,0,-7.30187559127808,5.03781700134277,1.35860574245453,1.72511219978333,81.3587646484375,80.7376174926758,0.00284978374838829,0.000516685075126588,0
"NL11",2024,NA,NA,0,5.55507564544678,11.4098625183105,2.78389286994934,2.75299644470215,86.6164093017578,85.2790756225586,0.240988999605179,0.0599153153598309,3.81462328391535e-09
"UKI4",2024,NA,NA,0,7.08155870437622,11.4437303543091,2.55227875709534,2.79757475852966,85.7117385864258,85.6087646484375,0.190091088414192,0.379791498184204,0
"BE10",2017,NA,NA,0,3.80019545555115,11.2914876937866,1.44599378108978,2.23798322677612,86.8806381225586,84.1801986694336,0.187441647052765,0.396682947874069,0
"XKG125385",2020,NA,NA,0,1.92386937141418,11.0488033294678,3.18841862678528,2.29699683189392,74.1485290527344,75.5670852661133,0.166082710027695,0.0203203894197941,0
"SEG226013",2024,NA,NA,0,-5.13323402404785,6.64916133880615,1.5950939655304,1.76618850231171,85.5681686401367,82.0608901977539,0.0172620601952076,0.0102370297536254,0
"ES230",2022,NA,NA,0,5.09597682952881,14.1068229675293,2.7334840297699,1.8626925945282,74.3725051879883,66.6278457641602,0.160133719444275,0.00815241690725088,0.238044455647469
"DE24",2023,NA,NA,0,1.69033718109131,10.785945892334,2.57352423667908,2.45714640617371,85.3046569824219,81.0298461914062,0.0850432589650154,0.0483055599033833,7.14410544611077e-11
"MEG125352",2023,NA,NA,0,1.06624984741211,10.5340824127197,4.40119361877441,4.93571186065674,83.0642929077148,79.3709259033203,0.0619560368359089,0.00698163127526641,0
"CH04",2017,NA,NA,0,-0.272303313016891,8.29678153991699,4.25369930267334,4.30677223205566,82.5343246459961,82.819709777832,0.23688517510891,0.113374195992947,0
"UKN07",2014,NA,NA,0,5.82188510894775,10.9820747375488,2.71511006355286,2.84980201721191,86.5166702270508,86.8458557128906,0.775833427906036,0.0234405174851418,0
"SEG226039",2014,NA,NA,0,-3.72639036178589,3.98973917961121,1.71422362327576,1.94327044487,88.0792694091797,88.1358337402344,0.000280731124803424,0.00026464625261724,0
"MK006",2019,NA,NA,0,-1.10753405094147,12.533055305481,2.92810559272766,1.86142802238464,78.0820541381836,72.3621215820312,0.271990180015564,0.0232822149991989,0.0821294635534286
"LT026",2023,NA,NA,0,-1.04708886146545,8.58745098114014,1.06127893924713,2.20267009735107,88.1696243286133,84.0734786987305,0.0963784456253052,0.00782116316258907,0.026740487664938
"UKM83",2023,NA,NA,0,5.31126308441162,10.1983804702759,2.98401045799255,4.61684560775757,85.3875274658203,85.6739349365234,0.405590683221817,0.115045092999935,0
"ES532",2023,NA,NA,0,12.9747257232666,21.3497428894043,0.668421983718872,1.0598635673523,76.0828399658203,73.2056121826172,0.083501510322094,0.0160746704787016,0.0995443761348724
"LV007",2017,NA,NA,0,-1.34263491630554,7.72388076782227,1.74777293205261,3.42510437965393,88.3674240112305,88.2854232788086,0.0756307765841484,0.00781839247792959,0.334488153457642
"EL527",2023,NA,NA,0,10.2210216522217,19.7097339630127,1.99841916561127,1.29906713962555,74.0523071289062,70.2055969238281,0.114543333649635,0.00170285243075341,0.0565798580646515
"SEG226014",2022,NA,NA,0,-2.39799404144287,6.97933721542358,1.18130016326904,1.58702969551086,81.1670913696289,85.6484756469727,0.0119493519887328,0.0104704601690173,0
"RO222",2022,NA,NA,0,1.97031962871552,12.0764722824097,1.39179980754852,1.09876489639282,72.6458435058594,72.4100952148438,0.171193763613701,0.00891735404729843,0.145622745156288
"PL821",2024,NA,NA,0,1.89213287830353,9.11460494995117,2.21357655525208,1.75133287906647,84.1636047363281,80.6207427978516,0.0715059265494347,0.0119056347757578,0.152329504489899
"DE22",2020,NA,NA,0,2.6701283454895,9.43456172943115,1.87099003791809,2.24442338943481,82.4053115844727,83.4773178100586,0.16207467019558,0.0321901068091393,1.39103262242202e-08
"MEG125356",2022,NA,NA,0,0.910976409912109,11.4862298965454,4.01274394989014,8.02429294586182,77.0660858154297,76.5615234375,0.0683945715427399,0.00369302998296916,3.89298511436209e-05
"BG425",2024,NA,NA,0,5.97422170639038,13.3963565826416,2.6125009059906,1.69757759571075,77.6016311645508,67.4760818481445,0.0707075074315071,0.00534169329330325,0.0548153892159462
"NO061",2024,NA,NA,0,-5.25309896469116,4.71361303329468,1.49071216583252,4.87271022796631,79.3040390014648,83.9862365722656,0.00386736751534045,0.00568792130798101,0.00338039011694491
"BG334",2023,NA,NA,0,4.47897672653198,15.0348110198975,2.87565135955811,1.74066841602325,80.856330871582,67.9961166381836,0.152902230620384,0.00639230152592063,0.000286198570393026
"SE213",2024,NA,NA,0,0.186250701546669,9.37986755371094,1.3280987739563,1.60109341144562,87.322135925293,83.2052917480469,0.00999488588422537,0.00537158781662583,0.53513890504837
"ITG15",2022,NA,NA,0,9.75843143463135,19.3652439117432,1.24005270004272,1.78643941879272,78.1219177246094,78.318473815918,0,0.0220930427312851,1.93818523683026e-15
"SE221",2023,NA,NA,0,2.17567658424377,9.65935707092285,1.06377673149109,2.2616012096405,86.5606231689453,85.976806640625,0.00286538479849696,0.0096147432923317,0.423749268054962
"UKE1",2020,NA,NA,0,6.18499279022217,11.1349840164185,0.678400158882141,2.0825457572937,85.1413192749023,83.8835220336914,0.252764403820038,0.0428935326635838,2.90832271460095e-11
"HU233",2021,NA,NA,0,3.33081603050232,10.8793725967407,2.01608657836914,1.75409746170044,83.917724609375,78.5012283325195,0.0723119974136353,0.0227497536689043,0
"SK042",2023,NA,NA,0,1.26239240169525,11.1035766601562,2.36285877227783,3.16948676109314,84.1088714599609,81.2469024658203,0.0893897116184235,0.0243071839213371,0.00598092889413238
"UKN14",2023,NA,NA,0,6.25700759887695,11.5129203796387,2.82986521720886,3.73098134994507,84.4342269897461,84.8260726928711,0.56235533952713,0.0401559621095657,0
"UKM61",2017,NA,NA,0,5.44066572189331,9.06102180480957,2.79780793190002,5.03551721572876,84.5323486328125,84.4389724731445,0.0733595341444016,0.000958443153649569,5.33165074589892e-11
"NL31",2017,NA,NA,0,3.89379906654358,11.5976991653442,1.46778798103333,2.79758167266846,87.7146530151367,85.1001663208008,0.151045709848404,0.211356297135353,0
"PL815",2023,NA,NA,0,1.53211331367493,10.9717264175415,2.01296210289001,2.34831786155701,85.5556869506836,81.2659759521484,0.113251760601997,0.0135709224268794,2.1510416711723e-11
"LT023",2007,NA,NA,0,0.868344306945801,7.98507642745972,1.49452424049377,2.53240036964417,84.6527557373047,85.7508239746094,0.121420621871948,0.01154531724751,0.0379445031285286
"FI195",2020,NA,NA,0,0.0936078354716301,7.53720951080322,1.40073752403259,3.1488721370697,87.3199691772461,86.8069915771484,0.00166926928795874,0.00625453609973192,0.499982893466949
"EL412",2019,NA,NA,0,12.3878908157349,21.121509552002,1.97905969619751,2.87166571617126,71.963134765625,76.8196334838867,0.0287360474467278,0.00112426711712033,0.0430958084762096
"FRB06",2019,NA,NA,0,5.68802833557129,12.6781911849976,1.81841719150543,3.35140252113342,84.3933334350586,79.7915115356445,0.13558292388916,0.0180548597127199,1.0564144177494e-11
"EL305",2024,NA,NA,0,12.6676654815674,20.0423889160156,0.78839761018753,0.901187717914581,73.2238082885742,63.8462715148926,0.0161991342902184,0.0589870773255825,0.0441575385630131
"NO032",2017,NA,NA,0,-3.56563401222229,2.77158617973328,2.29250979423523,4.40009307861328,82.2397613525391,84.6887130737305,0.00618948042392731,0.00780043704435229,0
"FRG01",2022,NA,NA,0,7.27932167053223,14.8039054870605,1.35659861564636,2.78563928604126,88.0763092041016,82.040153503418,0.259201645851135,0.0389130935072899,4.0150549551754e-10
"EL525",2018,NA,NA,0,6.90757751464844,16.0761642456055,2.25105977058411,1.93155074119568,75.4161758422852,70.4631195068359,0.0895787104964256,0.00296602235175669,0.0989142209291458
"DEB2",2022,NA,NA,0,3.13724184036255,10.8388767242432,1.62067759037018,3.58770656585693,88.6875305175781,84.7854156494141,0.131776988506317,0.0323435105383396,0
"UKF2",2024,NA,NA,0,6.6625280380249,10.7701377868652,2.66934967041016,2.90139675140381,85.6543655395508,85.9197616577148,0.272132605314255,0.102841503918171,0
"BG323",2007,NA,NA,0,4.78841733932495,11.6315937042236,1.11955296993256,2.34887146949768,77.0037612915039,75.4537048339844,0.238509938120842,0.0113484561443329,0.0122378468513489
"LT028",2017,NA,NA,0,-0.934223592281342,8.02238273620605,1.49917566776276,3.72136735916138,88.3601608276367,88.8862915039062,0.140744134783745,0.00606542499735951,0
"RO123",2023,NA,NA,0,0.121212400496006,10.0773572921753,2.10861825942993,1.4285295009613,83.9992752075195,75.1548233032227,0.116429403424263,0.00939862243831158,0.355481326580048
"PL214",2023,NA,NA,0,1.31415069103241,11.1464796066284,2.36896443367004,3.05471634864807,83.3996963500977,80.3602523803711,0.0962832868099213,0.0392551459372044,7.86778003858402e-11
"UKM91",2023,NA,NA,0,4.41276168823242,9.76999855041504,2.41750192642212,3.59170293807983,85.9460906982422,86.6225738525391,0.363253057003021,0.0203682146966457,0
"PT185",2017,NA,NA,0,10.7855501174927,17.9721012115479,1.51712036132812,0.91537356376648,79.8822326660156,64.3839721679688,0.216664791107178,0.0160546209663153,0.354925751686096
"CZ07",2023,NA,NA,0,1.12588369846344,11.2755784988403,2.28170561790466,2.40943384170532,85.0219268798828,79.9523696899414,0.126799717545509,0.0277624726295471,0.00650786934420466
"AT34",2019,NA,NA,0,-3.14258074760437,6.62061786651611,5.6102819442749,4.72360038757324,76.1693725585938,81.7827301025391,0.155637010931969,0.0381434038281441,0
"UKM78",2017,NA,NA,0,5.00841474533081,8.95434951782227,1.91848182678223,2.93429517745972,88.8080062866211,87.1522445678711,0.465368092060089,0.0657310336828232,0
"DE80",2022,NA,NA,0,3.42235779762268,10.7044820785522,1.16530382633209,1.48991107940674,85.9471130371094,83.1523666381836,0.148013740777969,0.0211473479866982,1.07826292339297e-09
"PL636",2023,NA,NA,0,1.76651990413666,10.4832515716553,1.22763276100159,2.96511387825012,87.6490020751953,84.3750152587891,0.0536975488066673,0.00720473704859614,1.03791231165218e-09
"SEG226216",2018,NA,NA,0,-7.48370218276978,4.46345138549805,1.13568866252899,1.26956868171692,88.309326171875,82.6388626098633,0.00121348828542978,0.000399076379835606,0.0207602381706238
"RO316",2023,NA,NA,0,1.88418209552765,12.6136922836304,2.23748421669006,1.35015404224396,82.9811401367188,69.5143127441406,0.123807936906815,0.0107290782034397,0.245803773403168
"NO034",2024,NA,NA,0,-6.01617813110352,5.31318140029907,3.35793423652649,3.34418439865112,83.9206619262695,84.9865188598633,0.00272450130432844,0.00304852402769029,0.000458959810202941
"MEG125360",2023,NA,NA,0,1.33939278125763,10.904278755188,4.64007043838501,5.43192958831787,83.3565673828125,78.8284912109375,0.0540350750088692,0.00207284418866038,0
"MEG125365",2023,NA,NA,0,5.46204328536987,14.8831176757812,5.43086004257202,7.88990879058838,78.4539794921875,75.5659332275391,0.0974360778927803,0.0151477614417672,6.41289007035084e-05
"ITG18",2017,NA,NA,0,12.0121412277222,19.4071178436279,0.583596885204315,1.93099844455719,75.2114791870117,73.8226699829102,0,0.0213005132973194,2.10679794465131e-15
"FI1C4",2020,NA,NA,0,0.460549592971802,8.01516532897949,1.58380722999573,1.99899542331696,88.2055740356445,87.1494293212891,0.00127475371118635,0.0121003640815616,0.00368073233403265
"EL533",2020,NA,NA,0,3.03534770011902,13.1172609329224,3.00238561630249,0.604821026325226,73.2969436645508,65.2268981933594,0.122770398855209,0.00237666978500783,0.2495326846838
"NO042",2022,NA,NA,0,0.217908665537834,8.03597831726074,1.75978243350983,6.81315040588379,86.0449752807617,86.4283599853516,0.000500197347719222,0.00593225937336683,0.000922422856092453
"SEG226008",2023,NA,NA,0,-3.67377948760986,4.7086935043335,1.54929006099701,2.22811222076416,86.3860778808594,83.6715469360352,0.00238669873215258,0.00496144453063607,0
"HU313",2022,NA,NA,0,1.68536031246185,10.7901248931885,1.35250270366669,2.24210572242737,75.2758102416992,83.7050552368164,0.0854037627577782,0.0505600869655609,2.71773586746349e-07
"SEG226221",2023,NA,NA,0,-5.07648468017578,3.16773080825806,1.14826548099518,3.04973387718201,82.6390380859375,82.4172210693359,0.00725740985944867,0.00668454961851239,0.00180275284219533
"PL414",2023,NA,NA,0,2.09852385520935,11.2600622177124,1.72114551067352,2.01725459098816,86.2169876098633,79.9733657836914,0.125672981142998,0.0144193693995476,8.81950415476673e-12
"MK008",2015,NA,NA,0,1.90140235424042,12.7229700088501,2.47296977043152,3.05628395080566,77.1164321899414,73.2976303100586,0.234336212277412,0.0241365749388933,0.227159902453423
"BG415",2024,NA,NA,0,2.78080034255981,10.1532545089722,2.70806431770325,1.67757666110992,74.8251495361328,71.8601608276367,0.0519253723323345,0.00571343814954162,0.120130777359009
"ES523",2024,NA,NA,0,10.321816444397,17.2739353179932,0.799003660678864,3.09843516349792,63.8349647521973,72.143440246582,0.00169824424665421,0.0216759704053402,0.224515050649643
"FI1C3",2023,NA,NA,0,-3.4731764793396,5.35259008407593,1.51790189743042,2.91878414154053,90.5524749755859,87.015739440918,0.00122544751502573,0.00972419325262308,0.0141736855730414
"FRB01",2023,NA,NA,0,5.49478387832642,14.7775583267212,2.27037191390991,3.04947710037231,82.6611099243164,76.3690490722656,0.190521329641342,0.0116613637655973,7.96776367106844e-10
"MK004",2023,NA,NA,0,5.39037179946899,15.7111825942993,2.97500395774841,1.78019154071808,76.7937316894531,66.6588516235352,0.223859637975693,0.00337371788918972,0.27777025103569
"FRB04",2023,NA,NA,0,5.95024394989014,15.1524543762207,2.18183970451355,2.8908863067627,83.6880416870117,77.2992630004883,0.185465380549431,0.0272246561944485,0
"UKN08",2023,NA,NA,0,6.40394639968872,11.6767492294312,2.86078691482544,3.94618892669678,84.2163848876953,84.5447311401367,0.580491006374359,0.0223693605512381,0
"CH06",2013,NA,NA,0,-4.01318168640137,6.45690774917603,5.30584955215454,5.54014587402344,81.3996810913086,84.2608261108398,0.22171525657177,0.0545325055718422,0
"FRF21",2010,NA,NA,0,1.25207483768463,9.6093111038208,1.92987859249115,2.63317680358887,87.1504058837891,84.1960296630859,0.213474184274673,0.017776183784008,0
"SK022",2023,NA,NA,0,1.35181176662445,11.3604612350464,2.38391017913818,3.07771968841553,84.1881637573242,80.6273040771484,0.0846035704016685,0.0236799772828817,0.000514416838996112
"ES220",2024,NA,NA,0,7.38429737091064,13.640191078186,3.11006808280945,4.45480632781982,80.3936767578125,81.3618087768555,0.171625554561615,0.013755570165813,0.00607775337994099
"ITI11",2024,NA,NA,0,7.50136518478394,13.8444337844849,5.40573596954346,7.42986106872559,80.9519119262695,80.6605682373047,0.0165342502295971,0.0237672924995422,0
"CZ02",2007,NA,NA,0,3.51291155815125,7.41195011138916,1.39889550209045,2.37759947776794,83.529655456543,83.2343063354492,0.105262607336044,0.0285561811178923,0.021723210811615
"SEG226078",2022,NA,NA,0,-10.712495803833,1.03460490703583,2.40200901031494,2.22627401351929,79.7976226806641,84.1244583129883,1.9301449356135e-05,7.40886680432595e-05,0
"IEG11598",2024,NA,NA,0,6.70412492752075,10.7688589096069,3.16060495376587,2.19517850875854,86.140625,85.6167907714844,0.631152808666229,0.02800552546978,0
"HU332",2017,NA,NA,0,-1.05920124053955,11.7003040313721,1.52276480197906,2.02320504188538,83.2058563232422,77.1757202148438,0.115830510854721,0.0152399959042668,0.00657692831009626
"IEG11583",2022,NA,NA,0,6.43568181991577,11.1329736709595,2.34121775627136,4.54473114013672,86.8669357299805,85.6119689941406,0.698134899139404,0.00683403946459293,0
"RSG125387",2019,NA,NA,0,2.10771369934082,15.1286382675171,2.34503126144409,1.31299805641174,82.2123794555664,70.1278381347656,0.0870052054524422,0.0254847221076488,0.00618781801313162
"NL33",2024,NA,NA,0,6.63180732727051,12.1573343276978,3.48829531669617,2.92576694488525,85.4952850341797,85.145393371582,0.156327500939369,0.200614631175995,1.49302936680584e-09
"AL012",2024,NA,NA,0,9.38233375549316,16.475959777832,4.10025548934937,5.13014221191406,72.1163482666016,72.4849395751953,0.0933394059538841,0.0229487158358097,0.00389847066253424
"DE60",2018,NA,NA,0,2.12019491195679,10.7547998428345,1.64006245136261,0.943286597728729,85.8469543457031,79.3167495727539,0.16627112030983,0.138817518949509,1.21100685035458e-09
"SEG226073",2023,NA,NA,0,-8.16938018798828,-2.2454342842102,1.78898584842682,2.66965532302856,82.6248245239258,84.6022033691406,9.30590053590171e-23,6.93153779138811e-05,0
"HR04C",2023,NA,NA,0,4.67313766479492,15.5441265106201,2.41635131835938,1.7267644405365,83.7055892944336,72.889289855957,0.11306481808424,0.0119027877226472,0.0896643027663231
"BE23",2024,NA,NA,0,6.62924098968506,12.0913181304932,3.40459275245667,2.63116693496704,85.4422302246094,85.8700180053711,0.194915622472763,0.186050623655319,1.27007038219773e-09
"SEG226220",2024,NA,NA,0,-8.54208564758301,4.76747989654541,1.31874895095825,2.1969633102417,81.8911437988281,83.1963119506836,0.000806943804491311,0.00125065527390689,0
"PL713",2021,NA,NA,0,-0.327441483736038,9.42040538787842,2.14150428771973,1.34207165241241,86.3892059326172,81.5696868896484,0.0920500457286835,0.0158545915037394,2.321100950331e-11
"SK023",2024,NA,NA,0,3.8974461555481,10.8612213134766,2.0266273021698,2.48024559020996,80.5131454467773,76.7910995483398,0.153150752186775,0.027867341414094,4.50535044365097e-05
"FI194",2017,NA,NA,0,-3.68527841567993,4.71614360809326,1.57001268863678,2.2088520526886,90.0963821411133,92.020149230957,0.00166097714100033,0.00453742640092969,0.730660200119019
"IEG11590",2017,NA,NA,0,6.32448577880859,10.2285375595093,2.1252293586731,2.68484091758728,88.1507949829102,86.8030090332031,0.638231813907623,0.0361057706177235,0
"NO033",2024,NA,NA,0,-3.19931745529175,8.53294563293457,2.70120763778687,2.64747405052185,83.5324172973633,83.2071533203125,0.0358767360448837,0.0516001358628273,0.000683511723764241
"PL926",2024,NA,NA,0,2.65168023109436,10.2936182022095,1.31149435043335,1.41823172569275,84.2455749511719,79.0944519042969,0.112960837781429,0.00867883674800396,0
"FRG02",2023,NA,NA,0,6.0887131690979,15.0155096054077,2.26093363761902,3.07099056243896,84.6581344604492,79.6309585571289,0.25209629535675,0.0288958847522736,1.33939194095148e-18
"CZ04",2024,NA,NA,0,2.56369996070862,9.18056297302246,2.27641010284424,2.24989748001099,83.2485198974609,82.7853851318359,0.117198847234249,0.03218949213624,0.00384968775324523
"EL432",2020,NA,NA,0,13.7504758834839,21.6370601654053,0.861928582191467,1.26290738582611,72.1289672851562,72.0671234130859,0.00989658758044243,0.00168254366144538,0.00335397152230144
"RO422",2017,NA,NA,0,-1.82741212844849,10.1462841033936,2.61339426040649,2.47156548500061,79.4095458984375,79.7497634887695,0.120708428323269,0.00369304465129972,0.390617728233337
"SEG226206",2013,NA,NA,0,-7.34045600891113,4.92018890380859,1.04403352737427,2.1515257358551,88.9129867553711,85.8246154785156,0.00333946221508086,0.00191210431512445,0.0138819338753819
"RO411",2024,NA,NA,0,5.23272657394409,13.1208305358887,2.05108237266541,1.30428040027618,75.8003616333008,64.9541091918945,0.175977095961571,0.00991787388920784,0.0344128794968128
"SEG226201",2024,NA,NA,0,-9.41783618927002,3.8784875869751,1.30469977855682,2.35425925254822,83.3222808837891,85.0995864868164,5.14227394887712e-05,0.000162412907229736,0
"EE001",2018,NA,NA,0,-2.46606969833374,8.34583568572998,1.0804523229599,2.23750376701355,87.468147277832,86.0061950683594,0.0687210634350777,0.0189194008708,0.0877177938818932
"RO115",2023,NA,NA,0,3.22623991966248,13.1622695922852,2.15260672569275,3.17647123336792,82.1913909912109,74.615119934082,0.14862285554409,0.0107947429642081,0.0519585758447647
"FRF32",2024,NA,NA,0,5.23163795471191,11.3680744171143,3.54177951812744,3.18552994728088,87.7441635131836,86.9943084716797,0.163267597556114,0.0114260204136372,0
"SEG226074",2023,NA,NA,0,-7.52421617507935,-0.504300177097321,1.4465434551239,2.23970341682434,83.9703979492188,85.1635513305664,1.87144032679498e-05,0.000317861704388633,0
"RO114",2023,NA,NA,0,0.5584317445755,10.0447311401367,2.37604665756226,3.37486481666565,85.2243881225586,81.4316787719727,0.143299207091331,0.00978783331811428,0.0136037049815059
"EL621",2024,NA,NA,0,14.706883430481,21.4714088439941,1.05893111228943,4.19804954528809,72.7769775390625,71.3177947998047,0.0442998185753822,0.00128068670164794,0.00339919375255704
"AL014",2023,NA,NA,0,6.64819860458374,16.1458396911621,4.86582803726196,6.0798749923706,75.972541809082,71.5229873657227,0.0865920186042786,0.00856372248381376,4.65975244878791e-06
"BG343",2024,NA,NA,0,6.18852472305298,13.8974666595459,2.02859449386597,1.38074147701263,78.3526611328125,69.9762344360352,0.172657132148743,0.00588895566761494,0.00418340414762497
"ITG14",2014,NA,NA,0,11.7184171676636,20.2359619140625,1.80716228485107,1.39549839496613,79.9729766845703,74.0843276977539,0,0.0184540972113609,2.06538226869531e-15
"PL22C",2022,NA,NA,0,1.25996768474579,9.65496158599854,1.87898921966553,1.95811498165131,79.9676742553711,83.215446472168,0.0625585094094276,0.13311505317688,0.00216037617065012
"AL021",2018,NA,NA,0,4.39480829238892,14.4985733032227,5.76762580871582,2.12141156196594,78.9660415649414,68.2052154541016,0.14010713994503,0.0120969833806157,0
"UKN13",2024,NA,NA,0,6.59113788604736,10.7248773574829,3.00334310531616,2.30942106246948,85.757209777832,85.3498001098633,0.597691059112549,0.0393018908798695,0
"SE121",2018,NA,NA,0,-2.21028614044189,7.88790369033813,0.893837511539459,1.17323589324951,89.0376739501953,82.950798034668,0.0274834875017405,0.0119759496301413,0.361524373292923
"PT11D",2020,NA,NA,0,8.01747035980225,14.1723918914795,2.80053281784058,2.79357767105103,82.923583984375,72.5112457275391,0.210391625761986,0.00737485708668828,0.206278115510941
"NO073",2023,NA,NA,0,-6.69020986557007,-0.22375413775444,1.83494186401367,2.35230398178101,83.2370681762695,85.5138473510742,8.30079734441824e-05,0.000487058336148039,0.0385801717638969
"FRD13",2022,NA,NA,0,6.05115413665771,12.9585418701172,1.73827075958252,2.98155951499939,87.8575592041016,84.3666305541992,0.271433711051941,0.011733959428966,7.97692351634451e-17
"MK001",2015,NA,NA,0,3.13596749305725,13.9945507049561,2.34498929977417,2.89230132102966,75.7345733642578,71.3609619140625,0.273085832595825,0.00661741616204381,0.222578823566437
"PT16G",2024,NA,NA,0,9.0105447769165,15.3597593307495,3.96509408950806,3.67608952522278,85.3739013671875,79.2020874023438,0.194536700844765,0.0204311478883028,0.0199725404381752
"NO071",2024,NA,NA,0,-6.49146795272827,4.09863185882568,2.40795111656189,7.20975589752197,79.2417602539062,84.1311569213867,0.000964935054071248,0.00187084812205285,0.0113095659762621
"EL433",2023,NA,NA,0,12.6862459182739,20.8894824981689,1.44511580467224,0.769053995609283,76.6130599975586,71.8816528320312,0.179675057530403,0.00250665913335979,0.00952727627009153
"FI1B1",2010,NA,NA,0,-8.17215442657471,5.16921997070312,2.05487728118896,1.98968124389648,87.3948822021484,85.3622741699219,0.00419097347185016,0.0415158458054066,0.296526312828064
"FRF12",2022,NA,NA,0,3.11555218696594,11.887825012207,2.13827610015869,3.6599907875061,85.0868682861328,84.6594924926758,0.0966186672449112,0.0524387247860432,0.00363646191544831
"SEG226207",2023,NA,NA,0,-6.81319284439087,0.483507215976715,1.29818952083588,1.96512091159821,85.4049072265625,85.5869598388672,7.25222780602053e-05,0.000332701136358082,0
"SK041",2018,NA,NA,0,-1.18881344795227,9.53664970397949,1.88264870643616,1.69203889369965,84.1681823730469,79.238395690918,0.0851270854473114,0.0151149425655603,0.11088465154171
"NO031",2018,NA,NA,0,-1.4114066362381,8.09231567382812,1.0505838394165,2.65074896812439,87.8606948852539,82.2808074951172,0.0281130895018578,0.0239488519728184,0
"ITG13",2021,NA,NA,0,11.5524892807007,19.0288791656494,2.23791193962097,4.41840553283691,77.9356079101562,79.3302917480469,0.0871700495481491,0.0338671989738941,9.59407997491724e-10
"DE92",2024,NA,NA,0,5.02870178222656,11.0422458648682,2.52590012550354,2.63305878639221,83.7781295776367,83.5270233154297,0.142135620117188,0.0859047248959541,1.46221545982428e-09
"UKG2",2017,NA,NA,0,5.42587900161743,10.6194715499878,1.61817753314972,2.07087230682373,89.9428863525391,85.2369232177734,0.440668374300003,0.0880421698093414,0
"SE124",2017,NA,NA,0,-0.670973360538483,6.76980686187744,1.24370348453522,2.53367495536804,88.1366806030273,88.6606140136719,0.0198276862502098,0.00934174656867981,0.0147051466628909
"BE31",2024,NA,NA,0,6.08333587646484,11.6621332168579,3.35901784896851,2.64767408370972,85.2011032104492,86.3068466186523,0.21950851380825,0.307077199220657,0
"ES418",2023,NA,NA,0,5.48915004730225,14.7050065994263,0.767351627349854,2.50665950775146,77.1941680908203,69.7294464111328,0.0744160935282707,0.00891677103936672,0.0319948941469193
"IEG11593",2022,NA,NA,0,6.43652296066284,10.9822044372559,2.72511959075928,4.86206388473511,87.1089324951172,86.1478118896484,0.451665550470352,0.00329077779315412,0
"PT170",2020,NA,NA,0,12.9633274078369,17.6068687438965,2.04248690605164,2.16413950920105,82.4331207275391,77.5030670166016,0.165243059396744,0.128598839044571,0.183694273233414
"EL633",2018,NA,NA,0,10.0919198989868,18.6509857177734,2.02226495742798,2.9039101600647,77.6088714599609,71.6765213012695,0.139554515480995,0.00297423871234059,0.039311345666647
"ITC12",2024,NA,NA,0,3.97244620323181,11.4826402664185,8.75217819213867,5.98457050323486,74.6500930786133,77.7689819335938,0.060416828840971,0.0268390718847513,0
"MEG125361",2019,NA,NA,0,1.00906920433044,12.7482061386108,6.25187015533447,6.74233293533325,73.797981262207,76.5821228027344,0.0422018654644489,0.00386052625253797,0
"PL523",2013,NA,NA,0,-1.17224562168121,9.46232891082764,2.56512260437012,2.15254640579224,86.121337890625,81.8164520263672,0.121970281004906,0.0137477051466703,0.0367185287177563
"EL632",2022,NA,NA,0,7.32377672195435,16.8960037231445,1.83578097820282,2.52539229393005,77.1128463745117,69.544189453125,0.145396620035172,0.00519274640828371,0.0698686093091965
"DEA1",2017,NA,NA,0,3.42693495750427,11.1875667572021,1.83327758312225,2.81954503059387,84.8212127685547,84.2918472290039,0.128722503781319,0.318115562200546,0
"ITF13",2019,NA,NA,0,4.37230396270752,14.7527742385864,3.37560629844666,3.00525259971619,75.243522644043,78.1227951049805,0.094867005944252,0.0294826328754425,2.01811722715106e-12
"EL521",2014,NA,NA,0,5.75847768783569,14.1287746429443,2.92286276817322,4.62482309341431,77.6355285644531,80.1877670288086,0.128135249018669,0.00874586030840874,0.0900499075651169
"RSG125390",2024,NA,NA,0,4.381760597229,11.1446094512939,2.48494029045105,2.21673488616943,79.0584030151367,77.7124252319336,0.0464391894638538,0.0177717544138432,0.140753865242004
"MEG125362",2023,NA,NA,0,1.20905411243439,10.6869583129883,4.44293785095215,5.03589487075806,82.8623046875,79.1616744995117,0.0641196295619011,0.00736815948039293,0
"ITG11",2024,NA,NA,0,13.4851875305176,20.8124046325684,1.27127432823181,1.95194470882416,77.31103515625,75.7940444946289,0,0.0198480002582073,2.85801489548912e-16
"PL524",2021,NA,NA,0,0.42120423913002,10.1801767349243,2.32370853424072,1.33587265014648,85.2768859863281,77.7374801635742,0.0837433114647865,0.0170831121504307,5.33047439521539e-10
"FRE22",2020,NA,NA,0,6.57734966278076,12.5177803039551,1.36792314052582,2.20099806785583,86.0619583129883,81.2074584960938,0.14683386683464,0.0386489853262901,2.38659923809033e-16
"FI1D2",2024,NA,NA,0,-9.8404541015625,6.27754735946655,1.36786866188049,2.31149220466614,86.6043319702148,88.8918914794922,0.000173955471836962,0.00377813004888594,0.652737021446228
"HU333",2019,NA,NA,0,1.80309784412384,13.736852645874,2.2919225692749,1.56196451187134,81.1332244873047,75.1264343261719,0.101589515805244,0.0220840126276016,0.00269055785611272
"FRH01",2024,NA,NA,0,8.32350826263428,12.7287063598633,2.47282004356384,2.71135854721069,86.2934646606445,87.1566009521484,0.239825874567032,0.0161684956401587,0
"LT027",2024,NA,NA,0,-0.10329769551754,9.88182830810547,1.54030954837799,1.52410411834717,89.1382064819336,81.8352127075195,0.101624071598053,0.00502983760088682,2.65057361503078e-16
"SEG226218",2010,NA,NA,0,-9.1021032333374,2.97011804580688,1.27446496486664,1.82426834106445,83.6031494140625,83.6107864379883,0.00244153174571693,0.00255202548578382,0
"PL721",2014,NA,NA,0,0.887637257575989,9.90042781829834,2.46702122688293,1.25088167190552,84.1578674316406,84.0238571166992,0.090645357966423,0.0222726706415415,1.78344228274341e-09
"NO053",2019,NA,NA,0,-1.39220404624939,2.81910920143127,3.92367672920227,4.72768974304199,79.9658279418945,80.9367065429688,0.000765468343161047,0.00402484275400639,0.0170758087188005
"RO317",2023,NA,NA,0,4.19767665863037,15.7971363067627,1.60576272010803,1.67332625389099,81.7060241699219,64.106086730957,0.148276939988136,0.00671057589352131,0.0214193575084209
"PL432",2021,NA,NA,0,0.998035490512848,10.5548048019409,2.2208526134491,1.35888004302979,85.0863189697266,80.1548843383789,0.0528421849012375,0.0142065538093448,1.64806801539186e-09
"EE008",2024,NA,NA,0,-4.04157018661499,8.99834156036377,1.16452920436859,1.72216856479645,88.1634140014648,85.3382797241211,0.03208988904953,0.00546438666060567,0.15084470808506
"ES422",2019,NA,NA,0,7.40318775177002,16.2095642089844,1.46932721138,1.63447177410126,70.4480361938477,63.0395851135254,0.0254597943276167,0.00420197565108538,0.186219975352287
"RO221",2023,NA,NA,0,3.42756271362305,15.5848236083984,1.70036506652832,1.5386506319046,83.5024795532227,64.3147659301758,0.141885086894035,0.00958351697772741,0.033413864672184
"XKG125378",2022,NA,NA,0,1.8003876209259,11.7769012451172,1.60841858386993,2.27302861213684,76.749641418457,77.7500457763672,0.169987872242928,0.0428977608680725,0.142198964953423
"EL612",2024,NA,NA,0,8.63173294067383,16.1354446411133,2.14422202110291,2.22316217422485,73.0040588378906,69.3326416015625,0.0465068183839321,0.00449200579896569,0.0481980182230473
"PL623",2017,NA,NA,0,-1.50279927253723,8.5538215637207,2.1093897819519,3.62833309173584,87.9713439941406,88.3907165527344,0.102376818656921,0.00671434868127108,0.0165818836539984
"RSG125400",2023,NA,NA,0,2.0021984577179,12.0382690429688,3.51773691177368,2.98595380783081,84.0475234985352,77.3974914550781,0.0765316933393478,0.0076466859318316,0.0316180437803268
"UKC1",2017,NA,NA,0,5.2889289855957,9.88218688964844,1.66552233695984,2.63222336769104,87.3161087036133,84.9096527099609,0.377527207136154,0.110569849610329,0
"HU322",2023,NA,NA,0,3.79177021980286,14.2278442382812,1.9479706287384,2.48796510696411,82.6797256469727,72.5471496582031,0.0921434313058853,0.0175193753093481,6.67484123528794e-11
"PT16J",2010,NA,NA,0,6.06602716445923,13.4476680755615,2.76780986785889,2.55068445205688,83.5539779663086,71.3677520751953,0.185422480106354,0.00721887638792396,0.429039269685745
"RO126",2023,NA,NA,0,1.21870076656342,11.1654930114746,2.44097423553467,1.75932109355927,83.2000274658203,74.7607727050781,0.184232473373413,0.00662713591009378,0.384747982025146
"PL843",2023,NA,NA,0,0.106788694858551,9.41315937042236,1.48395776748657,2.1315176486969,87.7269821166992,81.7187576293945,0.103634849190712,0.00708509283140302,0.0178219545632601
"PT112",2020,NA,NA,0,9.86065578460693,14.7407312393188,4.81228017807007,4.38898658752441,83.2666015625,79.3103713989258,0.12575651705265,0.0442988388240337,0
"HR044",2023,NA,NA,0,3.70542621612549,13.9200305938721,3.29881072044373,2.26359295845032,82.53125,79.0672454833984,0.135619774460793,0.022094963118434,0.258222460746765
"SEG226204",2017,NA,NA,0,-5.95761156082153,1.99981427192688,1.34808480739594,2.54561305046082,86.902961730957,90.3630065917969,3.12626195807843e-17,0.000522211659699678,0
"FRC24",2010,NA,NA,0,0.314374685287476,8.94870281219482,2.93074822425842,3.17517113685608,85.5822601318359,82.944953918457,0.0752154141664505,0.0292352885007858,0
"FRB03",2017,NA,NA,0,4.51224374771118,12.0189924240112,2.21815180778503,1.56091153621674,84.1462631225586,80.2258911132812,0.203076958656311,0.00963380560278893,1.44716061356576e-09
"EL611",2017,NA,NA,0,3.06334829330444,14.0168924331665,2.10323071479797,2.06995725631714,74.3465957641602,64.7048416137695,0.111503586173058,0.00290451338514686,0.133177503943443
"UKJ2",2015,NA,NA,0,5.73976564407349,12.3607683181763,1.16226732730865,2.19630932807922,82.5597381591797,82.5546112060547,0.202916204929352,0.164461091160774,3.44011708008907e-10
"RO226",2023,NA,NA,0,1.9191689491272,13.1033716201782,1.90826261043549,1.4523960351944,81.9821624755859,67.7386322021484,0.139119282364845,0.00748224044218659,0.345279455184937
"SE122",2017,NA,NA,0,0.068885862827301,7.67950630187988,1.08419001102448,2.53877449035645,86.1765594482422,87.6176986694336,0.0305043682456017,0.0109697012230754,0.314615309238434
"AT31",2020,NA,NA,0,1.76517999172211,8.92854118347168,2.54607653617859,3.22227191925049,80.4048080444336,83.7900390625,0.186670377850533,0.0310752671211958,0.0767541229724884
"RO122",2024,NA,NA,0,1.07193970680237,8.6556224822998,2.16774535179138,2.04196190834045,78.4074859619141,74.6122817993164,0.166560173034668,0.00845417845994234,0.40077355504036
"ES613",2013,NA,NA,0,8.52792453765869,17.5438556671143,2.75229334831238,0.988630652427673,78.4312362670898,62.4366226196289,0.189824983477592,0.00829571578651667,0.202222228050232
"ITF12",2023,NA,NA,0,7.10801696777344,16.7833442687988,3.9473922252655,2.48869752883911,79.2566452026367,73.8330535888672,0.0617451593279839,0.0431209914386272,2.89942093771589e-12
"SEG226034",2014,NA,NA,0,-4.30355978012085,3.44436383247375,1.87045288085938,2.45343923568726,84.883659362793,86.6057205200195,0.000588204944506288,0.000423601071815938,0.210848048329353
"DE71",2023,NA,NA,0,3.36612057685852,12.1665868759155,2.83054900169373,2.83714723587036,83.7861328125,79.9781265258789,0.0727546140551567,0.184135034680367,0
"RO111",2022,NA,NA,0,1.208984375,11.2364931106567,1.97035503387451,3.33943724632263,82.2342681884766,84.0646896362305,0.153629586100578,0.00504296366125345,0.251674056053162
"IEG11591",2024,NA,NA,0,6.88290214538574,10.9701595306396,3.46591138839722,2.51819896697998,86.7521743774414,86.5082778930664,0.65037351846695,0.0100930612534285,0
"SEG226077",2023,NA,NA,0,-6.08077049255371,1.75584959983826,1.10454535484314,2.84654784202576,87.0945739746094,86.1956329345703,0.00109046511352062,0.00330991903319955,0.121165975928307
"BG413",2022,NA,NA,0,0.657186448574066,10.9527359008789,2.38001561164856,1.62331521511078,74.4335861206055,73.010856628418,0.0460371896624565,0.00495908176526427,0.0430370718240738
"FI196",2019,NA,NA,0,-3.02672529220581,5.27187395095825,1.4736533164978,2.88165760040283,88.2306747436523,88.5881423950195,0.00172913132701069,0.01006193831563,0.676525235176086
"IEG11585",2024,NA,NA,0,7.2120418548584,11.4292659759521,3.89505672454834,2.99770665168762,86.9924240112305,86.6624069213867,0.510199069976807,0.011876174248755,1.18111319336034e-11
"SI034",2023,NA,NA,0,2.30359625816345,12.4413003921509,3.81515407562256,2.94304943084717,83.2360534667969,81.7437973022461,0.227670133113861,0.0245876424014568,0
"UKD3",2022,NA,NA,0,5.51146173477173,11.2189569473267,1.9779337644577,3.95819902420044,87.4590911865234,85.9067153930664,0.482833653688431,0.228702962398529,0
"NO011",2023,NA,NA,0,-2.87643098831177,5.8638105392456,2.305908203125,2.79294157028198,85.9362182617188,81.8398666381836,0.0244233403354883,0.109396733343601,0
"NL21",2017,NA,NA,0,3.2459282875061,11.0988664627075,1.64798152446747,2.644282579422,87.4905471801758,86.3871307373047,0.216993629932404,0.0626466199755669,1.04548236734558e-09
"FRI13",2020,NA,NA,0,9.9481782913208,15.2503042221069,3.73955798149109,3.18848252296448,81.3067779541016,77.0135040283203,0.0854122713208199,0.00791863910853863,6.1480049473749e-16
"PT187",2024,NA,NA,0,11.6234493255615,18.255729675293,1.90560388565063,1.68430840969086,82.8021774291992,73.2172088623047,0.299515128135681,0.00640712678432465,0.242369711399078
"FRH04",2024,NA,NA,0,8.43033695220947,12.8225507736206,2.8853862285614,2.70767545700073,87.046989440918,87.787841796875,0.259923040866852,0.0224402099847794,2.01086265694261e-11
"SEG226001",2018,NA,NA,0,-7.68704891204834,3.57388830184937,1.10957598686218,1.99006080627441,87.0643844604492,82.8730316162109,9.181479254039e-05,0.000158020935487002,0
"SEG226010",2017,NA,NA,0,-3.29009199142456,4.29543924331665,1.25360536575317,2.60265254974365,86.0823364257812,87.2444000244141,0.00174879387486726,0.0014456749195233,0
"DE23",2020,NA,NA,0,2.41809940338135,9.11728477478027,1.52557182312012,1.77614915370941,84.6901702880859,83.3414001464844,0.0988612473011017,0.0364628843963146,5.54004664365948e-09
"RO313",2024,NA,NA,0,3.01930904388428,10.8002796173096,1.97686553001404,1.91364073753357,77.7839813232422,72.0409545898438,0.10324339568615,0.011469304561615,0.173859819769859
"SE214",2023,NA,NA,0,2.23938989639282,9.99502372741699,1.02595341205597,2.75808000564575,83.6347961425781,82.3899078369141,0.00991113111376762,0.00270024454221129,0.152960687875748
"SK021",2013,NA,NA,0,0.129238113760948,10.9170513153076,2.64994835853577,2.01497864723206,83.6855697631836,78.1903991699219,0.156119212508202,0.0302101653069258,0.0534676946699619
"UKD1",2024,NA,NA,0,5.32761812210083,9.63934230804443,4.18324661254883,2.90697288513184,88.6694793701172,86.5761413574219,0.528953611850739,0.00927713792771101,0
"MEG125366",2021,NA,NA,0,0.691735863685608,9.04625797271729,3.118403673172,3.21045112609863,82.6415634155273,78.8190841674805,0.161809831857681,0.0202688574790955,0
"UKM84",2018,NA,NA,0,3.01882791519165,9.07266902923584,2.29334902763367,3.63926982879639,88.3951187133789,85.8119430541992,0.498863041400909,0.10114960372448,0
"ES618",2023,NA,NA,0,11.5778923034668,19.5388126373291,0.670422375202179,1.4797021150589,72.7058639526367,66.7118377685547,0.250397562980652,0.0208828002214432,0.155877217650414
"ITC17",2024,NA,NA,0,5.50836324691772,13.1412677764893,5.7154107093811,4.19861459732056,79.7700805664062,79.465576171875,0.0877143740653992,0.0396877974271774,0
"ES431",2023,NA,NA,0,9.53853702545166,18.1981945037842,0.71527773141861,2.08452200889587,74.9205093383789,66.4293060302734,0.217463880777359,0.00542083289474249,0.18885762989521
"PT11B",2018,NA,NA,0,5.62894725799561,13.7297601699829,5.47825908660889,3.10401105880737,82.9404296875,72.9938735961914,0.174586370587349,0.00566956214606762,0.00577420135959983
"FRE23",2015,NA,NA,0,4.33906745910645,11.5463953018188,1.35906934738159,2.17365336418152,85.78125,83.1093139648438,0.188374981284142,0.026669854298234,3.9210155955427e-11
"AT21",2023,NA,NA,0,-1.63988184928894,8.90809059143066,4.24971103668213,4.39956617355347,81.0504989624023,81.0826187133789,0.0698015466332436,0.0156849082559347,0
"ITC11",2024,NA,NA,0,2.35040140151978,9.02355766296387,7.29319286346436,4.92595100402832,68.8598709106445,75.7149810791016,0.060947809368372,0.0717582479119301,0
"ITH43",2017,NA,NA,0,4.4326319694519,13.6041975021362,3.08091998100281,7.49497127532959,71.7939987182617,75.5151519775391,0.0944516360759735,0.0318108461797237,0
"PL925",2022,NA,NA,0,0.506952822208405,8.49628925323486,1.70240747928619,1.89286589622498,83.8781890869141,85.6278533935547,0.123130269348621,0.00770257273688912,8.24339121269224e-12
"RSG125397",2020,NA,NA,0,2.52309799194336,11.7228841781616,2.6307110786438,1.1316887140274,78.4012451171875,77.2293014526367,0.0513277277350426,0.0147315338253975,0.21714623272419
"HU212",2023,NA,NA,0,3.14044046401978,13.5134201049805,2.26677393913269,2.76466608047485,82.080680847168,75.9184875488281,0.126028001308441,0.0328093469142914,4.46534395450726e-05
"IEG11597",2024,NA,NA,0,7.01885271072388,11.0344905853271,3.52030658721924,3.1581928730011,85.6666870117188,85.7138061523438,0.290720820426941,0.00545536447316408,0
"FRF31",2018,NA,NA,0,2.97113060951233,11.4747381210327,2.49183654785156,1.28488874435425,84.9942932128906,76.5906219482422,0.180393740534782,0.0307012144476175,2.32516393842597e-16
"UKF3",2019,NA,NA,0,5.93340015411377,10.4810991287231,1.71345603466034,3.78992223739624,85.4230270385742,84.3428649902344,0.262337923049927,0.01846993714571,2.56380250363009e-10
"PL516",2023,NA,NA,0,2.72515797615051,11.8458833694458,1.97000408172607,2.50179767608643,83.6215057373047,78.9442749023438,0.0976764783263206,0.0210072454065084,1.38071359900849e-10
"EL514",2018,NA,NA,0,4.02162981033325,13.4342498779297,2.71116185188293,1.48664271831512,78.5374298095703,70.3737411499023,0.0839683711528778,0.00314579904079437,0.206844240427017
"BG424",2023,NA,NA,0,3.07255625724792,12.6578340530396,3.48711585998535,2.09089827537537,78.5388031005859,73.5600204467773,0.017267968505621,0.00362078426405787,0.0729881003499031
"MK007",2023,NA,NA,0,3.66539025306702,13.4239187240601,2.89975595474243,1.83674240112305,78.6245803833008,70.8572158813477,0.190683647990227,0.00893330574035645,0.132934913039207
"MK003",2023,NA,NA,0,3.17267847061157,13.0160760879517,3.7964928150177,3.11571741104126,79.6789169311523,71.9229888916016,0.150512918829918,0.0133465090766549,0.131471022963524
"RO112",2022,NA,NA,0,-1.68345129489899,8.46253681182861,2.30811190605164,3.3104784488678,84.8789596557617,86.9391784667969,0.178647801280022,0.00540714850649238,0.00818858295679092
"NL22",2024,NA,NA,0,6.00200843811035,11.5116758346558,3.43105673789978,2.70634460449219,86.0652542114258,86.302864074707,0.179225653409958,0.0964476987719536,1.56241436455318e-10
"SEG226219",2024,NA,NA,0,-7.95910120010376,5.18693351745605,1.20112347602844,2.5221996307373,82.9767913818359,83.799186706543,0.0024000215344131,0.00171468814369291,0.0189794711768627
"RSG125383",2020,NA,NA,0,2.4566502571106,11.8099203109741,2.34999704360962,1.13538730144501,79.2725677490234,77.753173828125,0.0714911967515945,0.016757745295763,0.0625995174050331
"MEG125367",2023,NA,NA,0,1.67766511440277,11.2910251617432,4.86670446395874,6.0033974647522,83.1197128295898,78.2969589233398,0.0639008060097694,0.00118198723066598,0
"SEG226015",2024,NA,NA,0,-6.0207462310791,5.77209520339966,1.67499208450317,1.59105384349823,85.649055480957,83.432243347168,0.00200426764786243,0.00113942939788103,0
"PL515",2021,NA,NA,0,0.174092322587967,9.47078895568848,2.66060733795166,1.5017386674881,85.2408981323242,81.0031280517578,0.0865269601345062,0.0199400708079338,0.00286597199738026
"CZ01",2024,NA,NA,0,3.56676006317139,10.35471534729,1.73800730705261,2.32361531257629,79.7688751220703,78.4099426269531,0.105499066412449,0.0903045758605003,0.00085341528756544
"AL034",2017,NA,NA,0,1.03783333301544,11.1109113693237,2.43402099609375,2.51555061340332,73.2722396850586,69.690071105957,0.100611373782158,0.00654397578909993,0.319619685411453
"PL218",2022,NA,NA,0,0.35299077630043,9.04661750793457,2.07269477844238,2.38283109664917,78.6590728759766,83.5982894897461,0.0830207988619804,0.0211059581488371,1.32306443578756e-10
"ITG19",2023,NA,NA,0,12.856912612915,21.7835559844971,1.15383672714233,1.08867716789246,78.1675109863281,72.6501617431641,0,0.0252954326570034,2.54028230200175e-15
"EL613",2023,NA,NA,0,10.3150386810303,19.265754699707,2.00656509399414,5.54691743850708,75.9087982177734,73.8872833251953,0.00596676394343376,0.00468930182978511,0.0321039408445358
"AL013",2022,NA,NA,0,0.90070652961731,11.8590755462646,3.34067749977112,5.0711817741394,77.348747253418,75.4179458618164,0.12423500418663,0.0133202206343412,0
"RO311",2024,NA,NA,0,2.31813144683838,9.99074554443359,2.17880916595459,2.08261752128601,78.2823867797852,73.3533248901367,0.106380850076675,0.00874392408877611,0.126281157135963
"HR047",2018,NA,NA,0,2.8073296546936,12.9852848052979,2.82340121269226,1.26219320297241,83.2897872924805,76.9391479492188,0.12024848908186,0.0083553958684206,0.311918139457703
"PT16B",2019,NA,NA,0,12.0513515472412,17.1450805664062,1.5026683807373,2.10254240036011,79.5700607299805,80.2685394287109,0.228135019540787,0.0140371592715383,0.0592272579669952
"NL34",2023,NA,NA,0,5.65111494064331,13.7361116409302,2.67389702796936,3.96356725692749,85.4596176147461,83.1518859863281,0.155357509851456,0.129857495427132,1.94626381677665e-09
"FRK14",2023,NA,NA,0,3.51632928848267,13.0131530761719,2.79319787025452,3.14767956733704,81.3554992675781,74.7503356933594,0.177191555500031,0.0218725092709064,0
"SI041",2023,NA,NA,0,2.14974880218506,12.2470445632935,4.11459350585938,4.66396045684814,84.5326309204102,82.4426956176758,0.137413755059242,0.016864288598299,0
"DEB3",2023,NA,NA,0,3.74083089828491,12.5971994400024,2.66420555114746,2.96262264251709,83.6394424438477,78.9737548828125,0.0904461145401001,0.132086053490639,0
"UKJ4",2019,NA,NA,0,6.42904472351074,11.8207292556763,1.53703248500824,3.29317355155945,85.4455947875977,83.0979690551758,0.238433241844177,0.0998954698443413,1.20587741181399e-11
"UKN16",2017,NA,NA,0,6.14933347702026,9.79183292388916,2.2475254535675,3.403972864151,87.9984741210938,87.7338790893555,0.610364317893982,0.00554961757734418,0
"BG315",2022,NA,NA,0,2.35130977630615,12.859227180481,1.7527562379837,1.28916120529175,75.9968490600586,72.9930648803711,0.122478358447552,0.00778143759816885,7.60373659431934e-05
"MK002",2018,NA,NA,0,2.92843627929688,12.9066848754883,2.61179685592651,1.05280208587646,77.3002166748047,66.3216857910156,0.248217329382896,0.002205157186836,0.233124703168869
"AT12",2023,NA,NA,0,1.91837549209595,11.9245014190674,2.85651636123657,2.10185027122498,80.7473754882812,75.8203125,0.132223695516586,0.0249078366905451,0.171628072857857
"ES113",2017,NA,NA,0,6.41693925857544,12.8760776519775,2.52565908432007,1.34616601467133,81.7977981567383,71.6598815917969,0.114237457513809,0.00773714436218143,0
"EL543",2023,NA,NA,0,5.28699254989624,14.6874828338623,4.36674928665161,5.76916360855103,78.4715576171875,76.2808303833008,0.0598221123218536,0.00336778699420393,0.144419804215431
"RSG125388",2018,NA,NA,0,2.11781024932861,12.2593240737915,2.20355701446533,1.1866899728775,82.7203826904297,73.6986846923828,0.0657059103250504,0.0138241918757558,0.0909036993980408
"UKM62",2017,NA,NA,0,4.24963474273682,8.01911735534668,2.08712983131409,3.85983467102051,86.7780456542969,86.4052886962891,0.130767121911049,0.00406271405518055,9.31803523229746e-11
"IEG11594",2023,NA,NA,0,5.89923048019409,11.2730283737183,3.16245794296265,4.4432635307312,87.3830642700195,87.5300827026367,0.670312821865082,0.0106201572343707,0
"RO224",2018,NA,NA,0,1.29788374900818,12.0694284439087,1.07963037490845,0.877123355865479,84.0317611694336,70.5305404663086,0.154436692595482,0.00579089252278209,0.0396408401429653
"EL302",2023,NA,NA,0,11.1691856384277,20.5117378234863,1.25034284591675,1.01659798622131,75.6788482666016,67.3473739624023,0.0117983445525169,0.0654159709811211,0.0544290989637375
"EL642",2024,NA,NA,0,12.2839803695679,19.3784465789795,1.22083699703217,1.51536786556244,74.438117980957,67.1343765258789,0.0516856946051121,0.00831557251513004,0.0589617416262627
"BE33",2023,NA,NA,0,3.51268982887268,12.0812082290649,3.1240451335907,3.75322890281677,86.8019485473633,83.662712097168,0.210870206356049,0.130653128027916,0
"PL634",2024,NA,NA,0,2.10594630241394,10.6075458526611,1.48851895332336,1.53529047966003,88.2973937988281,81.9440460205078,0.0650449991226196,0.0278891734778881,2.53105808951659e-05
"PL229",2022,NA,NA,0,1.73100852966309,9.9374189376831,1.71264839172363,1.68115222454071,79.5460968017578,82.5579528808594,0.0615565925836563,0.135044991970062,2.19112755717177e-10
"FI1C2",2014,NA,NA,0,-2.77454209327698,6.15389537811279,1.29783761501312,1.24355471134186,91.1683578491211,87.8763122558594,0.00337264616973698,0.012956079095602,0.58110636472702
"NL41",2020,NA,NA,0,6.37234735488892,12.0197458267212,1.11447560787201,2.08976054191589,85.209587097168,83.0041427612305,0.18632684648037,0.152709230780602,2.50609588636763e-10
"PL633",2024,NA,NA,0,2.18469071388245,10.7127647399902,1.4228823184967,1.38886415958405,87.7414245605469,81.0853881835938,0.0815036371350288,0.0606983564794064,1.12979112176781e-10
"ES242",2023,NA,NA,0,5.03393650054932,15.1139450073242,0.996056139469147,1.31531155109406,69.6604690551758,65.1514434814453,0.0473179556429386,0.00154547288548201,0.258504867553711
"ES417",2022,NA,NA,0,4.67909574508667,13.6666431427002,2.42252063751221,1.68751633167267,69.6591796875,64.6728591918945,0.0998026207089424,0.00195869477465749,0.251944154500961
"PL431",2023,NA,NA,0,2.49459075927734,11.5397415161133,1.8393886089325,2.09696173667908,85.2550659179688,80.4797134399414,0.0678615123033524,0.0109882708638906,9.04649299915405e-10
"SEG226217",2024,NA,NA,0,-6.37631607055664,6.10353469848633,1.22189211845398,2.35364937782288,81.9163284301758,82.1223297119141,0.00742325000464916,0.00737859588116407,0.00033877557143569
"RSG125398",2024,NA,NA,0,3.99685788154602,11.1176843643188,2.2305281162262,1.71713078022003,79.6067123413086,73.9614028930664,0.068344920873642,0.00363303278572857,0.099684052169323
"PL622",2020,NA,NA,0,2.86075663566589,10.319073677063,1.74330830574036,1.59158945083618,85.1793212890625,85.2394866943359,0.101899042725563,0.0084330253303051,0.00777423987165093
"NO062",2021,NA,NA,0,-4.86827087402344,4.58065795898438,4.15139102935791,5.91699075698853,80.9715347290039,85.9533996582031,0.00373076950199902,0.00171848211903125,0.00235211127437651
"PL822",2023,NA,NA,0,1.60304152965546,11.4064769744873,2.32873106002808,2.85637021064758,84.0242919921875,80.1808395385742,0.0896489396691322,0.0119497133418918,0.0938218161463737
"SEG226080",2023,NA,NA,0,-8.61258029937744,-2.13122296333313,1.80684173107147,2.34653258323669,81.9816131591797,84.1567153930664,3.27891393681057e-06,0.000275034282822162,0
