"nutM_code","year","year_start","year_end","response","annual_temperature","annual_precipitation","annual_relative_humidity","temperature_winter","temperature_spring","temperature_summer","temperature_fall","seasonal_variation","precipitation_winter","precipitation_spring","precipitation_summer","precipitation_fall","relative_humidity_winter","relative_humidity_spring","relative_humidity_summer","relative_humidity_fall","croplands","pastures","rangelands","urbanAreas","primaryForest","primaryNonForest","secondaryForest","secondaryNonForest","secondaryLand","total_population","population_density"
"ES300",NA,2018,2019,1,14.1893262863159,1.49188876152039,59.5544700622559,5.49565887451172,12.2531805038452,24.2020835876465,14.8063793182373,18.7064247131348,1.18752086162567,2.25901961326599,0.499283313751221,2.02173161506653,72.9020538330078,60.3396911621094,39.4162979125977,65.5598220825195,0.354519695043564,0.0678505823016167,0.144548326730728,0.084824912250042,0,0.132776632905006,0,0.214702814817429,0.214702814817429,5531073,691.21447954251
"ES511",NA,2018,2023,1,14.0647964477539,2.36165595054626,74.3059616088867,6.77914190292358,12.3398809432983,22.0885314941406,15.0516309738159,15.3093900680542,1.52684938907623,2.64419770240784,2.41692924499512,2.85864686965942,76.0034866333008,73.0632019042969,71.3245849609375,76.8325729370117,0.213274583220482,0.0536637790501118,0.0160824414342642,0.0647393316030502,0.000195345535757951,0.0898571386933327,0.402624487876892,0.0408084914088249,0.443432986736298,2836345.5,367.709834341999
"ES620",2018,NA,NA,1,16.7964324951172,1.24034857749939,63.992488861084,9.39843559265137,15.1932430267334,25.0698337554932,17.5242195129395,15.6713991165161,0.940225422382355,1.10542619228363,0.631694793701172,2.28404808044434,66.4408798217773,58.4921684265137,56.783805847168,74.2530899047852,0.346487373113632,0,0.171701043844223,0.0130543699488044,0,0.100304499268532,0,0.300321310758591,0.300321310758591,1244748.375,110.062721607149
"FR101",NA,2021,2024,1,12.3464450836182,2.35745191574097,77.9083633422852,5.88631343841553,10.9866876602173,19.6048603057861,12.9079170227051,13.7185468673706,2.30892848968506,2.2415087223053,2.21465826034546,2.66471195220947,85.8330688476562,73.4807434082031,69.5745391845703,82.7450942993164,0.191405951976776,0.0201632156968117,1.4383989832556e-10,0.584239900112152,0,0,0,0.204190969467163,0.204190969467163,330590.46875,4321.71018302971
"FR103",2024,NA,NA,1,12.2071228027344,2.64261913299561,81.9847106933594,6.68035984039307,11.3976135253906,18.7049713134766,12.0455474853516,12.0246105194092,2.44257569313049,3.1075131893158,1.91072559356689,3.10966205596924,86.7337188720703,80.7994537353516,73.2587432861328,87.1469345092773,0.377574265003204,0.0997712910175323,1.56296875442052e-09,0.17278541624546,0,5.19619125505244e-10,0,0.349869072437286,0.349869072437286,2494156.5,1090.41187766541
"FR105",2024,NA,NA,1,12.4639348983765,2.74533247947693,81.5105133056641,6.79436635971069,11.7160682678223,19.1199893951416,12.2253150939941,12.3256225585938,2.4728991985321,3.1697096824646,2.12997031211853,3.20875120162964,86.3818893432617,80.0629119873047,72.6982040405273,86.899040222168,0.188358500599861,0.0202324278652668,1.70099961893655e-10,0.587596118450165,0,0,0,0.20381298661232,0.20381298661232,703655.4375,4342.30695988171
"FR106",2024,NA,NA,1,12.4876508712769,2.82202625274658,81.5513916015625,6.7586498260498,11.7540340423584,19.188871383667,12.2490463256836,12.4302234649658,2.62513136863708,3.24205088615417,2.23384165763855,3.18708205223083,86.4730834960938,80.0709075927734,72.8070373535156,86.8545379638672,0.26989221572876,0.047536164522171,1.30204536041845e-09,0.412457764148712,0,0,0,0.270113855600357,0.270113855600357,656871.8125,2816.13634881645
"FR107",NA,2023,2024,1,12.5611562728882,2.60153865814209,79.3056793212891,6.05365324020386,11.3799886703491,19.5725002288818,13.2384824752808,13.5188455581665,2.13962030410767,2.78441047668457,2.40623569488525,3.07588815689087,85.6035842895508,77.4937515258789,70.8107299804688,83.3146514892578,0.253976792097092,0.0417632274329662,8.35979230284778e-10,0.448300451040268,0,0,0,0.255959540605545,0.255959540605545,736893.4375,3122.72481534461
"FRI11",2023,NA,NA,1,14.1914768218994,2.87856411933899,74.8009567260742,6.20375061035156,13.0545663833618,21.6892166137695,15.8183698654175,15.4854679107666,2.15851807594299,2.60496425628662,2.21859908103943,4.5321741104126,81.7106246948242,72.2126770019531,69.5039901733398,75.7765274047852,0.326237678527832,0.149372264742851,0.000374745257431641,0.011487421579659,0,2.4858086509344e-12,0.0685954838991165,0.443932473659515,0.512527942657471,442062.875,47.9981775723077
"FRJ12",NA,2015,2023,1,14.5382213592529,2.46216130256653,66.9186706542969,7.02365303039551,13.1844005584717,23.1844787597656,14.7603492736816,16.1608257293701,2.11607909202576,2.40605640411377,1.53261184692383,3.79389762878418,73.5801391601562,64.4736480712891,58.1830558776855,71.4378356933594,0.32633975148201,0.0891113057732582,0.00128802296239883,0.0311399213969707,2.95121899140938e-10,0,0.390440851449966,0.127029418945312,0.517470300197601,841920.9375,143.408661611304
"FRJ13",NA,2014,2024,1,14.3607378005981,2.50192737579346,71.9620742797852,7.54493522644043,12.8004083633423,22.1343784332275,14.963231086731,14.5894422531128,2.17704963684082,2.57781267166138,1.41164970397949,3.8411979675293,77.2443618774414,69.8715133666992,64.8575057983398,75.8749237060547,0.296299457550049,0.0823164656758308,0.000427728984504938,0.0267599858343601,1.27613875022803e-09,9.59500881525521e-11,0.354813247919083,0.110934883356094,0.465748101472855,815299.25,130.695426290551
"FRJ14",2024,NA,NA,1,10.3135843276978,3.78163814544678,77.4910202026367,4.16012144088745,8.46698665618896,18.1379203796387,10.4893112182617,13.9777984619141,2.2555422782898,5.93870115280151,1.88765263557434,5.04465579986572,80.116569519043,76.311164855957,70.7675399780273,82.768798828125,0.198495745658875,0.109669499099255,0.00779226841405034,0.00405579432845116,7.21156800942424e-10,0,0.679986715316772,0,0.679986715316772,93554.8359375,18.1802735709454
"FRJ15",NA,2022,2024,1,13.6063404083252,2.18211960792542,70.0317916870117,6.37568426132202,11.8291234970093,21.624303817749,14.5962476730347,15.2486200332642,1.38283967971802,2.77838492393494,2.35216522216797,2.21508884429932,70.5835647583008,69.1485366821289,66.3714981079102,74.023567199707,0.204916179180145,0.0499340780079365,0.00990694295614958,0.0177181288599968,1.10081073216861e-05,0.137894824147224,0.0170183554291725,0.518486201763153,0.535504519939423,382392.28125,92.5435160160595
"FRJ23",2022,NA,NA,1,14.3015546798706,2.64440631866455,71.2453765869141,6.10991191864014,12.6367845535278,22.9144954681396,15.5450239181519,16.8045845031738,3.06369590759277,2.77657008171082,1.98687744140625,2.7504825592041,78.4613418579102,72.0352096557617,62.1031494140625,72.3818130493164,0.424016267061234,0.195440635085106,0.00775712123140693,0.0295033417642117,0,0.0500931777060032,0,0.293189436197281,0.293189436197281,966156.625,150.32506511138
"FRJ26",NA,2022,2024,1,11.2077169418335,3.80952858924866,75.1797637939453,4.08515644073486,9.58800411224365,18.8671340942383,12.2905712127686,14.7819776535034,3.22484493255615,4.02361536026001,3.92223453521729,4.06741952896118,76.8634796142578,74.0563354492188,71.9258880615234,77.8733673095703,0.265933692455292,0.123817518353462,0.0272406470030546,0.0134362485259771,0,0.14329007267952,0,0.426281780004501,0.426281780004501,220676.796875,48.6783403548444
"FRJ28",2022,NA,NA,1,15.4510402679443,2.1122715473175,69.9145278930664,6.52983856201172,14.0735807418823,24.6041679382324,16.5965747833252,18.0743293762207,2.28012657165527,2.111971616745,1.61696588993073,2.44002175331116,82.8007965087891,68.4869003295898,55.3703575134277,73.0000534057617,0.450446844100952,0.205050110816956,3.14833537018444e-09,0.0321351699531078,0,0,0,0.312367886304855,0.312367886304855,563059.625,151.000774862685
"FRK21",2023,NA,NA,1,12.8520040512085,3.73559188842773,72.5251007080078,4.66959381103516,11.2246437072754,21.541820526123,13.9719552993774,16.8722267150879,2.84408855438232,3.97415065765381,2.68506622314453,5.43906259536743,80.2929916381836,72.4491119384766,62.3920288085938,74.9662704467773,0.301300406455994,0.165248185396194,0.000642092432826757,0.0370873622596264,1.07553153883e-10,1.89910676300376e-16,0.252000063657761,0.238120391964912,0.490120500326157,970660.0625,168.423621464263
"FRK23",NA,2023,2024,1,12.4995012283325,3.06648707389832,72.1464691162109,4.85844421386719,11.0428247451782,21.0979690551758,12.9987678527832,16.2395267486572,2.41238713264465,3.77675008773804,2.18305540084839,3.8937554359436,78.3903884887695,70.3443222045898,63.6824493408203,76.1687088012695,0.304757207632065,0.103962227702141,0.00379040068946779,0.0162618048489094,9.32454738422628e-11,0,0.529275834560394,0.0419525466859341,0.571228384971619,489426.21875,75.2487725886018
"FRK24",2023,NA,NA,1,10.5924339294434,3.72168755531311,72.9613265991211,2.19571232795715,8.93147659301758,19.4139976501465,11.8285503387451,17.2182865142822,2.51112794876099,4.03340339660645,3.21613526344299,5.12608337402344,77.3712005615234,73.987548828125,64.7646331787109,75.7219390869141,0.264619946479797,0.113890551030636,0.00747955497354269,0.0396101251244545,5.50879841743068e-10,0,0.426896393299103,0.145385250449181,0.572281658649445,1318056.75,168.098641146814
"FRK26",NA,2019,2023,1,12.6997556686401,2.67118120193481,71.724235534668,4.92155408859253,11.4648504257202,21.3621120452881,13.0505056381226,16.4405574798584,2.54094123840332,2.34502792358398,2.54446291923523,3.25429224967957,81.5723724365234,66.9037170410156,61.5870132446289,76.8338317871094,0.370540350675583,0.209010928869247,2.75482681111328e-09,0.11165289580822,0,2.73069128513802e-16,0.178805738687515,0.129990100860596,0.308795869350433,1581535.125,484.376531740698
"FRL01",2023,NA,NA,1,10.4430503845215,2.8564829826355,68.0478363037109,2.18773365020752,8.82525157928467,19.09840965271,11.6608057022095,16.9106750488281,2.13661670684814,2.82584071159363,2.74700117111206,3.71647310256958,69.989875793457,67.9456939697266,63.2300910949707,71.0256729125977,0.255638897418976,0.05002636089921,0.0192430466413498,0.0066984505392611,3.46614070778628e-10,0,0.665963113307953,0,0.665963113307953,253920.046875,36.30571700607
"FRL03",NA,2010,2024,1,10.7317333221436,3.11532354354858,73.2050018310547,3.25861358642578,9.16904354095459,18.8564414978027,11.6428318023682,15.5978288650513,2.74541544914246,3.34435105323792,2.49549102783203,3.87603616714478,70.4660263061523,72.6519622802734,74.0001068115234,75.7019119262695,0.132190734148026,0.0293697845190763,0.0242270082235336,0.0404334403574467,1.18498255652355e-09,2.0105531822745e-12,0.600173056125641,0.0450140871107578,0.645187139511108,765524.0625,178.386325793853
"FRL04",NA,2013,2023,1,15.6904230117798,1.86543452739716,67.6822204589844,8.37583446502686,14.1248941421509,23.8388290405273,16.4221343994141,15.4629945755005,1.91083872318268,1.81087327003479,0.974874496459961,2.7651515007019,73.4090576171875,65.6861724853516,60.4300956726074,71.2035522460938,0.300614595413208,0.0856758132576942,0.000759164977353066,0.0637468621134758,3.12853326578377e-10,8.24838947144357e-11,0.120060317218304,0.197678864002228,0.317739188671112,1243442.375,237.015831175653
"FRL05",NA,2010,2024,1,14.520266532898,2.24864721298218,69.5083847045898,7.25008726119995,12.9539194107056,22.5298175811768,15.3472414016724,15.279730796814,2.34356427192688,2.27760243415833,1.19796848297119,3.17545437812805,72.3829574584961,68.5305404663086,64.6368103027344,72.4832305908203,0.214869812130928,0.0361515432596207,0.00396426906809211,0.0285622123628855,3.47293721558728e-10,7.5373224328601e-10,0.264112889766693,0.266408324241638,0.530521214008331,787683.3125,130.62317422964
"FRL06",2024,NA,NA,1,14.2381744384766,2.79083704948425,70.2163162231445,6.96055030822754,12.9139528274536,22.9024543762207,14.1757392883301,15.9419059753418,2.01623296737671,4.1517219543457,1.11748993396759,3.87790417671204,76.2371139526367,67.0675354003906,60.8959426879883,76.6646575927734,0.385948568582535,0.117670223116875,0.000463041942566633,0.0356548726558685,7.43565209404551e-10,0,0.43292698264122,0.01984260417521,0.452769607305527,493477.96875,137.144052217144
"FRM01",2022,NA,NA,1,16.727710723877,1.82639932632446,71.2035369873047,9.63751602172852,13.7258129119873,25.1623687744141,18.3851470947266,15.5248527526855,1.70378088951111,1.96170699596405,0.582594752311707,3.05751466751099,74.4746398925781,70.7023315429688,66.2123489379883,73.4248352050781,0.0455914214253426,0.0192881096154451,0.0212406478822231,0.00466243550181389,0,2.22029106211608e-09,0,0.573538482189178,0.573538482189178,86932.0625,21.7060250806798
"HR033",2024,NA,NA,1,15.4671592712402,3.52048134803772,72.8557739257812,8.09428215026855,14.1531801223755,24.601921081543,15.0192537307739,16.5076389312744,3.55416107177734,4.00943851470947,1.62175834178925,4.89656782150269,77.2946472167969,72.8203430175781,65.5623626708984,75.7457580566406,0.0855128169059753,0.0626592487096786,0.0392655394971371,0.00349151366390288,1.399846127903e-09,0.00163768988568336,0.573862135410309,0.00616514729335904,0.580027282238007,86905.5703125,24.9482315043544
"HR037",2010,NA,NA,1,15.198353767395,5.56371736526489,72.8519897460938,8.06940460205078,13.3543357849121,23.3218822479248,16.0477886199951,15.2524785995483,8.66970252990723,4.65736436843872,1.14348113536835,7.78431987762451,75.0614013671875,73.7064437866211,67.9640808105469,74.676025390625,0.0812116488814354,0.13953523337841,0.0147356139495969,0.00195458577945828,1.65396729645551e-09,0.034299973398447,0.227036073803902,0.0251815412193537,0.252217620611191,45786.51953125,26.4604282360089
"ITC33",2023,NA,NA,1,15.487286567688,3.14514994621277,74.4994277954102,8.20810699462891,13.5184755325317,23.2693424224854,16.9532203674316,15.0612335205078,2.9806342124939,2.24326968193054,2.66779780387878,4.68889904022217,77.6405258178711,72.7423400878906,72.5514755249023,75.0633926391602,0.110227935016155,0.0314780808985233,0.000270245625870302,0.0500907972455025,0,3.38802375043912e-10,0.262608021497726,0.215080544352531,0.477688550949097,218283.625,117.510768514979
"ITC42",2024,NA,NA,1,11.238618850708,5.45622253417969,76.2181015014648,3.55641222000122,9.83971405029297,20.6870365142822,10.8713111877441,17.1306247711182,3.6014187335968,7.09098672866821,5.45398569107056,5.67850017547607,76.5630569458008,74.714241027832,74.1879577636719,79.4071578979492,0.0965307429432869,0.0420612655580044,0.0201025195419788,0.206431433558464,2.57054543908453e-05,0,0.589936256408691,0,0.589936256408691,1075005.125,842.204216607876
"ITC43",2024,NA,NA,1,11.7232484817505,5.47191429138184,76.2450256347656,3.95196342468262,10.3940801620483,21.2317638397217,11.3151836395264,17.2798004150391,3.65976786613464,7.00955486297607,5.49010038375854,5.72823429107666,76.7579116821289,74.5305023193359,74.2212829589844,79.4704208374023,0.105202183127403,0.0364063456654549,0.0156774539500475,0.255179971456528,2.77550534519833e-05,0,0.544398903846741,0,0.544398903846741,805679.375,1007.96431263172
"ITC44",2024,NA,NA,1,5.0373477935791,4.76646137237549,76.4288101196289,-2.57187867164612,3.31212162971497,14.2595663070679,5.14958143234253,16.8314456939697,3.68341970443726,5.98629140853882,4.70583868026733,4.69029426574707,73.2115707397461,77.2218856811523,76.7176971435547,78.5640640258789,0.0150049570947886,0.0709931552410126,0.0750100836157799,0.00852917786687613,9.55378936851048e-07,0,0.801873683929443,0,0.801873683929443,135897.609375,42.4406719645411
"ITC46",2023,NA,NA,1,11.2592172622681,4.26739931106567,74.3145446777344,2.83832383155823,10.0680322647095,20.0218982696533,12.1086149215698,17.1835746765137,1.81943142414093,4.03329563140869,5.79904174804688,5.41782808303833,75.0376663208008,72.1074371337891,72.8132781982422,77.2997741699219,0.202239766716957,0.0631231293082237,0.0110303340479732,0.100907027721405,5.88804823564715e-07,0,0.615746915340424,0,0.615746915340424,1323809.125,479.396335990368
"ITC47",2023,NA,NA,1,11.2034730911255,3.78049659729004,74.5662307739258,2.82197880744934,9.85643005371094,20.0020942687988,12.1333904266357,17.1801147460938,1.83049333095551,3.68117713928223,5.1421103477478,4.46820449829102,75.9935684204102,71.9416580200195,72.7621231079102,77.5675506591797,0.237696707248688,0.0628780946135521,0.0129948537796736,0.0521054938435555,1.53873719321851e-11,0,0.60638415813446,0,0.60638415813446,1134345.625,238.887203371249
"ITC49",2023,NA,NA,1,15.4140996932983,2.97241401672363,72.3818740844727,6.25261449813843,14.3440160751343,25.0389175415039,16.0208492279053,18.786304473877,1.82299101352692,2.65827250480652,3.88379240036011,3.52460074424744,81.7810211181641,68.0442276000977,64.3124084472656,75.3898239135742,0.612595438957214,0.0919737964868546,9.47183109722971e-10,0.0833575055003166,1.73720603874328e-11,0,0.207908779382706,0,0.207908779382706,394319.09375,500.503561730645
"ITC4B",2022,NA,NA,1,15.2645063400269,1.96366858482361,70.4027099609375,4.98034048080444,13.770133972168,26.1789436340332,16.1286029815674,21.1986045837402,1.10049664974213,1.50542891025543,2.70620536804199,2.54254341125488,80.4667434692383,64.5841598510742,59.385570526123,77.1743698120117,0.593862175941467,0.0981299206614494,0.00359400454908609,0.0653705075383186,0,3.85388847223494e-16,0.177050799131393,0.0382867678999901,0.215337559580803,720136.3125,311.275469960342
"ITC4C",NA,2022,2024,1,14.6250801086426,3.48367786407471,71.5623550415039,5.45769834518433,13.6782264709473,24.6449565887451,14.7194356918335,19.1872596740723,1.97969484329224,3.76139307022095,3.8069314956665,4.38669157028198,77.880256652832,66.8366165161133,64.2130966186523,77.3194580078125,0.433691591024399,0.0539664663374424,0.0004330511437729,0.159863904118538,1.54514200403355e-05,0,0.32859593629837,0,0.32859593629837,1351708.875,872.648906996217
"ITF31",2017,NA,NA,1,14.9533023834229,2.17589664459229,72.7754745483398,7.18717288970947,13.5944652557373,23.9605159759521,15.0710525512695,16.773344039917,2.50988936424255,1.74022793769836,0.372747093439102,4.08072233200073,75.6202774047852,73.7616806030273,66.4598922729492,75.2600402832031,0.343790888786316,0.0876586884260178,6.0240790134003e-10,0.0483913272619247,0,8.83675563279063e-11,0,0.414871752262115,0.414871752262115,782094.375,292.023867519228
"ITF35",2024,NA,NA,1,16.3672981262207,2.62804174423218,74.3685913085938,9.84129428863525,14.247766494751,24.734354019165,16.6457767486572,14.8930606842041,3.59128332138062,2.89936709403992,0.683348655700684,3.33816838264465,79.5890197753906,75.9265289306641,65.0700149536133,76.8888092041016,0.207639113068581,0.0628804340958595,8.33954294510164e-10,0.0350076779723167,0,2.84761880742224e-10,0,0.555147767066956,0.555147767066956,712427.875,144.138659690129
"ITF48",2023,NA,NA,1,17.4150772094727,1.73435604572296,69.9737854003906,9.88593482971191,14.1980886459351,25.6968307495117,19.8794555664062,15.8108978271484,1.40331089496613,3.02015018463135,1.05752909183502,1.45643377304077,77.5142440795898,72.8465881347656,61.5613746643066,67.9729309082031,0.309290140867233,0.12374672293663,8.17391779261989e-11,0.0507704950869083,0,2.40401691609105e-11,0,0.257390022277832,0.257390022277832,262876.75,168.260863214493
"ITF63",2017,NA,NA,1,16.0127639770508,1.90485548973083,72.277961730957,9.05554485321045,14.0217952728271,24.2490482330322,16.7246704101562,15.1935043334961,3.08904600143433,1.38307213783264,0.328913301229477,2.81839036941528,75.7588729858398,73.6607894897461,65.5782089233398,74.1139526367188,0.172568961977959,0.0852913856506348,1.67521330141085e-10,0.0247394219040871,0,7.74026259753313e-11,0,0.438214719295502,0.438214719295502,213055.84375,88.6075493343967
"ITF65",NA,2017,2024,1,17.5578670501709,2.17075300216675,75.1576843261719,11.4465951919556,14.5839834213257,24.6872406005859,19.5136528015137,13.2406454086304,2.80663442611694,2.00082945823669,0.733483731746674,3.14206409454346,76.2675399780273,76.2649765014648,71.375244140625,76.7229461669922,0.0886565074324608,0.0389667078852654,4.74608796707798e-10,0.0348394550383091,0,3.44747647096355e-10,0,0.395033210515976,0.395033210515976,385475.40625,122.499716892153
"ITH10",2017,NA,NA,1,3.8486795425415,3.38564729690552,69.6882858276367,-5.07707023620605,3.95479679107666,13.3720712661743,3.14492034912109,18.4491405487061,1.22774744033813,3.32319593429565,5.26006650924683,3.73157978057861,64.0541687011719,68.2125244140625,71.7430877685547,74.7433776855469,0.0240209717303514,0.0972045361995697,0.0491776168346405,0.0125470692291856,1.05340673683951e-10,0,0.787604987621307,0,0.787604987621307,454414.875,61.399272059772
"ITH32",2020,NA,NA,1,12.5568809509277,3.49246954917908,72.7768249511719,4.70448970794678,12.0712194442749,20.9633865356445,12.4884262084961,16.2588977813721,1.32317364215851,3.13613057136536,5.73610877990723,3.77446532249451,74.9328460693359,66.0557174682617,72.0254135131836,78.0933151245117,0.307266145944595,0.0771707147359848,0.00665117986500263,0.0642405077815056,0,0,0.543512225151062,0,0.543512225151062,791774.6875,293.128851639882
"ITH34",NA,2020,2024,1,13.5493383407593,3.67386317253113,74.7853164672852,4.99612951278687,12.2785310745239,22.9284534454346,13.994236946106,17.9323253631592,2.91947388648987,3.7978343963623,3.87462782859802,4.10351610183716,78.9271392822266,71.4337844848633,71.0614929199219,77.718864440918,0.495504826307297,0.060800313949585,0.000834845064673573,0.0885110273957253,0,0,0.328309118747711,0,0.328309118747711,981568.5,400.915232774305
"ITH35",2024,NA,NA,1,15.3645420074463,4.2687497138977,77.3056716918945,6.75613403320312,14.3536310195923,25.1315765380859,15.2168254852295,18.3754444122314,3.29115295410156,5.61198472976685,2.37998294830322,5.79187679290771,82.7364349365234,77.7136154174805,71.1637649536133,77.6088638305664,0.465578079223633,0.0530873723328114,0.000360474572516978,0.05509377643466,2.78538529047134e-11,0,0.175376415252686,0.000199186586542055,0.175575584173203,533819,262.957607269855
"ITH36",2023,NA,NA,1,15.1545877456665,2.86615562438965,73.4745483398438,6.1968560218811,13.7462368011475,24.5132217407227,16.162036895752,18.3163661956787,1.86181437969208,3.07433772087097,3.50357127189636,3.02489924430847,80.6118011474609,70.0686111450195,68.0751342773438,75.1426544189453,0.529507637023926,0.0768638253211975,0.000731020409148186,0.0804055407643318,6.32409923040367e-12,0,0.275132536888123,0,0.275132536888123,789321.6875,371.139805905289
"ITH54",NA,2017,2023,1,13.7664566040039,2.85577750205994,73.2636260986328,4.68239974975586,12.5287666320801,23.5606250762939,14.2940320968628,18.8782272338867,2.37395477294922,3.16661286354065,2.40266585350037,3.47987627983093,79.5179901123047,69.2278442382812,65.601188659668,78.7074813842773,0.394076645374298,0.0942387282848358,0.000955838651861995,0.0462903492152691,0,9.2482350021807e-16,0,0.462864935398102,0.462864935398102,607547,225.816194217028
"ITH57",2007,NA,NA,1,15.1419591903687,1.75112128257751,69.8860931396484,7.7286171913147,15.1785879135132,23.9691066741943,13.6915254592896,16.2404899597168,1.05750024318695,2.23118543624878,1.39412760734558,2.32167220115662,81.6174011230469,67.2012176513672,58.8432388305664,71.8825225830078,0.469036400318146,0.104630887508392,0.00106397364288568,0.0329006761312485,0,3.21029106076232e-11,0,0.268473893404007,0.268473893404007,334148.5625,176.563790991955
"ITH57",2017,NA,NA,1,14.9804153442383,1.92262256145477,68.8047943115234,5.18328189849854,14.7456436157227,25.6108016967773,14.3819341659546,20.4275188446045,1.6652467250824,1.33169448375702,0.969453930854797,3.72409462928772,77.984130859375,65.3181762695312,56.316162109375,75.6007080078125,0.446090131998062,0.0973807573318481,0.000382646423531696,0.0372259095311165,0,3.21029106076232e-11,0,0.295026361942291,0.295026361942291,353329.25,186.698848504979
"ITI14",2023,NA,NA,1,14.691460609436,3.14316534996033,74.8148193359375,6.65613746643066,12.4034337997437,23.4177188873291,16.288553237915,16.7615814208984,3.51617980003357,3.42462873458862,1.75075221061707,3.88110041618347,83.5110473632812,74.779655456543,67.0700531005859,73.8985137939453,0.29401221871376,0.0610033720731735,0.000251752120675519,0.0770649462938309,0,1.65033817774857e-12,0.060250636190176,0.507018148899078,0.567268788814545,1249106.625,352.221076524906
"ITI16",2023,NA,NA,1,17.2854900360107,2.3622317314148,75.7585906982422,10.7213125228882,14.5305290222168,24.422061920166,19.4680557250977,13.7007474899292,2.80773878097534,2.17649173736572,1.36941802501678,3.09527897834778,77.7100296020508,76.0104751586914,75.1808013916016,74.1330413818359,0.150811523199081,0.0342862457036972,0.00256321090273559,0.0212050322443247,0,1.46910261733524e-11,0.0487876012921333,0.332518577575684,0.381306201219559,68667.7578125,54.5433562867055
"ITI18",2023,NA,NA,1,14.1514987945557,3.18458652496338,75.2464828491211,6.22489070892334,11.8020162582397,22.7748489379883,15.8042402267456,16.5499572753906,3.71692585945129,3.49422073364258,2.11791753768921,3.40928173065186,83.6497955322266,75.2157974243164,67.4123916625977,74.7079238891602,0.285515010356903,0.0633325800299644,0.000576138496398926,0.0190101936459541,5.94409937937357e-11,6.45249749898352e-13,0.172443360090256,0.455007463693619,0.627450823783875,291589.96875,91.1023675145059
"ITI19",NA,2017,2024,1,14.7894420623779,2.44819450378418,72.6845016479492,6.83731889724731,12.900426864624,23.9028625488281,15.5171566009521,17.065544128418,2.46619343757629,2.56605553627014,1.24765431880951,3.5128743648529,78.7544937133789,71.3008270263672,63.8444862365723,76.8382110595703,0.367317408323288,0.0917226374149323,0.000606434186920524,0.0194863267242908,5.4362851026335e-11,2.35772318335492e-10,0.117640636861324,0.394085019826889,0.511725604534149,323516.40625,84.5150179450381
"ITI32",NA,2017,2024,1,15.3117275238037,2.1406352519989,72.1442184448242,7.57996940612793,13.1807918548584,24.2215099334717,16.2646389007568,16.6415405273438,2.18489384651184,2.2770938873291,1.39613628387451,2.70441699028015,76.5644073486328,71.4478607177734,65.0628509521484,75.5017547607422,0.38814914226532,0.079507127404213,8.714124422049e-10,0.0296367984265089,0,8.81235882876918e-12,0.0417666286230087,0.223960548639297,0.265727192163467,223895.171875,113.875962080749
"ITI33",2024,NA,NA,1,15.2347383499146,2.2855179309845,71.2884979248047,8.10555362701416,13.5457429885864,24.2733612060547,15.0142984390259,16.1678085327148,1.42114996910095,2.65095782279968,1.58562898635864,3.48433542251587,76.0434875488281,70.9407653808594,60.8619766235352,77.3077545166016,0.431341916322708,0.076589547097683,0.000412758847232908,0.0190266370773315,0,5.47078604219759e-18,0,0.41125363111496,0.41125363111496,272070.8125,97.7188861904832
"ITI43",NA,2017,2024,1,15.8659887313843,2.7581353187561,73.3026657104492,8.56034851074219,13.6388883590698,24.3230056762695,16.9417133331299,15.7626581192017,3.18753480911255,2.64444971084595,1.05893385410309,4.14162302017212,76.2333450317383,73.8073272705078,66.8500671386719,76.3199234008789,0.350364118814468,0.071224756538868,0.000486980861751363,0.120416723191738,0,6.39906183597105e-11,0.0655396208167076,0.269635081291199,0.335174709558487,2793615.75,516.561300814266
"ITI44",NA,2017,2023,1,16.5420093536377,2.9618923664093,74.5464172363281,9.6792163848877,14.0761213302612,24.3863964080811,18.0262966156006,14.707181930542,3.79654383659363,2.47301340103149,0.883508086204529,4.69450426101685,75.0243911743164,75.5893936157227,71.6733551025391,75.8984985351562,0.228922262787819,0.0577019117772579,0.000237576139625162,0.0651518404483795,0,1.13331427575858e-10,0.0413621440529823,0.234597116708755,0.275959253311157,704180.6875,310.116061782615
"FI1B1",2022,NA,NA,0,6.09794330596924,1.8058340549469,79.818603515625,-3.59410667419434,3.76152729988098,17.424015045166,6.80033731460571,21.0181217193604,2.46576881408691,1.34220385551453,1.7274751663208,1.68788850307465,87.9985198974609,72.2198257446289,74.0460052490234,85.0100631713867,0.196996361017227,0.00239599891938269,0.000296122336294502,0.0455997288227081,0,0.294444501399994,0.181051999330521,0.0451798290014267,0.226231828331947,1209196.375,128.044026402499
"PL225",2018,NA,NA,0,9.29006195068359,2.22701644897461,76.2947463989258,-0.869525015354156,9.75518035888672,18.4783134460449,9.79627799987793,19.3478393554688,1.69127118587494,1.54444682598114,3.78802871704102,1.88431918621063,83.6553268432617,68.8263092041016,74.1870803833008,78.5102615356445,0.236251994967461,0.0802082717418671,0.00012486673949752,0.0440352223813534,0,0.0676091983914375,0.0594511404633522,0.508552253246307,0.568003416061401,655261.875,279.070812579145
"IEG11588",2020,NA,NA,0,10.2200088500977,3.81703186035156,82.6617431640625,6.43758773803711,9.56615447998047,14.240198135376,10.6360950469971,7.80261039733887,4.94575595855713,1.87149286270142,4.33333110809326,4.11754703521729,85.8862152099609,76.0174179077148,83.1610946655273,85.5822525024414,0.0437481105327606,0.482683271169662,0.00172063231002539,0.00945260934531689,4.95344654183327e-10,0,0.342759966850281,0,0.342759966850281,206123.96875,35.0029646519662
"BG333",2022,NA,NA,0,12.7425413131714,1.34824764728546,69.5438003540039,3.34899592399597,10.190619468689,23.2965126037598,14.1340341567993,19.9475173950195,1.88248229026794,1.38025557994843,1.28794956207275,0.842303276062012,78.8606643676758,68.4002532958984,61.3212623596191,69.5930252075195,0.452622205018997,0.18156036734581,0.000187596117029898,0.00753488671034575,0,2.96593061648309e-05,0,0.357911646366119,0.357911646366119,155284.21875,45.49790179981
"RO316",2020,NA,NA,0,10.9261350631714,1.81478905677795,69.4052886962891,1.69602036476135,10.0936498641968,20.4821434020996,11.4327268600464,18.7861232757568,0.71985524892807,1.70585095882416,3.02471709251404,1.80873310565948,74.1274719238281,60.1772117614746,66.8702697753906,76.4462203979492,0.29599130153656,0.131892397999763,0.0194324404001236,0.0104146488010883,5.4329890586402e-10,0.245803773403168,0.191044673323631,0.105420798063278,0.296465486288071,589879,125.595867023326
"LT029",2015,NA,NA,0,7.64287996292114,1.86316299438477,78.4348068237305,-1.14378142356873,7.3496413230896,16.9201278686523,7.44553232192993,18.0639095306396,1.62891447544098,2.26629614830017,1.7768896818161,1.78055155277252,87.4961242675781,71.788444519043,70.2593612670898,84.1953125,0.271026134490967,0.102610684931278,0.00798694416880608,0.00334472884424031,4.35883230238687e-05,0.0674320235848427,0.198222532868385,0.323579490184784,0.521802008152008,145760.21875,20.4584894505616
"SEG226083",2023,NA,NA,0,1.81823408603668,2.09499454498291,78.570068359375,-7.57403516769409,0.453182578086853,14.8562393188477,-0.46245077252388,22.4302749633789,1.6770852804184,1.20867037773132,2.70118474960327,2.79303765296936,86.8573150634766,66.3820266723633,73.5739517211914,87.4669799804688,0.00985415745526552,0.000278537248959765,0.0014674732228741,0.000958761491347104,5.27116239545933e-10,0.000634213734883815,0.96358859539032,7.61322144171572e-06,0.963596224784851,5330.732421875,2.12349156365627
"UKD6",2022,NA,NA,0,10.9920101165771,2.65628576278687,80.1707763671875,6.07157373428345,9.72630023956299,16.4187469482422,11.7514190673828,10.3471736907959,3.33172297477722,1.75745916366577,1.92869079113007,3.60726976394653,85.8510437011719,76.0715866088867,74.2874069213867,84.4730682373047,0.220657452940941,0.413689404726028,4.27066042902879e-05,0.239367946982384,0,0,0.10463597625494,0,0.10463597625494,2224675,982.732739021246
"AT11",2023,NA,NA,0,11.7044382095337,2.43442487716675,73.6406021118164,2.82394170761108,10.1930541992188,20.7554454803467,13.0453109741211,17.9315032958984,1.43488526344299,2.86483383178711,3.19445323944092,2.24352765083313,79.6140441894531,68.5704879760742,69.7967910766602,76.5810852050781,0.314121633768082,0.127206265926361,0.000238799533690326,0.022469237446785,9.04228913967131e-10,0.0398477241396904,0.247045010328293,0.229377344250679,0.476422369480133,390170.875,98.6938749168005
"DE50",2023,NA,NA,0,10.7230052947998,3.05665349960327,80.185791015625,4.17795944213867,8.930739402771,17.7609481811523,12.0223770141602,13.5829887390137,2.50767493247986,2.2566864490509,3.83342218399048,3.62883067131042,86.0898895263672,74.7576675415039,75.5171127319336,84.3784713745117,0.286038488149643,0.218740865588188,0.000593988166656345,0.172076806426048,1.39786826558463e-09,1.45764833536788e-09,0.215504452586174,0.0483566522598267,0.263861119747162,173399.859375,411.02315340729
"ITG27",2022,NA,NA,0,17.9099349975586,0.939946472644806,70.0713882446289,10.1728658676147,14.7648239135742,26.8220767974854,19.879976272583,16.6492118835449,0.67309182882309,1.67336022853851,0.141939789056778,1.27139413356781,75.5212783813477,71.5696868896484,59.7297897338867,73.4648208618164,0.1522166877985,0.0477821752429008,0.0256992466747761,0.0223940256983042,0,3.93220456196275e-11,0,0.510554254055023,0.510554254055023,385794.53125,84.0556876220792
"MEG125360",2024,NA,NA,0,10.1940784454346,3.55319476127625,75.6043395996094,2.14224743843079,9.44921779632568,20.0324420928955,9.15240383148193,17.890193939209,3.90904307365417,3.78307676315308,1.96197879314423,4.55868101119995,80.4706649780273,75.489616394043,66.7061767578125,79.7509002685547,0.0936519578099251,0.0550355538725853,0.0337997823953629,0.00217286543920636,6.06142493779771e-05,0,0.815279304981232,0,0.815279304981232,5698.34423828125,17.9675695474265
"DEA2",2018,NA,NA,0,10.9879894256592,2.02639842033386,73.895881652832,2.51544904708862,10.9631328582764,19.4706935882568,11.0026807785034,16.9552459716797,2.99625444412231,2.15700578689575,1.59493267536163,1.3574013710022,83.5220947265625,70.4844360351562,64.7229995727539,76.8539886474609,0.270880222320557,0.095954641699791,1.06954090028921e-09,0.215384796261787,0,0,0.0855444222688675,0.332229167222977,0.417773604393005,4751891,646.898056751386
"RO216",2018,NA,NA,0,11.4601993560791,1.53032660484314,72.4493865966797,0.54816198348999,11.9180479049683,22.2147789001465,11.1598072052002,21.6666164398193,1.49339759349823,1.07686924934387,2.57886362075806,0.972176015377045,83.7369842529297,65.7301254272461,67.7835083007812,72.5469436645508,0.558147549629211,0.161541193723679,0.000179445065441541,0.00531317107379436,0,0.0972422957420349,0,0.177473291754723,0.177473291754723,347670.46875,64.9314942165903
"SEG226217",2024,NA,NA,0,4.69550132751465,1.97967934608459,78.2067031860352,-6.37631607055664,3.75803256034851,15.2967548370361,6.10353469848633,21.6730709075928,1.66982507705688,1.22189211845398,2.67335081100464,2.35364937782288,81.9163284301758,72.937141418457,75.8510208129883,82.1223297119141,0.0274779386818409,0.00742325000464916,0.00271414173766971,0.00737859588116407,6.99814428628542e-10,0.00033877557143569,0.812516212463379,0.000158562703290954,0.812674760818481,21620.654296875,19.2065558508513
"RSG125397",2022,NA,NA,0,11.2549982070923,2.26791405677795,72.4831848144531,1.97189819812775,10.0605306625366,21.253044128418,11.7345180511475,19.2811470031738,2.43444299697876,1.37600898742676,2.6765251159668,2.58467936515808,79.2316055297852,62.7770004272461,67.3601455688477,80.5640029907227,0.248025611042976,0.0511021837592125,0.000213026389246807,0.0150088202208281,0,0.2169059664011,0,0.468744397163391,0.468744397163391,190402.125,87.3963050867475
"UKM72",2017,NA,NA,0,9.65785026550293,2.40244579315186,81.5440902709961,5.7879056930542,8.91308212280273,14.0944929122925,9.83592319488525,8.30658721923828,2.26352000236511,1.3551322221756,3.55435061454773,2.43677973747253,85.427848815918,76.8193969726562,81.0565185546875,82.8726196289062,0.253901779651642,0.249886646866798,0.016003280878067,0.0458089038729668,6.63138774036238e-14,5.40414398799308e-17,0.107509717345238,0.01982581615448,0.127335533499718,286282.28125,193.18025652705
"ITG2C",2022,NA,NA,0,18.4985427856445,1.1131044626236,71.3998641967773,10.8217649459839,15.5245122909546,27.1371021270752,20.5107860565186,16.3153400421143,1.11906099319458,1.60894823074341,0.104042150080204,1.62036669254303,77.5436553955078,71.6291275024414,62.0732803344727,74.3533935546875,0.180913284420967,0.0743426382541656,0.00654982589185238,0.0134421400725842,0,1.935884369475e-10,0,0.476793706417084,0.476793706417084,80555.0078125,54.2575017465543
"BG341",2007,NA,NA,0,13.5768451690674,1.62815701961517,73.6778564453125,5.5767707824707,11.8501682281494,23.818717956543,13.0617246627808,18.2419471740723,1.51852476596832,1.39920663833618,0.699469447135925,2.89542722702026,78.5967483520508,73.8901748657227,65.1613540649414,77.0631561279297,0.228688180446625,0.133095353841782,0.00247786287218332,0.00534224649891257,0,0.0879803597927094,0,0.420764982700348,0.420764982700348,355606.15625,45.8296205894812
"UKM75",2019,NA,NA,0,8.54031276702881,2.88396120071411,84.0518493652344,4.63321352005005,7.49447059631348,14.1274862289429,7.906081199646,9.49427318572998,1.63066554069519,2.73927760124207,4.04173231124878,3.12416934967041,86.8415222167969,79.2431716918945,82.6899719238281,87.4327392578125,0.176411181688309,0.327933192253113,0.157373294234276,0.0798046961426735,1.41086691369013e-16,0,0.22492890059948,0,0.22492890059948,110717.203125,400.139922134382
"RO311",2023,NA,NA,0,10.7829837799072,2.20311546325684,74.8632125854492,1.69527971744537,9.02704238891602,20.3931331634521,12.0164794921875,18.6978530883789,2.22443222999573,2.31027102470398,2.77559661865234,1.50216209888458,83.8819732666016,71.8845977783203,70.83447265625,72.8517990112305,0.295780211687088,0.108839973807335,0.0177363697439432,0.00868580769747496,3.15833748043559e-10,0.126281157135963,0.394629240036011,0.0480472445487976,0.442676484584808,603271.625,88.5852101847772
"PL814",2017,NA,NA,0,8.83389282226562,2.35008335113525,77.6027221679688,-1.99146997928619,9.28086757659912,18.8782634735107,9.16790866851807,20.8697338104248,1.67851889133453,2.31027269363403,2.2814793586731,3.13006258010864,84.0912704467773,71.758430480957,69.5814895629883,84.9796829223633,0.4627445936203,0.131656751036644,0.000162080425070599,0.0347639247775078,0,2.75373196467754e-10,0,0.369055509567261,0.369055509567261,698151.8125,166.453007789815
"DEB1",2022,NA,NA,0,10.9975852966309,2.40729689598083,73.5689315795898,3.52467131614685,9.80223178863525,19.5648136138916,11.0986242294312,16.0401401519775,2.90701818466187,1.61635756492615,1.85661387443542,3.24919843673706,87.0173492431641,64.3026733398438,59.6201972961426,83.3355178833008,0.266206949949265,0.0825872495770454,1.45921041916353e-09,0.0667973682284355,0,0,0.144110605120659,0.440297842025757,0.584408402442932,1862649.125,232.520511021596
"UKG3",2023,NA,NA,0,10.674108505249,2.32617545127869,81.499382019043,5.04996776580811,9.3467264175415,16.3715686798096,11.9281740188599,11.3216009140015,1.24183833599091,2.54618549346924,2.60513067245483,2.91154766082764,86.0485534667969,78.5589904785156,76.0002670288086,85.3897247314453,0.40257054567337,0.307786256074905,2.60443555610834e-09,0.156813398003578,0,0,0.0566557161509991,0.0757708325982094,0.132426545023918,621426,738.750124070148
"EL432",2023,NA,NA,0,19.5821075439453,0.576538741588593,72.6881332397461,14.4119558334351,16.2969703674316,25.3640537261963,22.2554473876953,10.9520978927612,1.02229261398315,0.759786128997803,0.206505283713341,0.317571073770523,72.036865234375,75.0541229248047,71.1549072265625,72.5066146850586,0.0799413844943047,0.00947101134806871,0.102741226553917,0.00174123211763799,0,0.00335372192785144,0,0.197977915406227,0.197977915406227,39058.6875,21.9755544128178
"PL218",2019,NA,NA,0,9.52826404571533,2.55295372009277,76.4017486572266,-0.196557983756065,8.83704471588135,19.2475318908691,10.2250375747681,19.4440898895264,2.22906017303467,3.22898054122925,2.50355577468872,2.25021767616272,80.0874404907227,70.9062118530273,73.6442413330078,80.9690856933594,0.295597314834595,0.0856897234916687,0.00035529350861907,0.0196071993559599,2.77680677930603e-12,2.6796126428863e-10,0.150033190846443,0.44862100481987,0.598654210567474,545657.4375,157.563637947146
"ES112",2020,NA,NA,0,12.7792158126831,3.34700798988342,79.9952392578125,8.35208034515381,12.0536251068115,17.4565200805664,13.2546377182007,9.10443782806396,4.53824186325073,3.57659125328064,1.86453413963318,3.40866422653198,81.8472900390625,79.9999313354492,77.2474670410156,80.8862762451172,0.202636793255806,0.0774280205368996,0.00349367130547762,0.00561017915606499,0.000367512402590364,0.0155293243005872,0.643664479255676,0.00206983042880893,0.645734310150146,264391.375,26.7893039797735
"AL015",2007,NA,NA,0,12.225492477417,4.09953355789185,71.8382186889648,4.22421598434448,12.0335273742676,21.9496250152588,10.6945991516113,17.7254104614258,4.78750801086426,3.67623138427734,1.26134765148163,6.67304849624634,77.3639907836914,71.8763885498047,63.2444076538086,74.8680877685547,0.139883369207382,0.0793688297271729,0.00376767688430846,0.0070798872038722,0.13674832880497,0.00299294269643724,0.542012393474579,0.00340138236060739,0.545413792133331,254580.328125,71.2104085858992
"UKM94",2023,NA,NA,0,10.0250005722046,3.85211706161499,83.0481338500977,5.92891502380371,8.50065803527832,14.8230924606323,10.8473377227783,8.89417839050293,3.94182467460632,3.01918077468872,3.77502417564392,4.67243814468384,84.4874420166016,80.7480010986328,82.3038635253906,84.6532135009766,0.073682151734829,0.279120624065399,0.0555180869996548,0.0196551438421011,3.75839186161908e-11,1.51597044108481e-14,0.307721823453903,0.000971838366240263,0.308693647384644,98037.3828125,80.9669658211066
"ITG19",2023,NA,NA,0,18.9600505828857,1.25445234775543,73.5851058959961,12.856912612915,15.3678722381592,25.8318653106689,21.7835559844971,12.9749517440796,2.45303440093994,1.15383672714233,0.322261303663254,1.08867716789246,78.1675109863281,76.3763122558594,67.1464157104492,72.6501617431641,0.261076956987381,0,0.108139917254448,0.0252954326570034,0,2.54028230200175e-15,0,0.19928614795208,0.19928614795208,191634.53125,88.0090637706084
"RSG125377",2024,NA,NA,0,13.8955888748169,1.83177363872528,73.4444885253906,5.32557106018066,14.0597229003906,24.1041870117188,12.092869758606,18.7786159515381,1.36794519424438,1.81897616386414,1.80777192115784,2.33240103721619,78.8343887329102,69.5580291748047,66.6925506591797,78.6929626464844,0.342190772294998,0.0212344508618116,4.13054149248637e-05,0.0131483059376478,0,0.0772326812148094,0,0.546152412891388,0.546152412891388,199648.140625,78.2225191058452
"ES111",2024,NA,NA,0,14.3715515136719,4.09719944000244,81.7753753662109,11.0611801147461,12.4836902618408,18.2054443359375,15.7358913421631,7.14426565170288,5.06816625595093,5.02974843978882,1.40555226802826,4.88533020019531,83.521858215332,79.1836242675781,81.1624526977539,83.2335662841797,0.1541508436203,0.0410337373614311,0.000613658980000764,0.0191821400076151,0.000280715205008164,0.0298339016735554,0.495745867490768,0.00617732480168343,0.501923203468323,780894.75,99.1161101369661
"CH04",2024,NA,NA,0,10.0057353973389,4.57082557678223,80.9203720092773,3.0996663570404,9.18660068511963,18.329553604126,9.40711784362793,15.229887008667,4.06660318374634,5.19496440887451,4.74264335632324,4.27909088134766,83.4569244384766,76.7805099487305,77.5910949707031,85.8529663085938,0.148599371314049,0.232732802629471,0.0113610690459609,0.120752021670341,2.5063784381274e-09,0,0.457308620214462,0,0.457308620214462,943033.75,551.895367814525
"SEG226040",2024,NA,NA,0,2.67538666725159,2.70657587051392,79.1311874389648,-8.86861038208008,2.59667229652405,13.0983896255493,3.87509536743164,21.9669990539551,2.12224793434143,1.52356100082397,4.31863355636597,2.86186099052429,82.7690124511719,70.7391815185547,77.6894760131836,85.3270721435547,0.00397083023563027,4.30741638410836e-05,0.000244534458033741,0.000338138634106144,0.00595934549346566,0,0.915735006332397,0,0.915735006332397,12458.4228515625,1.06336873468267
"FRE22",2017,NA,NA,0,11.3862190246582,1.68691956996918,78.8618621826172,3.83616852760315,11.2834358215332,18.9000835418701,11.525185585022,15.0639152526855,1.26024436950684,1.75681865215302,1.80018949508667,1.93042588233948,87.2229766845703,74.1399765014648,70.7324142456055,83.3520812988281,0.463096410036087,0.141699656844139,1.57132018507866e-09,0.0371241234242916,0,2.38659923809033e-16,0,0.358079850673676,0.358079850673676,1191301.875,203.114764683063
"SEG226081",2024,NA,NA,0,3.12822341918945,1.96778857707977,78.46240234375,-10.191291809082,1.55754745006561,16.061185836792,5.08545351028442,26.252477645874,1.44286453723907,1.32407546043396,2.99509596824646,2.10911798477173,83.4616622924805,72.2801895141602,76.7166976928711,81.3910827636719,0.0224259197711945,0.00652615120634437,0.00278437347151339,0.00990940723568201,3.20085152827332e-10,0.00729211745783687,0.7236328125,0.00299273314885795,0.726625502109528,57957.45703125,26.8608595764421
"ITG15",2020,NA,NA,0,16.9426078796387,1.09749269485474,74.1914978027344,10.4600028991699,14.6302404403687,24.1013736724854,18.5788154602051,13.6413707733154,0.646297216415405,2.02842831611633,0.30265685915947,1.41258835792542,78.4336318969727,75.8037490844727,64.9352111816406,77.5933990478516,0.440957456827164,0,0.169040694832802,0.021787129342556,0,1.93818523683026e-15,0,0.25057864189148,0.25057864189148,197033.5625,91.6303251670379
"NL34",2023,NA,NA,0,11.9088172912598,2.79987907409668,80.1746368408203,5.65111494064331,9.80108833312988,18.4469547271729,13.7361116409302,12.7958402633667,2.03743457794189,2.67389702796936,2.52461671829224,3.96356725692749,85.4596176147461,78.4057769775391,73.681282043457,83.1518859863281,0.22105760872364,0.155357509851456,1.42897382815477e-09,0.129857495427132,0,1.94626381677665e-09,0,0.240387797355652,0.240387797355652,735128.375,397.023184948527
"SI041",2018,NA,NA,0,10.6311874389648,4.13616704940796,79.4597473144531,0.76469212770462,10.6411685943604,19.6857833862305,11.4331007003784,18.9210929870605,4.58501720428467,4.26692485809326,4.12145757675171,3.57126975059509,83.9211654663086,75.8913421630859,75.0279235839844,82.9985504150391,0.0540121980011463,0.13693705201149,0.0083928881213069,0.0153855010867119,9.07478092670999e-10,0,0.785272359848022,0,0.785272359848022,252669.71875,109.303070062369
"FRD11",2024,NA,NA,0,11.9304904937744,2.64933753013611,83.0733795166016,7.33136224746704,10.9317865371704,17.2152824401855,12.2435312271118,9.88391971588135,3.05842566490173,2.7656364440918,1.79752206802368,2.97576570510864,86.1864013671875,81.1197891235352,77.8752899169922,87.1120223999023,0.312779396772385,0.256541103124619,4.93717466909516e-09,0.025000998750329,0,5.90533066890941e-10,0.0501014664769173,0.190411284565926,0.240512773394585,552413.25,99.8097958540378
"LV006",2017,NA,NA,0,7.3065996170044,2.38225173950195,81.2067184448242,-1.07312715053558,5.96516704559326,16.1829357147217,8.15142250061035,17.2560634613037,1.48807668685913,1.73619616031647,2.74521470069885,3.55951929092407,87.4746398925781,74.586051940918,75.7574310302734,87.0087280273438,0.13775223493576,0.0618489608168602,0.00620731525123119,0.0200101658701897,0,0.402988612651825,0,0.197764918208122,0.197764918208122,79080.8203125,263.238295966293
"UKM66",2023,NA,NA,0,8.81433010101318,3.15467119216919,80.2246551513672,6.5385684967041,6.57773399353027,12.177848815918,9.96317291259766,5.63928079605103,4.97586727142334,2.27883434295654,1.8520724773407,3.51190972328186,76.3408355712891,79.483154296875,87.1447601318359,77.9298706054688,0.00498327286913991,0.159582749009132,0.0457931086421013,0.0004820097819902,0,9.37421876234801e-11,0,0.14364005625248,0.14364005625248,9180.8974609375,6.40428249300363
"EL651",2010,NA,NA,0,16.2285823822021,2.0092306137085,69.702995300293,9.12612438201904,14.1952838897705,24.3997592926025,17.1931667327881,15.2736330032349,3.49154949188232,1.30573189258575,0.574661314487457,2.6649796962738,79.2293014526367,66.0610275268555,59.1998252868652,74.3218307495117,0.193932875990868,0.243848070502281,0.0893504917621613,0.00272189336828887,0,0.0659028813242912,0,0.263085693120956,0.263085693120956,226563.328125,34.1921028141334
"NO021",2015,NA,NA,0,3.05332708358765,2.69317674636841,78.9573593139648,-5.142333984375,2.13911700248718,11.5290393829346,3.68748426437378,16.6713752746582,1.85310709476471,2.62811779975891,3.7513964176178,2.54008603096008,85.2797470092773,71.6699142456055,72.7377090454102,86.1420822143555,0.0349168963730335,0.00692925183102489,0.000789451121818274,0.00238208146765828,0.233496993780136,0,0.69176858663559,0,0.69176858663559,197312.015625,7.2496553513829
"ITF13",2024,NA,NA,0,14.2849740982056,2.52607011795044,73.1637496948242,7.21538496017456,12.5811138153076,23.125846862793,14.2175512313843,15.9104614257812,1.91535818576813,2.85527539253235,1.97038900852203,3.36325716972351,76.5606002807617,72.6595916748047,65.5488357543945,77.8859786987305,0.282865107059479,0.0644658654928207,0.0034252074547112,0.0312759466469288,0,2.01811722715106e-12,0,0.532694518566132,0.532694518566132,149444.875,123.527853413592
"PL227",2023,NA,NA,0,10.5670099258423,2.73589539527893,76.0893707275391,2.08033990859985,8.91315650939941,19.2971134185791,11.9774265289307,17.2167739868164,2.41785097122192,2.21991419792175,3.72377920150757,2.58203744888306,82.8498840332031,70.6940612792969,71.9675216674805,78.8460159301758,0.345813393592834,0.0913455039262772,4.75958950119093e-05,0.0825957730412483,0,0.000426140089984983,0,0.478259533643723,0.478259533643723,541449.3125,399.410420411717
"ITG12",2023,NA,NA,0,17.4279727935791,1.69597339630127,73.1766662597656,10.688229560852,13.9597997665405,24.7866592407227,20.2772026062012,14.0984306335449,2.13247060775757,2.70727634429932,0.928940534591675,1.01520609855652,80.7963333129883,77.4481201171875,64.2138595581055,70.2483596801758,0.420242160558701,0,0.154304936528206,0.0366070866584778,0,2.31502108945952e-15,0,0.295259833335876,0.295259833335876,517538.5625,102.298067046432
"EL434",2020,NA,NA,0,18.4475193023682,1.8140754699707,70.6747055053711,12.7211170196533,15.9930553436279,24.2247276306152,20.8511772155762,11.5036096572876,3.50339937210083,1.14941537380219,0.0784877166152,2.52499914169312,73.9530715942383,70.3586120605469,67.4678955078125,70.9192352294922,0.0711113810539246,0.0952523350715637,0.0184463374316692,0.0014495215145871,0,0.0324725769460201,0,0.210401475429535,0.210401475429535,47063.40234375,19.8012201289389
"FI1D9",2022,NA,NA,0,2.92993569374084,1.93695569038391,81.2259902954102,-8.50981426239014,1.82198846340179,15.4472999572754,2.96026968955994,23.9571132659912,1.49805617332458,1.19280695915222,3.39549326896667,1.66146624088287,87.5167694091797,71.7061233520508,75.7210083007812,89.9600524902344,0.053157988935709,0.000206395867280662,0.000549840566236526,0.00323675270192325,0.00129486224614084,0.2449731528759,0.612124145030975,0.0154552888125181,0.6275794506073,321724.75,8.26398133265671
"ES615",2023,NA,NA,0,18.9420642852783,1.1950192451477,62.9105796813965,11.6996517181396,18.2583446502686,26.625659942627,19.1845989227295,14.926007270813,2.1133496761322,0.550951480865479,0.322216391563416,1.79355907440186,75.5558547973633,57.2277908325195,47.9441413879395,70.9145355224609,0.226953938603401,0.132256001234055,0.0180294252932072,0.00787492003291845,0,0.303444802761078,0,0.214882671833038,0.214882671833038,570982.4375,55.9551954545671
"UKI5",2020,NA,NA,0,11.5220499038696,1.99215495586395,78.4623107910156,6.72520780563354,10.3463172912598,17.2938652038574,11.7228107452393,10.5686569213867,2.65443468093872,0.879003942012787,2.2177791595459,2.21740198135376,86.271842956543,69.8514862060547,73.3752593994141,84.3506317138672,0.411200404167175,0.225434124469757,2.86394330473172e-09,0.248411387205124,0,0,0,0.106653228402138,0.106653228402138,576188.0625,1393.56770847571
"PL428",2021,NA,NA,0,9.50033855438232,2.01432156562805,79.241943359375,1.16939163208008,7.24575471878052,18.8729610443115,10.7132472991943,17.7035713195801,1.79691565036774,1.72287857532501,2.58598327636719,1.9515084028244,86.0344696044922,74.9795532226562,72.363525390625,83.5902481079102,0.331185132265091,0.0994416102766991,7.26884100004099e-05,0.0158211216330528,0,7.79977027409728e-10,0,0.468876153230667,0.468876153230667,616519.0625,82.74748911193
"SEG226206",2022,NA,NA,0,4.21130800247192,1.78979647159576,78.2607955932617,-6.20425081253052,3.10962438583374,15.2353029251099,4.70455551147461,21.4395542144775,1.48966586589813,1.20331144332886,2.62776207923889,1.83844614028931,82.7085418701172,69.0629348754883,74.5778198242188,86.6939086914062,0.0257313195616007,0.00410284986719489,0.00455542374402285,0.002089410321787,3.15507037162988e-10,0.0138470064848661,0.843198895454407,0.00130660901777446,0.844505548477173,8160.02734375,6.60625262313927
"MK002",2024,NA,NA,0,13.0249814987183,1.70134699344635,67.0596694946289,4.08266496658325,12.3909101486206,23.8737258911133,11.7526245117188,19.7910614013672,1.61822187900543,2.43538856506348,1.08778274059296,1.66399455070496,74.7449417114258,68.4065475463867,54.6212768554688,70.4659118652344,0.204843148589134,0.246755719184875,0.068224586546421,0.00228395569138229,0,0.232801496982574,0,0.245091065764427,0.245091065764427,130026.9296875,36.5518641656221
"DE27",2018,NA,NA,0,9.5217695236206,2.60946702957153,75.0985488891602,0.244887635111809,9.89751052856445,18.4679431915283,9.47673797607422,18.2230567932129,3.3326621055603,2.29832005500793,3.01958298683167,1.78730225563049,81.6691360473633,70.2768096923828,68.4074630737305,80.0407791137695,0.286730378866196,0.194346264004707,0.00683258334174752,0.0571568422019482,2.36972841349825e-09,3.16573461889291e-10,0.190157145261765,0.261925220489502,0.452082365751266,1903723,190.497088100541
"ES120",2020,NA,NA,0,12.0948886871338,3.51864814758301,79.605110168457,7.93774271011353,11.1970109939575,16.5827693939209,12.6620292663574,8.64502620697021,3.95457339286804,3.74584484100342,2.76755356788635,3.60662031173706,77.1692428588867,80.3172912597656,80.6271743774414,80.3067474365234,0.121455013751984,0.0307154767215252,0.00600617844611406,0.0104795014485717,0.000119747775897849,0.444964319467545,0.223681375384331,0.062350258231163,0.286031633615494,625372.1875,59.1578685707124
"UKD4",2021,NA,NA,0,9.6333646774292,3.64744186401367,82.9837875366211,4.11669778823853,7.39330434799194,15.5624732971191,11.4609832763672,11.4457759857178,5.07362031936646,2.99056172370911,2.60390567779541,3.92167949676514,88.0851516723633,77.7999496459961,80.7971267700195,85.2529144287109,0.16880239546299,0.496977627277374,0.0120422746986151,0.137459233403206,0,1.80767046624633e-18,0.132675260305405,0.000811724981758744,0.13348700106144,1805053.5,588.209694868921
"IEG11583",2024,NA,NA,0,10.0960073471069,2.88033318519592,84.2263412475586,6.35106420516968,9.63314533233643,13.9173469543457,10.4824695587158,7.56628274917603,3.17110085487366,3.2985508441925,2.772052526474,2.27962827682495,87.6237640380859,82.4386825561523,80.1417236328125,86.7011871337891,0.0443719066679478,0.689209520816803,0.0124096646904945,0.00709009822458029,2.04743704629307e-11,0,0.238453313708305,0,0.238453313708305,88653.4453125,46.6377875385927
