"nutM_code","year","year_start","year_end","response","temperature_winter","temperature_spring","temperature_summer","temperature_fall","seasonal_variation","precipitation_winter","precipitation_spring","precipitation_summer","precipitation_fall","relative_humidity_winter","relative_humidity_spring","relative_humidity_summer","relative_humidity_fall","croplands","pastures","rangelands","urbanAreas","primaryForest","primaryNonForest","secondaryForest","secondaryNonForest","population"
"ES300",NA,2018,2019,1,5.49565887451172,12.2531805038452,24.2020835876465,14.8063793182373,21.9043674468994,1.18752086162567,2.25901961326599,0.499283313751221,2.02173161506653,72.9020538330078,60.3396911621094,39.4162979125977,65.5598220825195,0.354519695043564,0.0678505823016167,0.084824912250042,0.144548326730728,0,0.132776632905006,0,0.214702814817429,14.6686578484577
"ES511",NA,2018,2023,1,6.4958438873291,12.2002239227295,21.9751415252686,14.8014335632324,17.2609043121338,1.53073155879974,2.70293283462524,2.49437212944031,2.86183214187622,76.0367126464844,72.7345657348633,70.9448928833008,76.9405364990234,0.223638400435448,0.0567653216421604,0.0514127984642982,0.0170317851006985,0.000206876735319383,0.0935473367571831,0.426391333341599,0.0426809974014759,13.7573711852002
"ES620",2018,NA,NA,1,9.0401611328125,15.0592060089111,25.0989112854004,17.2378444671631,17.63307762146,0.951617181301117,1.1460599899292,0.669120252132416,2.26826643943787,66.3106918334961,57.5286865234375,55.0620002746582,74.1307601928711,0.364627778530121,0,0.0122516183182597,0.178181529045105,0,0.110379673540592,0,0.313915193080902,13.0225525724634
"FR101",NA,2021,2024,1,5.88631343841553,10.9866876602173,19.6048603057861,12.9079170227051,14.8752746582031,2.30892848968506,2.2415087223053,2.21465826034546,2.66471195220947,85.8330688476562,73.4807434082031,69.5745391845703,82.7450942993164,0.191405951976776,0.0201632156968117,0.584239900112152,1.4383989832556e-10,0,0,0,0.204190969467163,11.996636667809
"FR103",2024,NA,NA,1,6.68035984039307,11.3976135253906,18.7049713134766,12.0455474853516,16.0518321990967,2.44257569313049,3.1075131893158,1.91072559356689,3.10966205596924,86.7337188720703,80.7994537353516,73.2587432861328,87.1469345092773,0.377574265003204,0.0997712910175323,0.17278541624546,1.56296875442052e-09,0,5.19619125505244e-10,0,0.349869072437286,14.0175752018832
"FR105",2024,NA,NA,1,6.79436635971069,11.7160682678223,19.1199893951416,12.2253150939941,16.2677612304688,2.4728991985321,3.1697096824646,2.12997031211853,3.20875120162964,86.3818893432617,80.0629119873047,72.6982040405273,86.899040222168,0.188358500599861,0.0202324278652668,0.587596118450165,1.70099961893655e-10,0,0,0,0.20381298661232,12.7520418118817
"FR106",2024,NA,NA,1,6.7586498260498,11.7540340423584,19.188871383667,12.2490463256836,16.3553810119629,2.62513136863708,3.24205088615417,2.23384165763855,3.18708205223083,86.4730834960938,80.0709075927734,72.8070373535156,86.8545379638672,0.26989221572876,0.047536164522171,0.412457764148712,1.30204536041845e-09,0,0,0,0.270113855600357,12.6832446610179
"FR107",NA,2023,2024,1,6.05365324020386,11.3799886703491,19.5725002288818,13.2384824752808,14.4273223876953,2.13962030410767,2.78441047668457,2.40623569488525,3.07588815689087,85.6035842895508,77.4937515258789,70.8107299804688,83.3146514892578,0.253976792097092,0.0417632274329662,0.448300451040268,8.35979230284778e-10,0,0,0,0.255959540605545,12.7981961600516
"FRI11",2023,NA,NA,1,6.20375061035156,13.0545663833618,21.6892166137695,15.8183698654175,14.3698692321777,2.15851807594299,2.60496425628662,2.21859908103943,4.5321741104126,81.7106246948242,72.2126770019531,69.5039901733398,75.7765274047852,0.326237678527832,0.149372264742851,0.011487421579659,0.000374745257431641,0,2.4858086509344e-12,0.0685954838991165,0.443932473659515,12.219312501172
"FRJ12",NA,2015,2023,1,7.00751447677612,13.1792879104614,23.1856956481934,14.7479801177979,18.2993297576904,2.11741042137146,2.4099223613739,1.53624951839447,3.79954648017883,73.5816650390625,64.4365692138672,58.1173400878906,71.4272918701172,0.327663660049438,0.0894805416464806,0.0312654078006744,0.00129335990641266,2.96344754291411e-10,0,0.392058670520782,0.127370864152908,12.842387039375
"FRJ13",NA,2014,2024,1,7.34645938873291,12.7096118927002,22.1051368713379,14.7973384857178,16.5876808166504,2.20386219024658,2.63282012939453,1.45574629306793,3.89946818351746,77.3957824707031,69.6135101318359,64.2998809814453,75.9005126953125,0.308641999959946,0.0859034135937691,0.0271570514887571,0.000455035537015647,1.35760835906495e-09,1.02075618790831e-10,0.377464771270752,0.112677969038486,12.7795365681857
"FRJ14",2024,NA,NA,1,4.16012144088745,8.46698665618896,18.1379203796387,10.4893112182617,16.575252532959,2.2555422782898,5.93870115280151,1.88765263557434,5.04465579986572,80.116569519043,76.311164855957,70.7675399780273,82.768798828125,0.198495745658875,0.109669499099255,0.00405579432845116,0.00779226841405034,7.21156800942424e-10,0,0.679986715316772,0,10.6559804124141
"FRJ15",NA,2022,2024,1,6.12328338623047,11.6574993133545,21.4869346618652,14.3703622817993,15.8504886627197,1.40225875377655,2.83939218521118,2.45506739616394,2.25321459770203,70.4237442016602,68.9855880737305,66.1888732910156,73.9707946777344,0.211943075060844,0.0506551004946232,0.0179333779960871,0.010456470772624,1.16391292976914e-05,0.144939199090004,0.0179939065128565,0.542981803417206,12.0147927700512
"FRJ23",2022,NA,NA,1,6.10991191864014,12.6367845535278,22.9144954681396,15.5450239181519,15.9937171936035,3.06369590759277,2.77657008171082,1.98687744140625,2.7504825592041,78.4613418579102,72.0352096557617,62.1031494140625,72.3818130493164,0.424016267061234,0.195440635085106,0.0295033417642117,0.00775712123140693,0,0.0500931777060032,0,0.293189436197281,12.9754887875165
"FRJ26",NA,2022,2024,1,4.08515644073486,9.58800411224365,18.8671340942383,12.2905712127686,14.9490404129028,3.22484493255615,4.02361536026001,3.92223453521729,4.06741952896118,76.8634796142578,74.0563354492188,71.9258880615234,77.8733673095703,0.265933692455292,0.123817518353462,0.0134362485259771,0.0272406470030546,0,0.14329007267952,0,0.426281780004501,11.4924421060288
"FRJ28",2022,NA,NA,1,6.52983856201172,14.0735807418823,24.6041679382324,16.5965747833252,17.2547702789307,2.28012657165527,2.111971616745,1.61696588993073,2.44002175331116,82.8007965087891,68.4869003295898,55.3703575134277,73.0000534057617,0.450446844100952,0.205050110816956,0.0321351699531078,3.14833537018444e-09,0,0,0,0.312367886304855,12.4405046790033
"FRK21",2023,NA,NA,1,4.66959381103516,11.2246437072754,21.541820526123,13.9719552993774,16.7934284210205,2.84408855438232,3.97415065765381,2.68506622314453,5.43906259536743,80.2929916381836,72.4491119384766,62.3920288085938,74.9662704467773,0.301300406455994,0.165248185396194,0.0370873622596264,0.000642092432826757,1.07553153883e-10,1.89910676300376e-16,0.252000063657761,0.238120391964912,13.0210287746507
"FRK23",NA,2023,2024,1,4.85844421386719,11.0428247451782,21.0979690551758,12.9987678527832,17.9206867218018,2.41238713264465,3.77675008773804,2.18305540084839,3.8937554359436,78.3903884887695,70.3443222045898,63.6824493408203,76.1687088012695,0.304757207632065,0.103962227702141,0.0162618048489094,0.00379040068946779,9.32454738422628e-11,0,0.529275834560394,0.0419525466859341,12.314691036046
"FRK24",2023,NA,NA,1,2.19571232795715,8.93147659301758,19.4139976501465,11.8285503387451,17.1182975769043,2.51112794876099,4.03340339660645,3.21613526344299,5.12608337402344,77.3712005615234,73.987548828125,64.7646331787109,75.7219390869141,0.264619946479797,0.113890551030636,0.0396101251244545,0.00747955497354269,5.50879841743068e-10,0,0.426896393299103,0.145385250449181,13.3165502001942
"FRK26",NA,2019,2023,1,4.92155408859253,11.4648504257202,21.3621120452881,13.0505056381226,17.9783916473389,2.54094123840332,2.34502792358398,2.54446291923523,3.25429224967957,81.5723724365234,66.9037170410156,61.5870132446289,76.8338317871094,0.370540350675583,0.209010928869247,0.11165289580822,2.75482681111328e-09,0,2.73069128513802e-16,0.178805738687515,0.129990100860596,13.505771849847
"FRL01",2023,NA,NA,1,2.18773365020752,8.82525157928467,19.09840965271,11.6608057022095,17.1670322418213,2.13661670684814,2.82584071159363,2.74700117111206,3.71647310256958,69.989875793457,67.9456939697266,63.2300910949707,71.0256729125977,0.255638897418976,0.05002636089921,0.0066984505392611,0.0192430466413498,3.46614070778628e-10,0,0.665963113307953,0,11.6443460572035
"FRL03",NA,2010,2024,1,3.10004663467407,9.06047534942627,18.7657432556152,11.5086345672607,17.0936145782471,2.74690842628479,3.36878395080566,2.52765154838562,3.8896541595459,70.4715957641602,72.598747253418,73.8849563598633,75.7640380859375,0.134432688355446,0.0284235216677189,0.0406850501894951,0.0248757507652044,1.21673204844797e-09,9.94723729519928e-17,0.601148784160614,0.0459779351949692,12.734652015981
"FRL04",NA,2013,2023,1,7.68324279785156,14.0005807876587,24.0400867462158,15.9723901748657,18.0774631500244,1.90353417396545,1.91184365749359,1.10342669487,2.84617924690247,73.1754760742188,63.6400108337402,56.9331550598145,70.1978073120117,0.381248474121094,0.116614192724228,0.0496120862662792,4.79190202895552e-06,4.41584657728811e-10,0,0.169462144374847,0.214276850223541,12.7480415861622
"FRL05",NA,2010,2024,1,6.82719707489014,12.7517004013062,22.3822746276855,15.0067920684814,16.9852809906006,2.31660604476929,2.32810568809509,1.25533723831177,3.1561279296875,72.4679489135742,68.0047912597656,63.5823440551758,72.3737258911133,0.228678375482559,0.0400675907731056,0.0274463389068842,0.00440938118845224,3.90568938302138e-10,5.7949484100206e-10,0.297023206949234,0.268139690160751,12.6978382443276
"FRL06",2024,NA,NA,1,6.96055030822754,12.9139528274536,22.9024543762207,14.1757392883301,18.7900161743164,2.01623296737671,4.1517219543457,1.11748993396759,3.87790417671204,76.2371139526367,67.0675354003906,60.8959426879883,76.6646575927734,0.385948568582535,0.117670223116875,0.0356548726558685,0.000463041942566633,7.43565209404551e-10,0,0.43292698264122,0.01984260417521,12.3088633699135
"FRM01",2022,NA,NA,1,9.51502799987793,13.6581716537476,25.1148109436035,18.2818222045898,14.0406703948975,1.74242305755615,1.98480033874512,0.594837129116058,3.07417583465576,74.5728607177734,70.583251953125,65.9670028686523,73.3435668945312,0.046084575355053,0.01911960542202,0.00475945230573416,0.022174159064889,0,2.34410357791148e-09,0,0.585509419441223,10.4990309484274
"HR033",2024,NA,NA,1,7.39247465133667,13.8048067092896,24.3541164398193,14.3697032928467,20.6435165405273,3.76412844657898,4.2352180480957,1.73901355266571,5.08306312561035,78.144157409668,72.4295272827148,64.6308135986328,76.5853652954102,0.0984961166977882,0.0658659189939499,0.00311709567904472,0.0469045117497444,1.44785872180364e-09,0,0.653991401195526,0,10.4380564435897
"HR037",2010,NA,NA,1,5.38098907470703,11.7461214065552,22.3784523010254,13.851357460022,18.0483989715576,10.5103521347046,5.90003442764282,1.37523674964905,8.94666957855225,78.5416412353516,72.2590484619141,63.8529167175293,76.1708526611328,0.172325640916824,0.289580851793289,0.00553120393306017,0.0214893817901611,2.63971466907265e-09,0,0.367257654666901,0,9.76465249980195
"ITC33",2023,NA,NA,1,5.83374977111816,12.8406600952148,23.0135307312012,15.1775884628296,17.8146648406982,2.27349805831909,2.51449012756348,3.28065896034241,3.99518251419067,81.4420852661133,69.8465270996094,68.4619979858398,75.868766784668,0.267224341630936,0.0564212836325169,0.0176651328802109,0.000665080384351313,0,0,0.646284759044647,0,10.2867872637364
"ITC42",2024,NA,NA,1,3.55641222000122,9.83971405029297,20.6870365142822,10.8713111877441,21.0063171386719,3.6014187335968,7.09098672866821,5.45398569107056,5.67850017547607,76.5630569458008,74.714241027832,74.1879577636719,79.4071578979492,0.0965307429432869,0.0420612655580044,0.206431433558464,0.0201025195419788,2.57054543908453e-05,0,0.589936256408691,0,13.1194186710091
"ITC43",2024,NA,NA,1,3.95196342468262,10.3940801620483,21.2317638397217,11.3151836395264,21.1777591705322,3.65976786613464,7.00955486297607,5.49010038375854,5.72823429107666,76.7579116821289,74.5305023193359,74.2212829589844,79.4704208374023,0.105202183127403,0.0364063456654549,0.255179971456528,0.0156774539500475,2.77550534519833e-05,0,0.544398903846741,0,12.8309234196044
"ITC44",2024,NA,NA,1,-2.57187867164612,3.31212162971497,14.2595663070679,5.14958143234253,20.8131542205811,3.68341970443726,5.98629140853882,4.70583868026733,4.69029426574707,73.2115707397461,77.2218856811523,76.7176971435547,78.5640640258789,0.0150049570947886,0.0709931552410126,0.00852917786687613,0.0750100836157799,9.55378936851048e-07,0,0.801873683929443,0,11.0602178928242
"ITC46",2023,NA,NA,1,2.83832383155823,10.0680322647095,20.0218982696533,12.1086149215698,18.0053558349609,1.81943142414093,4.03329563140869,5.79904174804688,5.41782808303833,75.0376663208008,72.1074371337891,72.8132781982422,77.2997741699219,0.202239766716957,0.0631231293082237,0.100907027721405,0.0110303340479732,5.88804823564715e-07,0,0.615746915340424,0,13.3271809286715
"ITC47",2023,NA,NA,1,2.82197880744934,9.85643005371094,20.0020942687988,12.1333904266357,18.3088989257812,1.83049333095551,3.68117713928223,5.1421103477478,4.46820449829102,75.9935684204102,71.9416580200195,72.7621231079102,77.5675506591797,0.237696707248688,0.0628780946135521,0.0521054938435555,0.0129948537796736,1.53873719321851e-11,0,0.60638415813446,0,13.1706506770634
"ITC49",2023,NA,NA,1,6.25261449813843,14.3440160751343,25.0389175415039,16.0208492279053,19.7217102050781,1.82299101352692,2.65827250480652,3.88379240036011,3.52460074424744,81.7810211181641,68.0442276000977,64.3124084472656,75.3898239135742,0.612595438957214,0.0919737964868546,0.0833575055003166,9.47183109722971e-10,1.73720603874328e-11,0,0.207908779382706,0,12.1073638297122
"ITC4B",2022,NA,NA,1,4.98034048080444,13.770133972168,26.1789436340332,16.1286029815674,20.9272556304932,1.10049664974213,1.50542891025543,2.70620536804199,2.54254341125488,80.4667434692383,64.5841598510742,59.385570526123,77.1743698120117,0.593862175941467,0.0981299206614494,0.0653705075383186,0.00359400454908609,0,3.85388847223494e-16,0.177050799131393,0.0382867678999901,12.7076302031475
"ITC4C",NA,2022,2024,1,5.45769834518433,13.6782264709473,24.6449565887451,14.7194356918335,21.0960388183594,1.97969484329224,3.76139307022095,3.8069314956665,4.38669157028198,77.880256652832,66.8366165161133,64.2130966186523,77.3194580078125,0.433691591024399,0.0539664663374424,0.159863904118538,0.0004330511437729,1.54514200403355e-05,0,0.32859593629837,0,13.3435796727533
"ITF31",2017,NA,NA,1,6.9666600227356,13.4884872436523,23.9162788391113,14.8824224472046,19.88330078125,2.51430821418762,1.78648269176483,0.389116764068604,4.09046030044556,75.8691177368164,73.6531829833984,66.042839050293,75.5129928588867,0.360179334878922,0.092749148607254,0.0361613482236862,6.38646024953005e-10,0,9.36833458031749e-11,0,0.429033219814301,12.4728741661838
"ITF35",2024,NA,NA,1,9.74223327636719,14.1904344558716,24.708324432373,16.5478248596191,16.9725360870361,3.5923855304718,2.91565632820129,0.690019845962524,3.32947397232056,79.7644119262695,75.8877716064453,64.7697906494141,77.0072021484375,0.212793275713921,0.0644467771053314,0.0358082093298435,8.54729009791555e-10,0,2.91858204271023e-10,0,0.568931758403778,12.6200013156068
"ITF48",2023,NA,NA,1,9.86765956878662,14.1908416748047,25.6988124847412,19.8713493347168,17.028377532959,1.39953362941742,3.02619457244873,1.05847465991974,1.45747756958008,77.5233917236328,72.822998046875,61.4771385192871,67.9268341064453,0.311938285827637,0.123742312192917,0.0493824705481529,6.33081087553222e-11,0,2.42958899526746e-11,0,0.256993800401688,11.6165025866384
"ITF63",2017,NA,NA,1,8.47562503814697,13.5261373519897,23.7012214660645,16.1228122711182,17.9575958251953,3.0848388671875,1.53443574905396,0.385780602693558,2.97006273269653,76.6700210571289,74.3645324707031,66.4674301147461,75.277473449707,0.168114855885506,0.0904780104756355,0.0230662375688553,2.1499495239663e-10,0,4.64203762234883e-12,0,0.57632452249527,11.0914544667351
"ITF65",NA,2017,2024,1,11.2206134796143,14.4451713562012,24.5831069946289,19.3195953369141,14.6367120742798,2.90736079216003,2.09992933273315,0.781828224658966,3.17822909355164,76.7322769165039,76.2383117675781,71.1325988769531,77.0850677490234,0.0930725261569023,0.0394744165241718,0.0384512655436993,4.75072148287126e-10,0,3.67568531167706e-10,0,0.431719124317169,11.9671751816768
"ITH10",2017,NA,NA,1,-5.07707023620605,3.95479679107666,13.3720712661743,3.14492034912109,22.7632865905762,1.22774744033813,3.32319593429565,5.26006650924683,3.73157978057861,64.0541687011719,68.2125244140625,71.7430877685547,74.7433776855469,0.0240209717303514,0.0972045361995697,0.0125470692291856,0.0491776168346405,1.05340673683951e-10,0,0.787604987621307,0,12.2737637117028
"ITH32",2020,NA,NA,1,4.70448970794678,12.0712194442749,20.9633865356445,12.4884262084961,18.4481773376465,1.32317364215851,3.13613057136536,5.73610877990723,3.77446532249451,74.9328460693359,66.0557174682617,72.0254135131836,78.0933151245117,0.307266145944595,0.0771707147359848,0.0642405077815056,0.00665117986500263,0,0,0.543512225151062,0,12.8113405157371
"ITH34",NA,2020,2024,1,4.99612951278687,12.2785310745239,22.9284534454346,13.994236946106,19.6724185943604,2.91947388648987,3.7978343963623,3.87462782859802,4.10351610183716,78.9271392822266,71.4337844848633,71.0614929199219,77.718864440918,0.495504826307297,0.060800313949585,0.0885110273957253,0.000834845064673573,0,0,0.328309118747711,0,13.0282855005028
"ITH35",2024,NA,NA,1,6.5180139541626,14.1482191085815,24.9143524169922,14.7360181808472,22.0935668945312,3.50543284416199,6.16534662246704,2.51111936569214,6.26744842529297,81.6485214233398,76.7268371582031,70.1070938110352,77.0775375366211,0.563649356365204,0.0630557239055634,0.0501234382390976,1.31064680886084e-07,5.47140551114089e-15,0,0.200102746486664,0,12.026838131413
"ITH36",2023,NA,NA,1,6.09197664260864,13.7236089706421,24.4873523712158,16.0296306610107,20.3379974365234,1.84643185138702,3.09580373764038,3.53081107139587,3.0419659614563,80.6057739257812,69.7390213012695,67.770751953125,75.056884765625,0.549479782581329,0.0801662504673004,0.0816013291478157,0.000697341747581959,0,0,0.286796718835831,0,12.7500734009427
"ITH54",NA,2017,2023,1,4.68239974975586,12.5287666320801,23.5606250762939,14.2940320968628,20.6954536437988,2.37395477294922,3.16661286354065,2.40266585350037,3.47987627983093,79.5179901123047,69.2278442382812,65.601188659668,78.7074813842773,0.394076645374298,0.0942387282848358,0.0462903492152691,0.000955838651861995,0,9.2482350021807e-16,0,0.462864935398102,12.5296562644279
"ITH57",2007,NA,NA,1,7.7286171913147,15.1785879135132,23.9691066741943,13.6915254592896,17.2894458770752,1.05750024318695,2.23118543624878,1.39412760734558,2.32167220115662,81.6174011230469,67.2012176513672,58.8432388305664,71.8825225830078,0.469036400318146,0.104630887508392,0.0329006761312485,0.00106397364288568,0,3.21029106076232e-11,0,0.268473893404007,11.9252147354261
"ITH57",2017,NA,NA,1,5.18328189849854,14.7456436157227,25.6108016967773,14.3819341659546,23.3823223114014,1.6652467250824,1.33169448375702,0.969453930854797,3.72409462928772,77.984130859375,65.3181762695312,56.316162109375,75.6007080078125,0.446090131998062,0.0973807573318481,0.0372259095311165,0.000382646423531696,0,3.21029106076232e-11,0,0.295026361942291,11.9809898126807
"ITI14",2023,NA,NA,1,6.65613746643066,12.4034337997437,23.4177188873291,16.288553237915,17.8640193939209,3.51617980003357,3.42462873458862,1.75075221061707,3.88110041618347,83.5110473632812,74.779655456543,67.0700531005859,73.8985137939453,0.29401221871376,0.0610033720731735,0.0770649462938309,0.000251752120675519,0,1.65033817774857e-12,0.060250636190176,0.507018148899078,13.2356120371879
"ITI16",2023,NA,NA,1,10.32981300354,14.3600244522095,24.4026165008545,19.2197189331055,14.6843900680542,2.75593209266663,2.26721906661987,1.29539740085602,2.82859516143799,78.5662460327148,75.7410507202148,74.0721130371094,74.0861206054688,0.173502624034882,0.0404442958533764,0.00745694804936647,0.00410390784963965,0,2.39081410918773e-11,0,0.460529297590256,9.29345198353172
"ITI18",2023,NA,NA,1,6.22489070892334,11.8020162582397,22.7748489379883,15.8042402267456,17.484281539917,3.71692585945129,3.49422073364258,2.11791753768921,3.40928173065186,83.6497955322266,75.2157974243164,67.4123916625977,74.7079238891602,0.285515010356903,0.0633325800299644,0.0190101936459541,0.000576138496398926,5.94409937937357e-11,6.45249749898352e-13,0.172443360090256,0.455007463693619,11.7756885681602
"ITI19",NA,2017,2024,1,6.83731889724731,12.900426864624,23.9028625488281,15.5171566009521,19.0313358306885,2.46619343757629,2.56605553627014,1.24765431880951,3.5128743648529,78.7544937133789,71.3008270263672,63.8444862365723,76.8382110595703,0.367317408323288,0.0917226374149323,0.0194863267242908,0.000606434186920524,5.4362851026335e-11,2.35772318335492e-10,0.117640636861324,0.394085019826889,11.8757253009041
"ITI32",NA,2017,2024,1,6.17290115356445,12.2554111480713,23.4244136810303,14.9637289047241,18.9500503540039,2.31880640983582,2.59519672393799,1.60806727409363,2.7778058052063,77.7438888549805,70.5356979370117,62.3455581665039,75.9671249389648,0.420415461063385,0.100128971040249,0.0188979785889387,1.00526253987709e-09,0,1.65136498225804e-11,0,0.415160775184631,10.79241013874
"ITI33",2024,NA,NA,1,8.10555362701416,13.5457429885864,24.2733612060547,15.0142984390259,18.7110176086426,1.42114996910095,2.65095782279968,1.58562898635864,3.48433542251587,76.0434875488281,70.9407653808594,60.8619766235352,77.3077545166016,0.431341916322708,0.076589547097683,0.0190266370773315,0.000412758847232908,0,5.47078604219759e-18,0,0.41125363111496,11.7018705455326
"ITI43",NA,2017,2024,1,8.5034236907959,13.6137914657593,24.3151092529297,16.8970947265625,17.558780670166,3.18698263168335,2.65626263618469,1.06772637367249,4.14281272888184,76.27490234375,73.7466049194336,66.684928894043,76.3391494750977,0.353778630495071,0.0717945173382759,0.121536649763584,0.000494297011755407,0,5.89369317238742e-11,0.0665242597460747,0.272548884153366,14.0054637529193
"ITI44",NA,2017,2023,1,8.2709493637085,13.4170703887939,24.0760669708252,16.9305667877197,17.4368743896484,3.84953045845032,2.76264119148254,1.13659799098969,4.72275018692017,76.1130905151367,74.245849609375,68.4712600708008,76.4653167724609,0.320510923862457,0.0818022638559341,0.115611620247364,0.000506167009007186,0,1.36328240363248e-10,0.0881240516901016,0.265947371721268,12.4651104097679
"ES220",2020,NA,NA,0,7.40802907943726,12.762882232666,19.8680191040039,13.2698993682861,15.3403615951538,2.1354193687439,3.59300851821899,1.45117092132568,2.41094660758972,79.1298828125,73.8397369384766,66.8923950195312,73.3358459472656,0.336657851934433,0.160617783665657,0.0133361723273993,0.0219046156853437,0.000204899391974322,0.0062729874625802,0.407625257968903,0.0305331740528345,12.8455074073214
"UKM63",2024,NA,NA,0,4.48864364624023,8.40167236328125,12.2999963760376,9.21836185455322,9.44735622406006,7.80603218078613,4.09898805618286,5.77865076065063,3.83435583114624,88.141731262207,81.7798461914062,84.2399215698242,86.1557006835938,0.0483376309275627,0.0595883466303349,0.00105866976082325,0.333253085613251,8.8611284976281e-10,2.02511293324881e-12,0.368671208620071,0.00755017157644033,10.6448131030147
"ITC11",2024,NA,NA,0,2.35040140151978,7.69850921630859,18.1801052093506,9.02355766296387,18.9295234680176,3.33617615699768,7.29319286346436,4.08099412918091,4.92595100402832,68.8598709106445,71.9958343505859,71.0575942993164,75.7149810791016,0.205940797924995,0.060947809368372,0.0717582479119301,0.0279125273227692,2.54050058767774e-10,0,0.623793482780457,0,13.7653703485187
"EL632",2017,NA,NA,0,6.00974655151367,13.2385578155518,24.3630180358887,15.7793970108032,20.9536037445068,2.60702443122864,1.54134559631348,0.871315896511078,1.99599063396454,76.272819519043,70.1646270751953,55.544677734375,69.3880233764648,0.183292955160141,0.163670137524605,0.00663798023015261,0.0408524163067341,0,0.0799942165613174,0,0.404165953397751,11.0405789683528
"PL822",2024,NA,NA,0,2.4677906036377,11.382963180542,20.7022800445557,9.99722290039062,21.4794063568115,2.90095233917236,1.73547828197479,3.34215998649597,1.67612195014954,82.3128051757812,69.2210006713867,72.8306427001953,78.2163009643555,0.350780874490738,0.0883860737085342,0.0120622562244534,0.000139709751238115,0,0.0907749608159065,0,0.457856118679047,12.1160598084351
"PT184",2021,NA,NA,0,10.7324628829956,16.0323104858398,23.215202331543,17.8843822479248,15.9432802200317,2.1629593372345,1.02755391597748,0.160125568509102,1.43068480491638,81.6589813232422,65.583984375,54.3961219787598,65.4754867553711,0.309410065412521,0.236537873744965,0.00356913241557777,0.0472935773432255,0,0.257681578397751,0,0.133842065930367,10.8785461835836
"LT027",2023,NA,NA,0,-0.436396062374115,7.60694456100464,17.8378410339355,9.02911567687988,16.7510013580322,2.50538396835327,1.10185825824738,3.00536561012268,2.43595743179321,87.7376556396484,68.0453262329102,72.3876190185547,83.8620758056641,0.35578665137291,0.108803309500217,0.00499399797990918,0.00337938917800784,3.4760289091551e-10,2.65057361503078e-16,0.480967968702316,0.0446701049804688,11.1447306264681
"ES618",2018,NA,NA,0,9.85262966156006,15.2187252044678,25.4502239227295,19.0340690612793,18.7728500366211,1.49194288253784,3.7797281742096,0.10285559296608,2.56115484237671,72.3020401000977,70.9292907714844,50.9143295288086,69.5648422241211,0.428052425384521,0.235001504421234,0.019950969144702,0.00437506521120667,0,0.157772347331047,0,0.147514030337334,13.5277802343484
"UKM66",2017,NA,NA,0,7.37770986557007,7.32593202590942,11.8077840805054,10.1768131256104,4.84075927734375,3.63959264755249,2.47400259971619,2.88158893585205,4.88504505157471,79.0771331787109,80.1155624389648,86.11279296875,80.1318206787109,0.00508739473298192,0.198635697364807,0.000907794572412968,0.069645918905735,0,3.17237555669259e-16,0,0.170160502195358,8.63470596486063
"FRG05",2020,NA,NA,0,8.75818729400635,13.3848457336426,19.3106460571289,13.8294639587402,11.981481552124,3.21816873550415,2.43939757347107,1.58603274822235,2.65282893180847,86.0968704223633,71.7586135864258,70.6302032470703,80.6113204956055,0.468228191137314,0.259673267602921,0.018235832452774,6.83434773236513e-05,0,6.58074202769532e-12,0,0.222475945949554,12.4954945707475
"ES432",2023,NA,NA,0,8.72243690490723,16.067195892334,25.834020614624,17.3569679260254,18.7447032928467,3.18845295906067,1.11400175094604,0.538574814796448,3.45139932632446,75.5610427856445,55.1435470581055,44.1905212402344,69.2762908935547,0.334220886230469,0.162059143185616,0.00322559219785035,0.0722023025155067,0,0.261097997426987,0,0.164088621735573,11.8312914649678
"SEG226017",2024,NA,NA,0,-4.12890672683716,5.81782960891724,16.774471282959,7.43938064575195,22.3557968139648,1.65595304965973,1.4692143201828,2.34192180633545,1.89321517944336,84.5051116943359,73.5929718017578,70.1708831787109,81.3163146972656,0.049276988953352,0.00830059312283993,0.0136885419487953,0.00546501157805324,2.92857960104698e-10,0.326920747756958,0.267268687486649,0.106111198663712,10.7253682696483
"ITF14",2018,NA,NA,0,5.55488157272339,13.1243371963501,21.9830379486084,15.087420463562,18.5516033172607,3.76263928413391,3.81037735939026,2.51337003707886,4.28519248962402,77.7669906616211,76.2997207641602,71.4072570800781,79.2306060791016,0.337955355644226,0.0895406380295753,0.0376159437000751,1.16121945392678e-09,0,0,0,0.447563976049423,11.9077808425774
"EL522",2022,NA,NA,0,6.26961278915405,13.6068773269653,25.7651805877686,17.0489692687988,17.0889835357666,2.68922352790833,1.79614019393921,2.76583743095398,1.4791955947876,72.409912109375,65.5401992797852,59.6222801208496,69.0616149902344,0.328120619058609,0.128710046410561,0.0116467550396919,0.0590301193296909,0,0.0549031682312489,0,0.335184246301651,12.3420418065688
"SEG226012",2017,NA,NA,0,-3.18568158149719,3.73859524726868,13.4176502227783,4.87827491760254,19.0446128845215,1.02824068069458,1.21543061733246,2.8924834728241,2.33902883529663,86.1780471801758,69.1056213378906,73.9532623291016,87.183235168457,0.0196552760899067,0.00633980566635728,0.0034401505254209,0.000510048645082861,9.78416792030146e-10,0,0.917751610279083,0,9.51546288022289
"LV009",2024,NA,NA,0,-1.85896730422974,8.90730953216553,18.3995189666748,9.48922538757324,23.8064098358154,2.0959529876709,1.46729469299316,3.1862530708313,1.48419511318207,88.9930648803711,72.4702682495117,74.9284286499023,83.4831161499023,0.29033038020134,0.0929820910096169,0.00743110664188862,0.00767394155263901,6.01754410189947e-12,0.196774944663048,0.235640272498131,0.16146719455719,12.5231470166781
"CZ03",2020,NA,NA,0,2.08592939376831,8.3192195892334,17.5332050323486,8.87305641174316,17.2468585968018,1.84705317020416,1.89299583435059,3.74548172950745,2.0019006729126,82.1499404907227,64.4161987304688,72.5461502075195,83.3792343139648,0.274698108434677,0.121847450733185,0.01433642860502,0.00118006498087198,0,0.0280631929636002,0.0535958372056484,0.504920780658722,13.3861724629995
"DE26",2022,NA,NA,0,2.96205806732178,9.35028457641602,20.0985260009766,10.6224222183228,18.1947975158691,3.2228045463562,1.92068088054657,1.45339441299438,3.54446721076965,86.1590805053711,65.0154266357422,57.9004707336426,84.2294769287109,0.366771519184113,0.0823395624756813,0.0428771674633026,2.5910811018548e-05,0,1.24983010052482e-11,0.0335326194763184,0.474453181028366,13.3369065512681
"BG344",2017,NA,NA,0,0.120565883815289,12.4158267974854,23.1195430755615,13.2860918045044,27.2131385803223,1.60492396354675,2.32091999053955,2.10066747665405,2.17510390281677,74.79296875,67.7893371582031,62.7190208435059,72.2447814941406,0.341426372528076,0.133047744631767,0.00884909089654684,0.00185187067836523,0,8.49969437695108e-05,0,0.514534890651703,11.8271168296429
"SI038",2024,NA,NA,0,4.33872413635254,10.9370908737183,21.2318477630615,10.9383211135864,20.8672351837158,4.27033233642578,5.70291757583618,3.0646824836731,6.3795657157898,81.9933624267578,76.7395477294922,72.1483840942383,83.0828552246094,0.0559324435889721,0.125874936580658,0.00469455495476723,0.00272529758512974,2.95624791313287e-09,0,0.801521122455597,0,10.4320395458058
"NO051",2024,NA,NA,0,-4.10423231124878,4.32072162628174,11.1428909301758,5.22008323669434,16.5911064147949,8.59291553497314,4.26228475570679,7.37493562698364,7.19398593902588,82.8964004516602,74.8884887695312,81.0344619750977,86.7330551147461,0.0194627251476049,0.000302998290862888,0.00163203093688935,0.000756360474042594,0.342966109514236,2.01395541807869e-05,0.490401089191437,0.000171444655279629,11.1582475212343
"BG325",2022,NA,NA,0,3.39349293708801,10.790337562561,23.9173145294189,14.2703990936279,20.3027782440186,1.42160284519196,1.29044389724731,1.1632833480835,0.84605747461319,77.7063674926758,65.490234375,59.039966583252,68.8771743774414,0.524217009544373,0.157947108149529,0.00799511838704348,0.00460842112079263,0,0.0102456510066986,0,0.287624180316925,11.203081177333
"DE93",2024,NA,NA,0,4.63260364532471,11.501030921936,17.9583435058594,11.0231122970581,16.8082408905029,3.78075242042542,2.64102983474731,2.89342832565308,2.70735025405884,86.1289978027344,74.902214050293,73.8223876953125,83.6635971069336,0.316194891929626,0.167560026049614,0.0455883108079433,0.000225925949052908,9.6920116376964e-10,1.17816301159479e-09,0.0897377952933311,0.353675156831741,14.1246255457173
"UKG2",2024,NA,NA,0,6.36573791503906,10.0047016143799,15.2761344909668,10.3928527832031,11.4799404144287,3.11206436157227,3.17023849487305,1.79271483421326,3.46728730201721,86.7973403930664,80.9930419921875,76.3031463623047,87.0752334594727,0.310724765062332,0.438520044088364,0.0923164337873459,0.00386810908094049,2.6464902318224e-12,0,0.129684329032898,0.0243515968322754,14.143989234614
"RSG125375",2018,NA,NA,0,3.05687499046326,14.320330619812,22.8664436340332,14.2226324081421,23.1213417053223,1.8837685585022,1.98480904102325,3.07528376579285,0.935589730739594,82.4835586547852,67.5216522216797,70.0218734741211,66.0095825195312,0.534511744976044,0.100771114230156,0.0244211461395025,0.00174120010342449,0,0.00451877759769559,0,0.333929657936096,12.3875280721333
"RSG125373",2010,NA,NA,0,2.52941846847534,12.7610921859741,22.588451385498,12.7244815826416,20.2923030853271,3.20305275917053,2.9177827835083,2.57428789138794,2.09160161018372,83.4639739990234,71.1977462768555,72.0228042602539,77.3871383666992,0.471795618534088,0.0778548046946526,0.0811151042580605,0.000106555773527361,0,0.00245057791471481,0,0.366661578416824,13.2679575185273
"BG343",2023,NA,NA,0,5.83097267150879,11.509373664856,23.6201248168945,16.3823013305664,18.877836227417,1.50134336948395,2.53467512130737,0.945114254951477,1.38381612300873,79.8190231323242,74.8944625854492,64.1083297729492,69.1752090454102,0.451433628797531,0.171242579817772,0.00561909936368465,0.00853233225643635,0,0.00228023366071284,0,0.360744804143906,10.5942363514643
"FRD22",2019,NA,NA,0,6.05635976791382,10.2425298690796,18.092794418335,11.8597021102905,14.5695362091064,2.53909420967102,2.00905966758728,2.05611848831177,3.42256164550781,85.2182159423828,76.2771606445312,73.4187774658203,83.3008193969727,0.384122967720032,0.221860513091087,0.0259624291211367,2.88741430765072e-09,0,6.43287853541175e-11,0,0.2850601375103,12.6040588142965
"FRI13",2021,NA,NA,0,8.93301677703857,13.0288381576538,20.6009941101074,14.791262626648,14.5607213973999,5.01209878921509,1.50944876670837,2.44344258308411,2.46347332000732,83.2233428955078,67.0170211791992,72.8635406494141,78.2506256103516,0.203170940279961,0.0856131613254547,0.00796179566532373,0.000476283457828686,6.51370056974231e-17,6.05101120458481e-16,0.226132914423943,0.386963188648224,12.0962193266352
"SEG226082",2018,NA,NA,0,-11.9956464767456,1.04588413238525,15.4197568893433,2.89189743995667,27.977668762207,1.56332445144653,0.823851108551025,2.03140187263489,1.55623364448547,86.9867401123047,68.1890563964844,65.4031448364258,85.0206680297852,0.00172186887357384,0.000196390901692212,0.000157346643391065,0.000237064101384021,5.96423632703846e-10,0,0.974513590335846,0,7.77706577028653
"RO213",2024,NA,NA,0,2.65872120857239,12.3207015991211,23.8742828369141,11.0027370452881,25.2403888702393,0.972167253494263,1.50676500797272,1.72724223136902,2.50414061546326,77.9168243408203,64.0329971313477,59.2818641662598,75.2987442016602,0.528340280056,0.14709760248661,0.0102082537487149,0.000381232763174921,0,0.116168729960918,0,0.197688952088356,12.4805227161445
"HU321",2019,NA,NA,0,1.31565928459167,12.8275146484375,23.3270416259766,13.9204511642456,23.0636329650879,1.47227692604065,2.11083388328552,1.81004893779755,1.47846603393555,81.2312774658203,61.2997283935547,63.8753929138184,71.5054321289062,0.535684823989868,0.105170913040638,0.0225882697850466,0.00357814505696297,0,0.00969214644283056,0,0.322854548692703,12.6730870458545
"EL611",2014,NA,NA,0,5.72756767272949,12.1333646774292,22.7540607452393,14.0520973205566,18.0527763366699,2.68535685539246,2.77966356277466,1.06248009204865,3.51822209358215,78.2080535888672,70.2509994506836,55.513542175293,76.2143630981445,0.270606875419617,0.109461039304733,0.0027883758302778,0.0487958863377571,1.28956489583998e-11,0.133462861180305,0.0610173903405666,0.370915353298187,11.4154941073706
"PT16F",2023,NA,NA,0,11.1465301513672,15.7851572036743,21.0432109832764,17.6335830688477,10.033055305481,3.9857292175293,1.25558292865753,0.473093271255493,4.0764102935791,78.8282775878906,70.6496124267578,72.0263671875,80.6919708251953,0.133643060922623,0.24524337053299,0.0333278104662895,2.14775375262377e-09,0,0.406029254198074,0.0331762991845608,0.116717129945755,11.5941485334361
"RO222",2017,NA,NA,0,-1.52579379081726,11.0667486190796,21.9368572235107,11.5723600387573,26.4614963531494,1.13296794891357,2.09032249450684,2.44258379936218,2.24910235404968,75.3085632324219,69.5886001586914,64.8161849975586,74.3074951171875,0.451925188302994,0.190083518624306,0.00867017824202776,0.00672045676037669,0,0.147393271327019,0.0858045145869255,0.107888832688332,12.3020967039852
"PL218",2018,NA,NA,0,-0.619913399219513,9.94776058197021,18.7796726226807,9.67644500732422,23.200740814209,1.7997635602951,1.59148943424225,4.19475507736206,1.82604312896729,82.0598754882812,68.5720138549805,74.5923843383789,79.8412704467773,0.293459445238113,0.0863717794418335,0.0194812156260014,0.000359408528311178,2.77680677930603e-12,3.37686489881861e-10,0.149946823716164,0.450285077095032,12.5144634144529
"ES112",2022,NA,NA,0,7.57803726196289,11.0824289321899,18.5644626617432,13.9850101470947,10.9644536972046,2.68687152862549,2.96414709091187,1.95245134830475,4.67521286010742,80.6399002075195,76.988525390625,76.3352661132812,80.0318450927734,0.216753199696541,0.0850058123469353,0.00608358811587095,0.00334841664880514,0.000307124573737383,0,0.688341319561005,0,11.5908531250066
"BG421",2023,NA,NA,0,3.91065549850464,10.2873268127441,22.4848442077637,14.4209003448486,20.4428615570068,1.52579116821289,2.63416767120361,1.59676015377045,1.38709962368011,78.9682846069336,72.3671035766602,61.3474960327148,67.5231781005859,0.320539504289627,0.115046337246895,0.0157106425613165,0.00164158071856946,0,0.000776516098994762,0,0.545631945133209,12.5942835014742
"RO125",2023,NA,NA,0,1.29053556919098,9.05240249633789,19.8463039398193,11.3291940689087,19.1076564788818,2.27012944221497,1.93659269809723,2.85089063644409,1.80019783973694,82.6730728149414,68.6923904418945,71.5867462158203,75.2845611572266,0.328239411115646,0.198538094758987,0.00802015513181686,0.0079078022390604,2.03287497946292e-10,0.0929252505302429,0.281248837709427,0.0831204354763031,12.3736821468344
"HU221",2020,NA,NA,0,3.72231435775757,11.491771697998,21.3663578033447,11.7030553817749,21.3666229248047,1.25617384910583,1.20153737068176,3.22454690933228,2.20739722251892,77.1958389282227,56.2904968261719,66.2625122070312,79.6745300292969,0.46435421705246,0.1131262332201,0.020042784512043,0.00231235148385167,0,0.00646187085658312,0,0.38352769613266,12.1571822185221
"EL631",2023,NA,NA,0,8.29743385314941,12.8495798110962,24.0626735687256,17.7093048095703,16.2431392669678,4.28593635559082,3.87310028076172,1.35521483421326,5.85320043563843,79.2002105712891,77.4337921142578,66.3329086303711,76.0503005981445,0.154348984360695,0.112417593598366,0.00402464438229799,0.0288008954375982,1.33586483888615e-11,0.12807497382164,0.0652160942554474,0.410781413316727,11.15983349184
"ITG12",2023,NA,NA,0,10.1179904937744,13.6029682159424,24.5736236572266,19.8944282531738,16.5157680511475,2.14235663414001,2.77190184593201,0.9989373087883,0.955373048782349,81.8259124755859,77.4431533813477,62.7664794921875,69.9166412353516,0.494845002889633,0,0.00505937077105045,0.167294234037399,0,2.78531855748881e-15,0,0.324059903621674,11.4807094800749
"ES523",2018,NA,NA,0,7.96945285797119,14.0091066360474,24.3200016021729,16.2011909484863,18.0999279022217,1.38635718822479,1.63103413581848,1.25241601467133,2.84584331512451,65.2852478027344,59.2100639343262,57.762378692627,74.6512069702148,0.272800624370575,0.00180546869523823,0.0122118182480335,0.126120820641518,0,0.250509828329086,0,0.311341255903244,12.6438527661761
"HU332",2023,NA,NA,0,4.04206991195679,11.847749710083,23.0289478302002,14.4373760223389,20.9285945892334,2.22311902046204,1.98156750202179,2.22695064544678,2.2914400100708,83.9854583740234,70.0710601806641,64.4618301391602,72.6979598999023,0.598522067070007,0.105589650571346,0.0163196232169867,0.00712597509846091,0,0.00634299963712692,0,0.265906274318695,12.0109080311054
"ITG27",2023,NA,NA,0,10.4353857040405,14.874415397644,25.5941619873047,20.2599143981934,16.296070098877,1.70222330093384,1.87221765518188,0.835297703742981,0.58763200044632,80.9794082641602,73.1222152709961,61.7780303955078,68.8984069824219,0.177166506648064,0.0476288571953773,0.0264513939619064,0.0290474463254213,0,4.85170816011665e-15,0,0.56053364276886,11.9747569256354
"NO052",2024,NA,NA,0,-4.73847961425781,4.06509590148926,11.0557699203491,4.58892917633057,16.3570976257324,7.23608541488647,3.51607799530029,7.41983461380005,7.58901119232178,81.9004745483398,72.5847625732422,79.3507308959961,86.1001586914062,0.0243833791464567,0.000395714421756566,0.00241308775730431,0.000797349959611893,0.36084645986557,0,0.437052190303802,0,11.1772538452697
"AL021",2024,NA,NA,0,6.34826803207397,12.9206590652466,23.8481845855713,13.4692153930664,19.6720142364502,2.93396663665771,3.91485357284546,1.04752993583679,4.13229656219482,74.8317031860352,72.626594543457,62.4071617126465,75.0628280639648,0.189270183444023,0.12589867413044,0.0132546555250883,0.00761980377137661,0.115634597837925,0,0.542150020599365,0,12.0378975847967
"NL32",2017,NA,NA,0,4.43859815597534,10.1370449066162,17.4593544006348,12.2317867279053,15.0582418441772,1.73459339141846,1.33078515529633,3.12419724464417,3.32323575019836,86.7304000854492,78.2780456542969,78.1989898681641,82.8313751220703,0.175750106573105,0.141337051987648,0.132770642638206,1.79805748068418e-09,2.02688407724416e-10,4.10140075114002e-13,0.111220151185989,0.0958823561668396,13.8319190124498
"ITG29",2010,NA,NA,0,8.75199127197266,12.8506555557251,22.6744995117188,15.6498899459839,14.2531538009644,3.21011638641357,2.54670548439026,0.636952102184296,2.61522555351257,80.5231246948242,77.7826461791992,65.9269943237305,76.0359039306641,0.186048194766045,0.149816051125526,0.00620002672076225,0.0155189549550414,0,1.88728363889796e-15,0,0.627187371253967,10.5159578318513
"RO422",2024,NA,NA,0,3.24092221260071,11.6135454177856,22.262020111084,10.222315788269,22.6483879089355,1.86257374286652,2.52585625648499,2.0769670009613,2.1414577960968,80.9287948608398,72.0553512573242,65.9132308959961,75.3828353881836,0.163002386689186,0.107104666531086,0.0038964154664427,0.00910855364054441,8.60885411384515e-05,0.387747943401337,0.194607898592949,0.131431490182877,11.7178198841895
"ITG2B",2024,NA,NA,0,11.4165124893188,15.3737697601318,25.187047958374,18.8351573944092,15.5345315933228,2.18304967880249,1.65669739246368,0.225396707653999,1.4808292388916,79.5602874755859,70.5830459594727,62.2133674621582,74.6441802978516,0.362123727798462,0.10855570435524,0.0167745444923639,0.00476065138354897,0,4.41555046090555e-16,0,0.478329807519913,10.4279268847021
"EL653",2024,NA,NA,0,10.8862800598145,15.7285432815552,26.6048183441162,18.2447490692139,16.9496154785156,3.06726384162903,1.38368880748749,0.351111888885498,1.67997217178345,77.1190948486328,70.0996704101562,58.8257637023926,68.9941558837891,0.16955991089344,0.133794128894806,0.00265702442266047,0.042630385607481,0,0.0492660142481327,0,0.349895715713501,10.6114020135681
"PT181",2022,NA,NA,0,12.7869930267334,15.9489183425903,21.9040966033936,18.5407943725586,9.13898849487305,0.825315594673157,1.9606214761734,0.112239815294743,1.37569499015808,74.9244155883789,71.0187530517578,66.5674591064453,78.6792907714844,0.180104240775108,0.13757760822773,0.0018562083132565,0.0300655532628298,0,0.289984375238419,0,0.116543859243393,10.5877397231256
"FRH04",2017,NA,NA,0,6.26886510848999,11.7090291976929,17.9918193817139,12.4583902359009,14.1502552032471,1.67914402484894,1.87322545051575,1.28182566165924,1.87035870552063,86.7062759399414,77.3187026977539,76.1548385620117,85.3122406005859,0.323841571807861,0.249476790428162,0.0210803858935833,3.85264842250876e-09,3.68806707395919e-10,2.02108677016533e-11,0.239651396870613,0.0788260400295258,12.673745239711
"DEC0",2024,NA,NA,0,4.59765529632568,10.8205213546753,18.6772975921631,10.86363697052,18.3659152984619,3.71570420265198,3.89210820198059,2.50264430046082,3.1270637512207,86.2320022583008,77.3588180541992,72.9880447387695,86.1357498168945,0.28956139087677,0.133660063147545,0.102182917296886,4.29500712773034e-10,1.95418507764611e-12,0,0.0805997774004936,0.393995851278305,12.8218780249741
"FRH03",2023,NA,NA,0,6.108962059021,11.5037622451782,18.8405227661133,14.4473657608032,9.93419456481934,2.04592299461365,2.6583776473999,1.91530895233154,3.00415349006653,85.4448394775391,77.4653015136719,74.8230590820312,81.97265625,0.404787451028824,0.287045747041702,0.029670849442482,4.40041780791489e-09,0,6.73466433415687e-17,0.025164682418108,0.253174185752869,13.037712689068
"RO414",2023,NA,NA,0,3.76596474647522,11.9563131332397,24.0373954772949,15.2461080551147,21.3679809570312,1.74142694473267,1.74377596378326,1.73230528831482,1.67728543281555,82.0874938964844,67.9259796142578,61.1745529174805,65.3167266845703,0.60723865032196,0.125432461500168,0.00949564948678017,0.00535070616751909,2.74650840265123e-11,0.0260584484785795,0.099229596555233,0.126641780138016,12.1715918312867
"DE13",2023,NA,NA,0,2.65537095069885,9.50115299224854,19.4808769226074,11.8956937789917,15.6717405319214,2.35863089561462,3.54274225234985,3.1384744644165,3.79201221466064,83.5925369262695,74.3795394897461,66.113166809082,79.3330993652344,0.218964621424675,0.111871771514416,0.073269210755825,0.00089390593348071,1.76357609071864e-10,0.008927121758461,0.408466100692749,0.172302082180977,14.0106319298272
"BG312",2024,NA,NA,0,4.56428861618042,13.1980142593384,25.2356548309326,12.2024202346802,24.2379188537598,1.07962155342102,2.57996702194214,1.01926505565643,1.37032496929169,76.2594223022461,69.2587890625,53.3466720581055,68.2668228149414,0.392878651618958,0.198962286114693,0.00510817440226674,0.0164868030697107,0,0.0374673306941986,0,0.347196131944656,10.8573250462067
"BG331",2014,NA,NA,0,3.62531805038452,11.932315826416,21.981559753418,12.5861234664917,19.8274536132812,1.27402281761169,2.49236631393433,3.1146342754364,2.19084143638611,83.8737564086914,78.9292831420898,75.0166168212891,81.8621063232422,0.37813138961792,0.13986311852932,0.0130312591791153,0.000298074301099405,0,8.19311972009018e-05,0,0.374925285577774,12.1105484037537
"PL722",2022,NA,NA,0,1.13267016410828,8.2193431854248,19.9536590576172,9.35080623626709,18.7795162200928,1.85468852519989,1.72011065483093,3.02737951278687,1.89295279979706,80.9840698242188,64.8157577514648,69.4660339355469,83.9275436401367,0.418902188539505,0.114037536084652,0.0188165176659822,1.71466219001104e-09,0,1.34254191097583e-10,0,0.447196871042252,12.868060953794
"SK041",2017,NA,NA,0,-3.66247177124023,8.78132057189941,18.3060989379883,8.10583591461182,25.7581386566162,1.36746788024902,2.57825517654419,2.83664321899414,3.30113172531128,82.9869766235352,73.3686676025391,72.0953598022461,84.0449981689453,0.209479048848152,0.0809753611683846,0.0150013398379087,0.000570411502849311,1.84464207797497e-10,0.123337537050247,0.45905876159668,0.110801786184311,12.9421227539659
"PL824",2023,NA,NA,0,1.94783592224121,9.21602535247803,19.7985572814941,11.5778865814209,18.4733734130859,2.98752856254578,2.193190574646,3.27309536933899,2.80475687980652,83.8001708984375,69.8886566162109,72.4675216674805,80.2677307128906,0.385531455278397,0.0977807119488716,0.0254772584885359,1.29222678424412e-06,0,1.02378956007287e-11,0,0.490481466054916,12.7148752869465
"SEG226080",2022,NA,NA,0,-10.9670419692993,-0.788383364677429,11.5219230651855,0.492505729198456,22.8056926727295,1.81981813907623,2.0220034122467,3.68805623054504,2.06172108650208,80.897331237793,72.790168762207,73.8483657836914,84.3115768432617,0.000587202433962375,3.02036642096937e-06,0.000270586140686646,0.000511352089233696,0.00797445513308048,0,0.953230381011963,0,9.45192195573469
"FRD12",2024,NA,NA,0,7.64435291290283,10.9522857666016,17.0315017700195,12.5334138870239,12.9451923370361,3.61606073379517,2.69246172904968,1.57766842842102,3.03168797492981,86.4170761108398,81.2242126464844,78.8115386962891,86.7839431762695,0.361430078744888,0.329923123121262,0.014946062117815,3.52441986706253e-09,0,5.66172968510331e-17,0.0991558581590652,0.146791249513626,11.7315247065317
"RO312",2023,NA,NA,0,4.36778354644775,11.9926052093506,24.8393726348877,16.1303081512451,21.2334899902344,1.20243382453918,1.96437954902649,1.29485321044922,1.73444259166718,82.2684555053711,70.1968154907227,57.9514198303223,63.9168281555176,0.62767618894577,0.134600773453712,0.0146926883608103,0.0166899226605892,0,0.0359650701284409,0,0.149472445249557,12.7915217714879
"BG314",2021,NA,NA,0,3.43925499916077,10.7595462799072,23.4158420562744,12.0247211456299,22.2407245635986,2.32944250106812,2.75674605369568,1.83094704151154,1.70276367664337,83.6521835327148,69.1160354614258,62.5807723999023,74.3140335083008,0.524577856063843,0.194377258419991,0.00724860792979598,0.010043547488749,0,0.0062945787794888,0,0.256306171417236,11.5319137288998
"DEA4",2023,NA,NA,0,3.58335137367249,8.88154697418213,18.1377468109131,12.0352067947388,12.8226137161255,2.7522394657135,2.66268610954285,3.41413283348083,3.3325343132019,85.3975296020508,74.2466201782227,71.1670303344727,82.3335800170898,0.422481179237366,0.13521945476532,0.090297058224678,1.33208111208205e-09,0,1.32876309955066e-09,0.0036006469745189,0.34783285856247,13.8559622439288
"DEB3",2022,NA,NA,0,3.98023819923401,10.5482044219971,21.0924301147461,11.7996511459351,18.4038906097412,2.60481762886047,1.75850653648376,1.54561650753021,3.75675678253174,85.3199691772461,63.9479522705078,55.1632118225098,83.3431243896484,0.305632650852203,0.0904065817594528,0.131279796361923,6.52735032691254e-10,0,0,0,0.472680985927582,14.0034271624131
"EL641",2023,NA,NA,0,9.87987232208252,14.4921102523804,26.4634838104248,19.2221355438232,17.239860534668,1.22477090358734,1.59404039382935,0.521044194698334,2.02031755447388,77.1019592285156,69.1709823608398,52.3448219299316,70.5200347900391,0.238514587283134,0.15451368689537,0.0111554265022278,0.0629838407039642,0,0.0447095632553101,0,0.366854220628738,11.5736610365139
"RSG125382",2023,NA,NA,0,3.13931441307068,9.85400772094727,20.4433250427246,13.1852111816406,18.3095741271973,2.51072120666504,3.28601980209351,3.09971237182617,2.78836488723755,83.4439010620117,75.0986480712891,75.1028137207031,76.5953979492188,0.256909877061844,0.0540456734597683,0.01339574996382,0.000319286104058847,0.000139714786200784,0.140976801514626,0.12557153403759,0.408641338348389,11.5244262640182
"LV005",2023,NA,NA,0,-2.56712603569031,7.11583375930786,17.7910690307617,7.51046705245972,18.9522609710693,2.49307179450989,1.38815486431122,2.52561211585999,2.59012603759766,88.5442276000977,66.8097152709961,71.6337585449219,85.3527755737305,0.246974140405655,0.0766556039452553,0.00444319657981396,0.00890746992081404,6.95291567376355e-12,0.366846442222595,0.0505110546946526,0.220057055354118,11.7296986434778
"PT16D",2023,NA,NA,0,9.7923412322998,14.7519731521606,20.6341876983643,16.581657409668,11.0026397705078,5.42460632324219,2.29695320129395,1.10537350177765,7.33158826828003,79.3674926757812,71.9888381958008,73.0856323242188,81.9325408935547,0.0836910828948021,0.164589747786522,0.0238500516861677,1.01938113505895e-09,0,0,0.684613108634949,0,10.5184587471821
"EL431",2018,NA,NA,0,12.6027221679688,17.7811470031738,25.2116088867188,19.8486232757568,12.8910570144653,1.64884102344513,0.472740441560745,0.966235041618347,1.4401707649231,76.2552795410156,67.1082229614258,65.959358215332,74.5536499023438,0.205790877342224,0.1881313174963,0.00608238531276584,0.00975214131176472,0,0.00418926728889346,0,0.278075188398361,11.2646432763184
"SK022",2019,NA,NA,0,-0.13127239048481,9.35157299041748,20.4158267974854,10.6502809524536,22.2596588134766,2.31589603424072,2.52550601959229,2.48740768432617,2.32798790931702,81.5302352905273,70.2272262573242,68.8863754272461,81.1071701049805,0.242677167057991,0.0849130600690842,0.022574283182621,7.17823131708428e-05,0,0.001443290268071,0.64187502861023,0.00644542463123798,12.4811016846008
"PL925",2018,NA,NA,0,-0.633622944355011,10.2017135620117,20.0773258209229,9.56736087799072,24.0937442779541,1.29270112514496,1.15725266933441,2.18378758430481,1.32130599021912,83.8743438720703,65.1846160888672,66.5775375366211,80.1197662353516,0.418659925460815,0.128977462649345,0.00765896355733275,8.16938772914e-05,0,1.36999179362052e-12,0,0.442204743623734,12.3925891671841
"DEF0",2018,NA,NA,0,2.24195766448975,9.07353687286377,18.4613380432129,10.7688627243042,19.3488292694092,2.22259950637817,1.7004269361496,1.19664084911346,1.18719458580017,86.2458419799805,75.6173706054688,70.4272003173828,81.1631622314453,0.345852792263031,0.206628784537315,0.069344274699688,7.85145603003912e-05,5.31658217450826e-10,2.26708998525282e-05,0.109747424721718,0.166485518217087,14.491649731387
"SK023",2019,NA,NA,0,1.08243465423584,11.196042060852,22.3239402770996,12.2582750320435,22.750659942627,1.78339636325836,2.53379607200623,2.15648674964905,2.02295160293579,79.0182876586914,65.8957595825195,65.4690475463867,77.8080368041992,0.455429464578629,0.152731910347939,0.0266683381050825,5.76502734439543e-10,0,0.000149559942656197,0.241324722766876,0.123695999383926,12.8256397193986
"AT21",2020,NA,NA,0,-0.602311730384827,6.65984869003296,15.6221323013306,7.15462779998779,17.7925052642822,1.8947468996048,2.69935393333435,6.29490375518799,3.63231825828552,74.758056640625,67.1508178710938,77.3107299804688,82.7702026367188,0.0894796550273895,0.0706310272216797,0.0152128003537655,0.0308619420975447,1.98166844045389e-10,0,0.789681017398834,0,12.6232309954325
"LV003",2017,NA,NA,0,-0.237015590071678,5.74519395828247,15.6710195541382,8.32209491729736,17.5534286499023,1.38303732872009,1.36716830730438,2.65590643882751,3.64697456359863,87.4554061889648,76.0873489379883,78.3884887695312,88.1025466918945,0.208642199635506,0.0776889845728874,0.00421869149431586,0.0145249897614121,7.62857832459218e-12,0.432717770338058,0.0452560298144817,0.176077827811241,11.8428667112052
"ES113",2014,NA,NA,0,5.76853466033936,11.0415821075439,17.3840961456299,13.7946128845215,11.2173871994019,8.08180999755859,3.22298502922058,1.48476076126099,5.54855489730835,87.1312255859375,75.5259628295898,71.7358016967773,82.0281143188477,0.149821743369102,0.117131605744362,0.00745504908263683,0.0126105882227421,0.000800084439106286,0,0.71039217710495,0,11.899757211924
"HR048",2023,NA,NA,0,4.19129943847656,11.8260698318481,22.1189613342285,14.4018135070801,18.7044677734375,2.99019455909729,3.14207482337952,2.41687798500061,2.38946270942688,83.7219390869141,72.0557708740234,73.1227264404297,77.0023345947266,0.273698508739471,0.0876761227846146,0.00518575171008706,0.00173253042157739,0,0.23609670996666,0,0.395610392093658,10.1956472563163
"PT16E",2022,NA,NA,0,10.4445705413818,14.1990127563477,21.2495250701904,16.5213718414307,10.6729192733765,1.47397935390472,2.4180703163147,0.406057417392731,4.63311195373535,77.092903137207,72.6193237304688,68.3479156494141,81.6956558227539,0.0944609567523003,0.177063465118408,0.0223061926662922,0.000574301404412836,0,0.143338307738304,0.437195330858231,0.0281884707510471,11.9734211459659
"RO111",2014,NA,NA,0,2.72298312187195,12.0729379653931,19.9707698822021,11.8041677474976,17.2929248809814,1.22303318977356,2.10857391357422,3.05173850059509,2.15160775184631,82.7505645751953,68.641242980957,68.7516937255859,80.5231704711914,0.398905456066132,0.176253691315651,0.00435656402260065,0.00917277205735445,2.06806997199958e-13,0.255529552698135,0.0163771472871304,0.139404788613319,12.1824045177416
"SEG226209",2018,NA,NA,0,-9.46387577056885,1.66305553913116,15.1713495254517,3.66575074195862,26.9675235748291,1.77615451812744,0.941152095794678,2.33603596687317,1.22451889514923,88.4981842041016,67.9882125854492,68.8351898193359,84.368896484375,0.0277595482766628,0.00340206478722394,0.00273904949426651,0.00489246007055044,5.26014121149387e-10,0.095366932451725,0.832551956176758,0.00931434612721205,10.6702474375357
"FRF12",2018,NA,NA,0,2.30202198028564,10.8764419555664,20.389741897583,10.9850053787231,21.5752735137939,4.53337526321411,2.80059123039246,1.96026802062988,1.36324024200439,84.4258880615234,74.2237091064453,64.7587051391602,78.0083694458008,0.261278718709946,0.095743291079998,0.0501253642141819,7.42573975003324e-05,0,0.00363812991417944,0.352911710739136,0.235649198293686,12.8832908178849
"RSG125381",2024,NA,NA,0,5.57357406616211,14.5271835327148,24.6603488922119,12.3678216934204,23.2685661315918,1.28765571117401,1.80433297157288,1.61533141136169,2.4325807094574,79.8227157592773,69.1355361938477,65.8909683227539,79.4616622924805,0.386545926332474,0.075489953160286,0.0147644029930234,0.000875255966093391,0,0.169986858963966,0,0.352337568998337,11.6274362777401
"ITG25",2024,NA,NA,0,11.1151752471924,14.634090423584,24.1337661743164,17.974946975708,15.0566310882568,2.12784910202026,1.77572309970856,0.423779100179672,2.03279566764832,79.1825485229492,73.2879028320312,67.3534393310547,76.6874465942383,0.283673942089081,0.108020402491093,0.0153866559267044,0.00257400842383504,0,2.69244820882975e-10,0,0.38138011097908,11.5545046477511
"RO311",2017,NA,NA,0,-2.63048839569092,10.0367450714111,20.3228797912598,10.0209178924561,26.1284084320068,0.918384313583374,2.87065172195435,2.82415056228638,2.55161547660828,77.1336898803711,72.9637985229492,70.2751312255859,78.2002105712891,0.296242564916611,0.123053170740604,0.00832875352352858,0.0200704876333475,3.15833748043559e-10,0.127648741006851,0.384900718927383,0.0397555790841579,12.5601570650812
"RO121",2017,NA,NA,0,-2.7144021987915,9.85617733001709,19.7756290435791,9.37972450256348,26.1508598327637,0.985353648662567,2.92600107192993,2.53092336654663,2.08094263076782,77.8964462280273,70.4667205810547,67.7921142578125,78.6936569213867,0.216967329382896,0.189576879143715,0.00413460657000542,0.0342340990900993,2.6679922160433e-11,0.143941223621368,0.339930564165115,0.0712152943015099,11.9058234996637
"FRI33",2019,NA,NA,0,6.82997226715088,11.3925180435181,20.3947734832764,13.352931022644,17.3717174530029,2.19010496139526,2.0938355922699,1.36931586265564,4.19156312942505,85.4355545043945,72.2837677001953,66.2639617919922,81.630256652832,0.49057400226593,0.249136418104172,0.015222261659801,3.80122555654339e-09,0,6.23511209513486e-17,0,0.245067313313484,12.1307344337689
"IEG11592",2017,NA,NA,0,6.3481969833374,9.6920747756958,14.5646800994873,10.2690753936768,9.10718536376953,2.13502025604248,1.96938359737396,2.94139647483826,2.82076334953308,88.488166809082,79.9414672851562,80.8520584106445,87.2433013916016,0.0661041811108589,0.705022275447845,0.00930171459913254,2.17615037101382e-09,2.09368161696588e-10,0,0.207518577575684,0.0113340290263295,10.7344632519053
"NO022",2017,NA,NA,0,-5.24453115463257,0.367416739463806,9.8481855392456,0.903918027877808,17.1524295806885,2.28741526603699,2.24928188323975,3.88574051856995,3.55080223083496,82.3018646240234,72.4707183837891,74.3986282348633,85.0931549072266,0.0259889867156744,0.0072635356336832,0.00295572564937174,0.00126483209896833,0.448955863714218,0,0.470911800861359,0,11.7691284801704
"RO314",2024,NA,NA,0,4.78323316574097,13.7595672607422,27.0704364776611,13.1213083267212,25.8427772521973,0.919282138347626,1.93126964569092,0.900046944618225,1.46828138828278,77.6466674804688,67.4982070922852,47.9984855651855,67.8074951171875,0.616168677806854,0.115906454622746,0.0267349891364574,0.00861712452024221,2.05230332728235e-10,0.0509518720209599,0.0100742150098085,0.170168504118919,13.1131116493464
"CZ04",2022,NA,NA,0,1.55543613433838,7.96909189224243,18.8263969421387,9.01306915283203,18.207727432251,2.26782417297363,1.56427574157715,2.88275074958801,2.17366051673889,83.411262512207,65.0428085327148,63.7802963256836,85.6616363525391,0.279313534498215,0.117118127644062,0.0315516740083694,0.00295742671005428,0,0.00540699576959014,0.020650465041399,0.542526423931122,13.3931060028694
"PL416",2022,NA,NA,0,1.76231634616852,8.98463726043701,20.4427528381348,9.72938537597656,18.7860240936279,2.07075142860413,1.12212336063385,3.34663534164429,1.54170513153076,83.7823944091797,58.9529304504395,63.5904693603516,83.6183471679688,0.441684454679489,0.114839799702168,0.0147471828386188,1.09081532695399e-09,0,0,0,0.425938427448273,12.6799395060044
"PL821",2023,NA,NA,0,1.05248272418976,8.39778232574463,18.737678527832,10.8391809463501,18.3825798034668,3.2357451915741,2.54435753822327,3.67128825187683,3.21921730041504,86.0630264282227,72.1489105224609,77.3054656982422,82.4621963500977,0.255051583051682,0.0730124562978745,0.0137071944773197,0.000395140494219959,0,0.05142817273736,0.00830858014523983,0.598064661026001,12.2636988058625
"EL412",2019,NA,NA,0,12.2653856277466,16.1338138580322,24.6307506561279,21.1695098876953,12.5501708984375,8.9211311340332,2.21679282188416,0.0272094123065472,3.10277557373047,72.2944030761719,74.7453079223633,72.5667190551758,76.658821105957,0.031158059835434,0.0192435402423143,0.00137812946923077,0.00214928551577032,0,0.0465297400951385,0,0.122611150145531,7.82510102054406
"RO413",2022,NA,NA,0,2.51808142662048,10.4257698059082,22.7597827911377,12.2800912857056,20.5729904174805,2.06891298294067,1.61571133136749,2.33738040924072,2.39306116104126,77.5768127441406,63.9827308654785,63.4820327758789,79.4796295166016,0.361264228820801,0.170098185539246,0.00592954130843282,0.00362759875133634,0.000127267077914439,0.0130296349525452,0.371257692575455,0.0707867741584778,11.6787434193525
"RO411",2024,NA,NA,0,5.23272657394409,14.4463424682617,27.0734367370605,13.1208305358887,25.6630096435547,0.829510271549225,2.05108237266541,0.917410671710968,1.30428040027618,75.8003616333008,64.5415115356445,47.5092582702637,64.9541091918945,0.5748530626297,0.175977095961571,0.00991787388920784,0.00913938879966736,0,0.0344128794968128,0.0400426276028156,0.154124453663826,12.5018405332404
"SI037",2018,NA,NA,0,1.70413661003113,11.3501605987549,20.325439453125,11.9298496246338,22.6765613555908,4.87822341918945,3.93872952461243,3.89050006866455,2.90702748298645,84.0622940063477,75.274299621582,75.3078460693359,82.5473709106445,0.0773163512349129,0.134873762726784,0.00657328404486179,0.000796248437836766,1.33379574052128e-09,0,0.779123902320862,0,11.1586294970584
"ITG28",2010,NA,NA,0,9.35832786560059,13.5740194320679,22.7241764068604,16.3182907104492,13.8549022674561,3.73972511291504,2.16988134384155,0.713823020458221,2.94829249382019,81.4869918823242,76.8987808227539,67.5122909545898,74.8350067138672,0.398477792739868,0.230646103620529,0.00911786686629057,0.008301324211061,0,6.81686873615917e-10,0,0.333353698253632,11.0480153417703
"PL637",2023,NA,NA,0,1.1453652381897,7.50884819030762,17.6173763275146,9.97058868408203,16.0911827087402,1.84129869937897,1.30731511116028,2.72572779655457,2.32204508781433,89.0420761108398,71.9212951660156,73.1173553466797,84.5240097045898,0.272109389305115,0.0638227611780167,0.0053669847548008,0.000387177016818896,0,1.37090461205247e-09,0,0.644248425960541,11.8309578573381
"LT022",2022,NA,NA,0,-0.711072385311127,6.15676116943359,18.6162128448486,7.76343774795532,20.1106452941895,2.26428508758545,1.69428825378418,3.11903142929077,1.18324494361877,85.1537170410156,64.7391815185547,74.4577331542969,84.9493560791016,0.39512911438942,0.0867055281996727,0.0126861538738012,0.00125447520986199,0,0.0341654270887375,0.0190183613449335,0.443199306726456,12.4804840034071
"EL513",2023,NA,NA,0,6.25357913970947,11.6586656570435,24.0097503662109,16.7490539550781,18.7916851043701,2.35490655899048,2.76422095298767,0.638007581233978,1.99408793449402,80.1628723144531,75.314697265625,59.2955093383789,69.300048828125,0.282493889331818,0.058339387178421,0.00310807791538537,0.0419642440974712,0,0.131061315536499,0,0.475388824939728,10.3536712411034
"EL621",2023,NA,NA,0,14.3093719482422,15.8195333480835,24.8008766174316,22.1251773834229,10.3947143554688,3.17433333396912,2.47617816925049,0.149114787578583,2.43240284919739,72.6165008544922,78.7409744262695,82.4190444946289,75.0450057983398,0.0484486520290375,0.0451713837683201,0.00126620451919734,0.000520807458087802,0,0.00339919375255704,0,0.0676599219441414,7.74696277866139
"PT150",2023,NA,NA,0,12.7451934814453,17.6159057617188,23.9785823822021,19.1005668640137,11.3398313522339,1.9053658246994,0.446942210197449,0.172654420137405,1.62023484706879,78.5524139404297,65.2036819458008,59.2141571044922,75.5787963867188,0.118133634328842,0.179939538240433,0.0102660674601793,0.0315847545862198,0,0.269223630428314,0,0.182563036680222,11.7503383483937
"FI1D7",2023,NA,NA,0,-8.12731456756592,-0.991104543209076,13.4152612686157,-0.862215459346771,24.8039588928223,1.51639878749847,1.28558874130249,2.64235067367554,2.59442329406738,87.0055923461914,69.9590148925781,74.2145690917969,88.0851516723633,0.00295863370411098,7.69239522924181e-06,0.000591184303630143,0.000630260969046503,0.0553720630705357,0.151112794876099,0.738306045532227,0.00379309384152293,11.6744592022943
"PL621",2024,NA,NA,0,1.6601334810257,10.4000253677368,18.8330383300781,10.2916374206543,20.5373210906982,2.94345140457153,1.54507410526276,2.60501861572266,1.27570927143097,88.5806655883789,72.257194519043,73.6948394775391,79.9493713378906,0.367618471384048,0.0943086966872215,0.0103965355083346,0.000257352832704782,0,0.0105182053521276,0,0.449774861335754,12.5046608110083
"PL214",2021,NA,NA,0,-0.296841949224472,7.16305446624756,18.9256172180176,9.03462886810303,18.373950958252,1.69614231586456,2.91634774208069,4.53618431091309,1.79791402816772,85.0445785522461,70.8473587036133,74.3491134643555,80.5603866577148,0.393324315547943,0.0980079248547554,0.038644153624773,1.36231004255194e-09,0,1.36360436830962e-10,0.0998417437076569,0.370148777961731,13.1188298292699
"NL41",2020,NA,NA,0,6.37234735488892,10.7690982818604,18.6185722351074,12.0197458267212,11.3920917510986,2.86840629577637,1.11447560787201,2.22635316848755,2.08976054191589,85.209587097168,64.8646621704102,71.7981338500977,83.0041427612305,0.302855998277664,0.18632684648037,0.152709230780602,1.97772465071466e-09,0,2.50609588636763e-10,0,0.340776771306992,14.2096581134975
"RSG125400",2022,NA,NA,0,0.103912889957428,8.21403694152832,19.8009147644043,10.5579633712769,16.2956085205078,3.24028611183167,2.03384780883789,3.1502480506897,2.96871376037598,81.5910873413086,66.4649047851562,68.3498458862305,81.4446411132812,0.176059186458588,0.0767156034708023,0.0075602326542139,0.0031040427275002,0.00235225446522236,0.0316339582204819,0.608615815639496,0.0939589142799377,11.7563279732699
"PL823",2023,NA,NA,0,1.83102524280548,9.08968353271484,19.6300582885742,11.5504217147827,18.4417495727539,3.15184354782104,2.30818939208984,3.39069962501526,2.92580556869507,84.1045455932617,70.3270645141602,73.5444641113281,80.2804489135742,0.343140155076981,0.089348778128624,0.0262838155031204,4.09552512792288e-06,0,0,0,0.541223168373108,12.5058952537823
"EL515",2019,NA,NA,0,6.09992074966431,12.7359523773193,23.6170654296875,17.4390563964844,18.1373500823975,3.34605360031128,1.78872573375702,1.56115531921387,3.53812623023987,72.5393371582031,75.5165405273438,68.0090560913086,73.5756683349609,0.157789632678032,0.0627702996134758,0.00246737757697701,0.0109759429469705,0,0.142811849713326,0,0.307018309831619,9.8048231011036
"ES613",2024,NA,NA,0,10.2928943634033,16.3606815338135,27.0207271575928,18.3403739929199,18.6317310333252,1.8951188325882,2.13648533821106,0.473801910877228,2.1950843334198,76.4924850463867,59.1745719909668,43.1281242370605,66.7983016967773,0.407357454299927,0.227454587817192,0.00917677022516727,0.00850610807538033,0,0.194909408688545,0,0.150989130139351,12.6283045273909
"ITG17",2017,NA,NA,0,8.83433055877686,14.7707872390747,25.8932437896729,17.1835117340088,19.9760570526123,2.80773663520813,0.967219948768616,0.234527781605721,1.98193967342377,79.8932342529297,67.7332153320312,51.9946136474609,73.0533676147461,0.398094356060028,0.0850359201431274,0.0094688180834055,0.140216141939163,0,4.31096486768834e-15,0,0.357700735330582,11.4570764967409
"DE21",2024,NA,NA,0,2.84619498252869,10.0579195022583,18.6712512969971,9.455246925354,19.6524639129639,3.32621383666992,3.94925665855408,5.08490705490112,3.85079264640808,79.9494705200195,73.0940628051758,77.1299057006836,84.2995223999023,0.245768696069717,0.150088593363762,0.0782512798905373,0.00350122503004968,3.74356483312521e-11,7.62742757842716e-10,0.328623414039612,0.184807553887367,14.6398207506234
"XKG125378",2022,NA,NA,0,1.8003876209259,9.69997692108154,21.3276634216309,11.7769012451172,17.3691234588623,2.37449741363525,1.60841858386993,2.70493197441101,2.27302861213684,76.749641418457,62.1861305236816,63.3508071899414,77.7500457763672,0.192478895187378,0.169987872242928,0.0428977608680725,0.00376547197811306,2.36538372222483e-10,0.142198964953423,0.102392174303532,0.346278876066208,12.5067739349215
"RSG125372",2023,NA,NA,0,3.6197521686554,10.8415727615356,21.6385631561279,14.0824480056763,18.4235858917236,2.70188879966736,2.6940598487854,3.43755912780762,2.39990425109863,83.7841415405273,74.8272552490234,74.2284164428711,75.0305786132812,0.287563413381577,0.0668116360902786,0.00344765372574329,0.00204483815468848,2.32951734346898e-07,0.24825981259346,0.000269409007159993,0.386230379343033,11.0764125821979
"RSG125392",2017,NA,NA,0,-0.481496185064316,13.0345582962036,23.6406364440918,11.8770933151245,28.564359664917,0.85855621099472,1.88351953029633,1.22485411167145,1.84535801410675,81.1966094970703,64.959228515625,56.4111747741699,76.5849761962891,0.598254084587097,0.0826233327388763,0.0112348794937134,0.000825857860036194,0,0.00396841997280717,0,0.303093403577805,10.9102245237294
"FI1C2",2023,NA,NA,0,-3.11865901947021,4.04815626144409,16.2950325012207,5.45483589172363,22.0678749084473,2.07296752929688,1.52182054519653,3.22842288017273,2.68697571754456,91.0662384033203,67.9175186157227,74.1103210449219,87.5356216430664,0.195031315088272,0.00185082096140832,0.0141846342012286,0.000336396537022665,4.77231101064506e-17,0.578360140323639,0.0533109195530415,0.0682598575949669,11.8402460193675
"BG341",2024,NA,NA,0,6.47461891174316,12.9412403106689,24.3401832580566,13.8173971176147,20.518346786499,1.46603882312775,2.01311111450195,1.16107821464539,1.52884662151337,78.5713348388672,75.9926986694336,67.4741592407227,75.35498046875,0.257638245820999,0.101389415562153,0.00561495218425989,0.00181822956074029,0,0.0772468894720078,0,0.432679265737534,11.8827260458604
"EL511",2023,NA,NA,0,6.97963094711304,12.5902490615845,25.4150543212891,17.8013362884521,19.5284881591797,1.71209716796875,2.54568862915039,0.525274455547333,1.95816791057587,78.6469497680664,72.3880081176758,53.9666023254395,66.5411758422852,0.342280834913254,0.11367654055357,0.00185210618656129,0.0130150327458978,0,0.162992909550667,0,0.366182535886765,10.1030421690928
"ES114",2017,NA,NA,0,8.3268928527832,13.0739545822144,18.5280933380127,13.713625907898,11.8572959899902,3.3872537612915,3.14896655082703,0.987025618553162,1.80554866790771,83.1833267211914,76.2853164672852,75.9301376342773,78.9162139892578,0.181182205677032,0.108626954257488,0.00532652949914336,8.33356772478311e-10,0.000377832882804796,0,0.675574898719788,0,11.3914435068835
"PT185",2020,NA,NA,0,11.9518013000488,15.8888072967529,22.3461894989014,17.5223903656006,14.2668828964233,1.87969017028809,2.36535334587097,0.170860603451729,2.41078424453735,82.4252853393555,75.2519454956055,62.7514457702637,72.9848937988281,0.264750361442566,0.23274376988411,0.01665666885674,0.00879053398966789,0,0.343546748161316,0,0.127734318375587,11.9295950676344
"CZ02",2022,NA,NA,0,2.25142931938171,8.91130924224854,19.5718822479248,9.74662399291992,18.2042827606201,1.74685335159302,1.51054501533508,3.99917650222778,2.19346237182617,79.755744934082,62.0775833129883,65.0158538818359,84.4939880371094,0.38935375213623,0.110753446817398,0.0349209420382977,0.000116882358270232,0,0.00662538921460509,0.104660086333752,0.353327035903931,13.9593829538819
"BE21",2021,NA,NA,0,4.67455387115479,8.48501014709473,18.0181274414062,11.6836261749268,13.7310237884521,3.15193200111389,2.19319725036621,3.72707366943359,2.16995620727539,85.7010955810547,73.006217956543,77.2743072509766,84.4134521484375,0.274487882852554,0.187267109751701,0.209855318069458,1.97639349330814e-09,0,0,0,0.309400826692581,13.5106407015318
"NO071",2023,NA,NA,0,-4.7919979095459,-1.21939265727997,12.3438301086426,-0.123656824231148,22.713623046875,5.27287006378174,3.52402973175049,3.24920272827148,3.99233818054199,82.0373077392578,75.2041015625,77.1125869750977,83.8015747070312,0.00759830046445131,0.000706035643815994,0.00143925228621811,0.0011839116923511,0.276092350482941,0.00155697588343173,0.560024082660675,0.00635376572608948,11.2956743821953
"EL521",2017,NA,NA,0,2.89313435554504,13.8121242523193,24.2434158325195,14.3252563476562,25.7513313293457,1.40599095821381,2.50049805641174,2.14266610145569,3.04472208023071,70.3533554077148,61.9554481506348,55.6539077758789,66.200553894043,0.355974078178406,0.135561496019363,0.00899042468518019,0.0456485487520695,0,0.0896859019994736,0,0.350917011499405,11.2967572364602
"HU223",2023,NA,NA,0,3.51852798461914,11.2793197631836,21.6143341064453,13.8520345687866,19.6240749359131,2.05756020545959,2.91068887710571,3.39301562309265,2.26230049133301,82.1412048339844,69.6559829711914,71.9404907226562,78.3153686523438,0.303249269723892,0.0860067754983902,0.0156021481379867,0.00113506382331252,1.03204625401254e-10,0.0195374004542828,0.0207489524036646,0.536628544330597,11.5481337068252
"RSG125398",2024,NA,NA,0,3.99685788154602,12.4027328491211,23.774040222168,11.1176843643188,23.4349117279053,1.17279279232025,2.2305281162262,1.12219607830048,1.71713078022003,79.6067123413086,72.4926223754883,59.9091377258301,73.9614028930664,0.27271893620491,0.068344920873642,0.00363303278572857,0.00521436566486955,0,0.099684052169323,0,0.549884259700775,10.8158585027189
"PL636",2018,NA,NA,0,0.0837622806429863,8.2767333984375,18.4576625823975,9.9704008102417,22.4054107666016,2.03375148773193,1.48164975643158,2.08496618270874,1.30576694011688,87.129035949707,72.9785079956055,74.1376342773438,80.3498611450195,0.254557251930237,0.0549207665026188,0.00836045015603304,7.69793914514594e-05,0,2.95527402549567e-09,0,0.621002733707428,11.8814225789805
"DEB2",2017,NA,NA,0,0.990003287792206,9.70052623748779,17.6498584747314,9.08125686645508,20.4906883239746,1.54421353340149,1.78249704837799,2.66542387008667,2.6847128868103,88.0890274047852,71.3044586181641,72.9074630737305,87.4321670532227,0.22813181579113,0.131609126925468,0.030959689989686,1.76274950192123e-09,1.05062920169319e-11,0,0.538781404495239,0.0705179274082184,12.6508799538028
"PT170",2022,NA,NA,0,12.9021711349487,15.618350982666,21.0684299468994,18.3921432495117,7.7973690032959,0.874311208724976,1.84919083118439,0.154644757509232,1.7050633430481,75.6931915283203,72.8488845825195,71.3238143920898,80.5523223876953,0.17938394844532,0.175277173519135,0.135486513376236,0.000231391386478208,0,0.185607433319092,0.00438080867752433,0.102841198444366,13.5879977095334
"HU232",2017,NA,NA,0,-0.429646730422974,12.5922365188599,22.5125541687012,11.1586933135986,27.0249538421631,1.05533695220947,1.79454064369202,2.18189120292664,3.0636477470398,79.8435897827148,65.8063735961914,63.3736724853516,79.3333892822266,0.385224312543869,0.0730104073882103,0.012305106036365,0.00256308261305094,0,0.0115596167743206,0,0.473882108926773,11.8715787787691
"RSG125396",2022,NA,NA,0,3.00813865661621,11.4202890396118,22.8854484558105,12.8483381271362,18.3789443969727,2.84422755241394,1.34379160404205,2.4402346611023,2.61647462844849,80.5167846679688,62.526611328125,64.613166809082,81.2362442016602,0.411885291337967,0.063788115978241,0.0244722012430429,0.000668529362883419,0,0.0487307645380497,0,0.450455039739609,11.712205406851
"AL031",2020,NA,NA,0,5.88258838653564,12.4605474472046,21.8391399383545,14.7984170913696,19.0342922210693,3.18159532546997,3.20738792419434,1.63074231147766,2.51865983009338,72.638053894043,67.2360763549805,66.6362152099609,71.6897354125977,0.275561541318893,0.185694262385368,0.00953000225126743,0.0139895398169756,0.0831170231103897,0,0.429705202579498,0,10.8257630741507
"DE12",2015,NA,NA,0,2.09103798866272,9.98011016845703,20.1265506744385,10.1239213943481,19.4431838989258,2.93000555038452,2.15275454521179,1.6968035697937,2.52012944221497,85.935546875,67.8440856933594,63.6020240783691,81.1736755371094,0.280272781848907,0.0699838325381279,0.128073737025261,3.29193499055691e-05,0,0,0.0565967857837677,0.465039968490601,14.0194133880835
"LT026",2023,NA,NA,0,-1.04708886146545,7.3915810585022,17.675573348999,8.58745098114014,17.166919708252,2.1576828956604,1.06127893924713,2.86201310157776,2.20267009735107,88.1696243286133,66.4817657470703,71.3954772949219,84.0734786987305,0.465767860412598,0.0963784456253052,0.00782116316258907,0.00191573752090335,3.97781391159313e-11,0.026740487664938,0.143334478139877,0.256325483322144,11.9044803141324
"EL305",2020,NA,NA,0,9.91029453277588,15.3179388046265,25.591438293457,19.4313583374023,18.169849395752,2.28729009628296,2.42231225967407,0.500481843948364,0.738101780414581,72.6945877075195,64.321662902832,55.589771270752,65.6552734375,0.174970433115959,6.4703200751337e-18,0.058163546025753,0.156480550765991,0,0.0656367614865303,0,0.372329235076904,12.4066011433827
"ES615",2017,NA,NA,0,11.0627117156982,17.1431636810303,26.37331199646,19.9811573028564,17.2639179229736,2.17938756942749,1.66405844688416,0.0781974941492081,0.627433180809021,76.8068923950195,63.8145637512207,46.2842788696289,54.9879417419434,0.228026524186134,0.129404380917549,0.007423578761518,0.0194146279245615,0,0.308673918247223,0,0.211887881159782,12.3636239874389
"EL524",2023,NA,NA,0,5.67052316665649,11.5958042144775,23.7473335266113,15.8999834060669,20.0706405639648,2.0879487991333,3.13027882575989,1.70793008804321,1.8959846496582,76.536506652832,69.5929183959961,57.4550247192383,67.3759841918945,0.333696573972702,0.159763753414154,0.00729241874068975,0.0482803545892239,0,0.153695836663246,0,0.289359301328659,11.3331636916333
"SEG226073",2023,NA,NA,0,-8.16938018798828,-2.3620433807373,12.1712684631348,-2.2454342842102,25.2481517791748,2.11761713027954,1.78898584842682,3.73442697525024,2.66965532302856,82.6248245239258,69.6118240356445,74.5835113525391,84.6022033691406,0.000193722342373803,9.30590053590171e-23,6.93153779138811e-05,0.000322174397297204,0.00503891101107001,0,0.901535987854004,0,8.11418144342782
"PT16J",2010,NA,NA,0,6.06602716445923,11.9336280822754,22.2207374572754,13.4476680755615,17.7544136047363,6.03545379638672,2.76780986785889,0.608663260936737,2.55068445205688,83.5539779663086,69.8954010009766,52.4711074829102,71.3677520751953,0.170710697770119,0.185422480106354,0.00721887638792396,0.0133647378534079,6.61699628423662e-09,0.429039269685745,0.0248126275837421,0.169317170977592,11.4323358955555
"UKF2",2018,NA,NA,0,4.1496753692627,9.31227684020996,17.8099365234375,10.865797996521,14.8579740524292,1.99558782577515,2.68310213088989,1.18003606796265,1.35420882701874,85.5166168212891,79.7908706665039,69.6140747070312,81.9911575317383,0.492533415555954,0.269483268260956,0.0986358150839806,2.16677831232914e-09,0,0,0.0026113351341337,0.134371131658554,14.0133867615595
"PT111",2010,NA,NA,0,8.15084838867188,12.5843257904053,19.6134395599365,14.0001621246338,12.6534795761108,10.9684886932373,4.03237819671631,1.06845259666443,6.09584903717041,81.8673324584961,74.4112701416016,71.357666015625,80.6713180541992,0.093947522342205,0.125935986638069,0.0207517016679049,0.00533350463956594,0.000176844929228537,0,0.598838686943054,0,11.6917007672717
"HR036",2024,NA,NA,0,8.49092483520508,14.0258207321167,24.7119159698486,15.5057802200317,19.847993850708,3.68741798400879,4.28302621841431,1.72812974452972,6.18577146530151,78.1651611328125,74.946662902832,68.541618347168,74.6034622192383,0.131426110863686,0.0944717228412628,0.0124374609440565,0.00169446913059801,2.25095364569938e-09,0,0.539782822132111,0,11.1085503875627
"EL642",2023,NA,NA,0,11.3729839324951,15.149489402771,26.1861896514893,20.341609954834,15.0187244415283,1.37890374660492,1.34863352775574,0.439214706420898,1.20088970661163,75.7681732177734,69.8213500976562,57.2181701660156,69.3928680419922,0.124529875814915,0.0154285505414009,0.0206265319138765,0.113352872431278,0,0.0372134372591972,0,0.267828375101089,11.9367334958182
"EL643",2024,NA,NA,0,7.45397758483887,13.469334602356,24.9516792297363,14.4640712738037,18.8900451660156,2.9103147983551,2.5623414516449,0.757525146007538,3.12501239776611,76.4494247436523,70.6080169677734,55.2750396728516,71.9955291748047,0.153575837612152,0.0560847036540508,0.00185357942245901,0.031639575958252,1.44323502801469e-11,0.207121670246124,0.0707248151302338,0.451181292533875,9.77907041380385
"CZ06",2014,NA,NA,0,1.65522038936615,10.4023895263672,18.0863304138184,10.6470165252686,16.0818958282471,0.843612909317017,2.18771147727966,2.87433075904846,2.37775230407715,86.0934906005859,71.0656890869141,68.6117706298828,87.0436172485352,0.392524033784866,0.113772332668304,0.020815284922719,0.000186041652341373,0,0.0273058749735355,0.106071382761002,0.33923950791359,13.6071406956684
"FRI22",2024,NA,NA,0,5.68018293380737,10.244704246521,18.493127822876,11.9221048355103,15.2857131958008,2.75123333930969,4.39610242843628,2.74081873893738,4.26717233657837,85.6431732177734,78.611930847168,76.0758285522461,86.1022033691406,0.277135610580444,0.20767930150032,0.00654872925952077,0.000837968138512224,0,7.97967306470064e-17,0.0879240557551384,0.419874399900436,10.9155200472056
"ES120",2017,NA,NA,0,6.5633430480957,10.9595489501953,17.1187191009521,12.2133016586304,12.5554990768433,2.60243201255798,3.2247486114502,2.56397652626038,2.25344324111938,80.1289291381836,76.2610626220703,80.1210861206055,78.1719360351562,0.131568282842636,0.030683035030961,0.00810435600578785,0.00970998778939247,0.000152575565152802,0.493384599685669,0.246613249182701,0.0635632202029228,12.4193287265155
"ES413",2024,NA,NA,0,5.4205174446106,9.23044109344482,18.8200836181641,11.7077884674072,15.3552360534668,2.45410108566284,3.06330966949463,1.35751569271088,2.86973881721497,81.4955139160156,72.5718307495117,64.2385177612305,78.1241989135742,0.258611410856247,0.110207617282867,0.00540821487084031,0.0128641529008746,0.000584353168960661,0.0542794652283192,0.528433918952942,0.0247992426156998,12.1751649644292
"FRE11",2024,NA,NA,0,6.38483715057373,11.264760017395,17.9160003662109,11.8397769927979,15.8395376205444,3.06290721893311,3.31555938720703,2.205650806427,2.70907306671143,86.1749877929688,80.9919815063477,75.7468414306641,86.5725402832031,0.422580480575562,0.200797557830811,0.128723233938217,1.7887396008831e-09,0,0,0.114008828997612,0.133848443627357,13.8130757838058
"HU120",2017,NA,NA,0,-1.41072738170624,12.2103652954102,22.3993396759033,10.9490070343018,28.2672309875488,0.74189567565918,1.81935584545135,1.50383675098419,2.78086304664612,81.4386596679688,66.090576171875,60.4306983947754,78.2372131347656,0.44116485118866,0.0863696560263634,0.0517432801425457,0.00105205294676125,0,1.56250935106073e-05,0.00527654681354761,0.414147585630417,13.7505352080976
"SEG226040",2024,NA,NA,0,-8.86861038208008,2.59667229652405,13.0983896255493,3.87509536743164,23.0239543914795,2.12224793434143,1.52356100082397,4.31863355636597,2.86186099052429,82.7690124511719,70.7391815185547,77.6894760131836,85.3270721435547,0.00397083023563027,4.30741638410836e-05,0.000338138634106144,0.000244534458033741,0.00595934549346566,0,0.915735006332397,0,9.12365699516588
"EL613",2024,NA,NA,0,10.5808897018433,16.1090240478516,27.0619792938232,17.9522590637207,17.9818630218506,2.56050539016724,1.70227599143982,0.695136070251465,2.32689189910889,73.9690933227539,69.8645782470703,59.0810546875,69.6593170166016,0.199497699737549,0.00609051901847124,0.00513093406334519,0.174720898270607,0,0.033182542771101,0,0.29140317440033,10.7807450536811
"MK004",2023,NA,NA,0,5.39037179946899,11.5017747879028,23.5913887023926,15.7111825942993,20.4822673797607,2.17106986045837,2.97500395774841,1.69351184368134,1.78019154071808,76.7937316894531,69.1398773193359,59.0352630615234,66.6588516235352,0.223742544651031,0.223859637975693,0.00337371788918972,0.0369479283690453,0,0.27777025103569,0,0.229453012347221,10.8558444629441
"ES612",2023,NA,NA,0,12.8124094009399,18.0776748657227,25.6247882843018,19.7012023925781,13.9466876983643,2.87384963035583,0.778705060482025,0.395319789648056,1.51588320732117,76.5101928710938,63.4514961242676,59.1897659301758,71.5793685913086,0.330882698297501,0.226462870836258,0.00876261480152607,0.0110134007409215,0,0.179031878709793,0,0.133846133947372,12.1931130946376
"RSG125391",2022,NA,NA,0,0.906513333320618,8.9131669998169,20.3275718688965,10.9468612670898,16.8620300292969,3.11678409576416,1.9145085811615,3.049884557724,3.05858755111694,80.5635147094727,65.3714447021484,67.8928985595703,81.7379837036133,0.164543405175209,0.0839154198765755,0.0123301101848483,0.00619748653843999,0.00012282287934795,0.124797649681568,0.212294965982437,0.395798146724701,11.6922024830017
"LV008",2024,NA,NA,0,-3.29991865158081,8.25736141204834,17.8942947387695,8.96018505096436,24.4218158721924,2.04325103759766,1.22244000434875,3.20709943771362,1.61271965503693,89.0785140991211,71.8563003540039,76.819450378418,84.8535003662109,0.168669328093529,0.0801114961504936,0.00561708817258477,0.00530983228236437,8.0152707387926e-12,0.328991800546646,0.252831697463989,0.149517521262169,11.7009012538194
"ITF43",2023,NA,NA,0,10.3803615570068,14.3645753860474,26.0294418334961,20.0697345733643,17.450065612793,1.54806160926819,2.79470825195312,0.993841528892517,1.32319390773773,79.550422668457,73.810920715332,60.6900215148926,70.2779922485352,0.385700672864914,0.159376934170723,0.0326681919395924,1.43448020129e-09,0,0,0,0.352030128240585,11.5929886772412
"UKD6",2022,NA,NA,0,6.07157373428345,9.72630023956299,16.4187469482422,11.7514190673828,13.5531215667725,3.33172297477722,1.75745916366577,1.92869079113007,3.60726976394653,85.8510437011719,76.0715866088867,74.2874069213867,84.4730682373047,0.220657452940941,0.413689404726028,0.239367946982384,4.27066042902879e-05,0,0,0.10463597625494,0,14.0001509865956
"ITC12",2014,NA,NA,0,2.98137474060059,11.3083515167236,18.9558792114258,12.7212800979614,15.6579322814941,6.20305490493774,4.06419897079468,6.82566452026367,7.9879264831543,78.6908874511719,67.3241500854492,74.6928482055664,81.3067245483398,0.355287134647369,0.0850885212421417,0.0238646380603313,0.00839864835143089,4.60072563379654e-10,0,0.51609742641449,0,11.6826963905324
"RSG125390",2023,NA,NA,0,3.49235963821411,10.1500368118286,20.8364067077637,13.4869832992554,18.6646194458008,2.08141899108887,2.99176621437073,3.28567934036255,2.66758465766907,82.5892333984375,75.3032913208008,75.4903717041016,76.3266220092773,0.279275149106979,0.046062059700489,0.0175508037209511,0.00111840071622282,0,0.140852808952332,0,0.515140771865845,11.5240786611996
"ES412",2020,NA,NA,0,6.26008653640747,11.2753295898438,18.6544055938721,12.0184049606323,15.7610092163086,1.66285669803619,3.07101988792419,1.50878214836121,1.99372863769531,78.4429397583008,73.5569305419922,64.2440490722656,71.9346694946289,0.399082779884338,0.139393210411072,0.00610793149098754,0.0756176263093948,7.23548509995453e-05,0.132109329104424,0.156389981508255,0.0818561613559723,12.3336373371989
"NO043",2024,NA,NA,0,-1.80216908454895,5.80925130844116,12.0130882263184,6.9711127281189,16.234094619751,8.31286334991455,4.5053129196167,6.55733108520508,5.87895774841309,84.2973098754883,75.763671875,83.1579666137695,87.1838684082031,0.0602888390421867,0.0110737001523376,0.0125915575772524,0.000403442536480725,0.258266568183899,0.0015272208256647,0.496000498533249,0.013000974431634,12.1412477500581
"EL526",2023,NA,NA,0,6.4490213394165,12.4021673202515,24.6198749542236,16.8616199493408,20.0451698303223,1.9812194108963,3.04479837417603,1.29269254207611,1.6491504907608,76.4426116943359,71.0841522216797,59.6357460021973,67.2798690795898,0.27699413895607,0.117534190416336,0.00375601137056947,0.0159648153930902,0,0.129959389567375,0,0.387512058019638,11.0552813290456
"RO116",2023,NA,NA,0,2.30961346626282,9.91053867340088,20.5110054016113,12.1822099685669,19.0748386383057,2.56509685516357,2.02994728088379,3.41698384284973,2.67081379890442,83.9501495361328,70.6342315673828,72.501708984375,76.5356674194336,0.335450917482376,0.204577773809433,0.00621484080329537,0.00303871021606028,8.90506279827008e-11,0.233243227005005,0.0486892126500607,0.168785333633423,11.5309523898013
"RSG125376",2023,NA,NA,0,4.84042596817017,12.1953840255737,23.0712032318115,15.3664455413818,19.1369552612305,2.40931057929993,2.26678586006165,3.04746317863464,1.92960619926453,81.6534042358398,71.6750335693359,70.3798065185547,72.2360763549805,0.548196077346802,0.125555470585823,0.019059156998992,0.00228177104145288,0,0.0044712838716805,0,0.297898679971695,12.1131333638618
"BG422",2024,NA,NA,0,6.41373920440674,14.1668567657471,26.4780254364014,14.2114553451538,22.5423316955566,1.42865312099457,2.25300741195679,1.04745984077454,1.34877979755402,77.1854095458984,68.6030426025391,50.7261352539062,65.6420364379883,0.393541991710663,0.135104358196259,0.00634351465851068,0.00899816118180752,0,0.0340053662657738,0,0.42021057009697,11.5030136138455
"HR041",2017,NA,NA,0,0.187297597527504,13.1260251998901,23.285343170166,11.2435617446899,27.4470539093018,1.48380708694458,1.96861374378204,1.99839293956757,4.44894456863403,79.9823684692383,65.7333221435547,61.6358413696289,80.9389343261719,0.204094588756561,0.127933785319328,0.0433735810220242,0.000248336262302473,1.41400735564901e-09,0,0.6243497133255,0,11.2241394500648
"PL923",2024,NA,NA,0,2.52081298828125,11.1969480514526,19.7879085540771,10.2429056167603,20.4914283752441,2.72545289993286,1.4245023727417,2.3439679145813,1.2289434671402,85.7584686279297,69.7810134887695,69.9766540527344,79.6323623657227,0.470359742641449,0.129486694931984,0.0169920306652784,7.66498142734662e-10,0,0,0,0.372642040252686,12.088367673233
"SEG226036",2017,NA,NA,0,-4.68829298019409,1.21629631519318,10.9883670806885,2.23691844940186,17.5317459106445,1.32077538967133,1.28928887844086,3.42199158668518,2.37224459648132,85.3691635131836,71.4780044555664,75.2705535888672,86.5762176513672,0.00171084387693554,1.27127450468834e-05,0.00021447979088407,0.000198753201402724,0.00803358666598797,0.000153323300764896,0.96977162361145,7.90813865023665e-05,8.79473059650578
