"NUTS_ID","2024","2025-2049","2050-2074","2075-2100"
"AD",19092.22265625,19144.14453125,19260.39453125,18455.4765625
"AL013",151797.078125,141413.03125,119673.328125,101537.5234375
"AL015",215967.59375,190645.84375,150111.171875,120021.5546875
"AL014",102793.640625,83770.1484375,55482.609375,37896.8125
"AL011",136943.421875,113556.6328125,80379.78125,60304.1953125
"AL012",246083.625,212089.8125,147821.65625,108815.1875
"AL021",393202.15625,332797.65625,230683.765625,168407.625
"AL022",751793.1875,649815.875,454414.96875,336269.125
"AL034",169329.296875,141026.78125,101569.609375,80627.4921875
"AL031",103186.90625,81769.703125,51966.54296875,33631.85546875
"AL032",228274.640625,185045.28125,120222.859375,80004.5703125
"AL035",63995.17578125,53815.66796875,38706.140625,29498.283203125
"AL033",52718.578125,43306.484375,30015.599609375,22216.0625
"AT11",388474.53125,385726.5,379524.5,345398.34375
"AT12",3292300.75,3539825,4036641.25,4204082
"AT13",446695.84375,500808.46875,611299.3125,671967
"AT21",645077.1875,648291.5,661103.25,623836.625
"AT22",1330383.75,1378917.5,1463661,1412994.25
"AT31",1543795.125,1578854.75,1632524.75,1544452.5
"AT32",522067.46875,551643.4375,597146.3125,588608.3125
"AT33",881398.875,903016.625,958361.125,922903.875
"AT34",434442.46875,444187.46875,464018.65625,440155.46875
"BAG1652",1723553.5,1493010.125,1142760,910287.5
"BAG1653",1278561.75,1093764.5,831408.8125,656525.0625
"BE10",178698.15625,192806.328125,215316,218306.640625
"BE21",1443176.625,1522669.75,1681925.125,1719377.75
"BE22",1043040.75,1071096.75,1115482.625,1079247.875
"BE23",1454262.5,1554299.875,1754994.125,1828204.5
"BE24",1448661.5,1553978.25,1732123,1768859.875
"BE25",1223112,1322451,1530881.5,1644980.25
"BE31",710102.8125,764240.5625,857426.375,882865.3125
"BE32",1776103.25,1909242.625,2169688.5,2278981.5
"BE33",1241036.875,1277311.125,1348242,1316969.25
"BE34",405342.09375,413887.09375,424076.6875,401424.3125
"BE35",696278.6875,727663.875,788916.9375,799209
"BG311",95801.515625,86479.234375,74973.1640625,67403.8203125
"BG312",116372.2109375,102323.421875,85536.8984375,74488.3046875
"BG313",137108,120039.0390625,100078.7265625,83695.1171875
"BG314",219667.21875,196570.578125,166612.484375,145223.328125
"BG315",176201.859375,157613.046875,135517.125,119363.3046875
"BG321",220675.953125,194100.75,162179.359375,141190.71875
"BG322",99911.015625,88294.375,75317.296875,66218.7578125
"BG323",208162.328125,181359.640625,141148.953125,110490.640625
"BG324",99088.0078125,84273.53125,65295.30859375,49366.26171875
"BG325",159068.71875,142050.53125,117766.2578125,94130.2265625
"BG331",408188.9375,369817.0625,307771.125,240658.234375
"BG332",171100.203125,150860.796875,123676.2734375,97278.5234375
"BG333",151288.390625,129908.28125,102845.625,82827.703125
"BG334",94075.078125,80368.6875,63352.7578125,51139.23828125
"BG341",329342.28125,296622.84375,245544.390625,203435.828125
"BG342",159762.75,140075.296875,114128.4765625,100393.0078125
"BG343",89175.9296875,80874.3046875,69535.46875,59264.18359375
"BG344",285999.59375,254564.671875,216355.28125,181064.296875
"BG411",649527.75,599182.1875,526415.375,444110.96875
"BG412",843726.25,773749.1875,677498.25,580185.5625
"BG413",246144.3125,224710.5,198837.59375,178936.703125
"BG414",281548.75,259265.96875,228346.5,195356.65625
"BG415",111414.3515625,101015.390625,89117.03125,80676.703125
"BG421",667746.3125,614823.3125,542757.9375,485128.96875
"BG422",227795.546875,203867.75,172763.796875,145043.21875
"BG423",239063.9375,213262.046875,182120.5,151858.96875
"BG424",93624.671875,86287.359375,78800.390625,74081.390625
"BG425",138968.515625,126224.6015625,111047.75,97713.0703125
"CH01",1283085.625,1390523.125,1583450.5,1630335.5
"CH02",2018806.375,2178032.5,2485228.75,2544342.5
"CH03",841906.375,916713.3125,1065419.25,1106905.75
"CH04",943033.75,1054548.375,1291268.125,1400925.125
"CH05",1323487,1397019.25,1545153.25,1556183.625
"CH06",1284534.75,1425947.875,1713725.125,1826582.5
"CH07",424336.34375,447435.65625,495018.6875,497503.65625
"CZ01",253482.5625,262138.515625,277454.1875,269668.5
"CZ02",2360581.75,2392579.5,2441920.75,2319973.75
"CZ03",1338335.625,1306323.5,1257743.25,1149525.75
"CZ04",1305367.125,1300669.375,1311192.5,1239031.375
"CZ05",1605824.125,1540612.875,1439847.25,1280587.5
"CZ06",1665770.625,1667883.875,1687172.25,1594644.25
"CZ07",1194541,1145561.375,1069553.625,952738.9375
"CZ08",1240288.25,1230798.25,1235753.875,1181652.125
"DE11",3881418,3959369.5,4149366.25,4123660.75
"DE12",2550998,2608761.25,2768639.75,2790192.25
"DE13",2508238.75,2620219.5,2858750,2911450
"DE14",2138192.75,2161995,2220480.25,2154786.75
"DE21",4698538,4903000.5,5379837,5643934.5
"DE22",1249770,1231616.25,1205629.375,1124849.5
"DE23",1296531,1298487.625,1311943,1258068.5
"DE24",1058137.625,1048081.1875,1052351.875,1015531.5
"DE25",1613466,1662866.75,1794622.875,1827996.125
"DE26",1235849.5,1215647.375,1194032.875,1118821
"DE27",1932277.25,1988385.875,2107880,2116878.75
"DE30",701837.375,740595.625,845133.125,909451.25
"DE40",5566802.5,5755869,6311445,6552243
"DE50",172931.71875,173020.453125,175227.328125,167510.71875
"DE60",385841.8125,398107.125,434050.84375,444367.5
"DE71",3813664.25,3911739.5,4132940,4120375.75
"DE72",1428390.5,1418240.75,1417481.125,1340578.125
"DE73",1237468.125,1221134.5,1217780,1156042
"DE80",1295179.5,1273847.375,1257232.875,1180354.125
"DE91",1448501.875,1450123.25,1465720.5,1388405.5
"DE92",2333852.25,2351279.75,2414765.75,2325726
"DE93",2518897.25,2509087.25,2540948.25,2436538.5
"DE94",2232241,2198113.75,2165423.75,2020687.625
"DEA1",4816741,4911641.5,5088340.5,4933249.5
"DEA2",4854280.5,4944279,5120219.5,4950594
"DEA3",3270199.75,3266604,3297782.5,3134986.25
"DEA4",1973758.75,1977224.625,2018160.625,1949476
"DEA5",3112101,3096515.25,3104476,2940817.25
"DEB1",1869443.875,1850058.25,1838520.625,1731472.625
"DEB2",644204.125,646890.3125,658180,624761.4375
"DEB3",2433711,2469377.25,2551183.5,2489196.75
"DEC0",746020.375,737802.375,728477.3125,682540.25
"DED2",1452222.625,1469554.5,1532668.5,1499618.625
"DED4",1408188.125,1417866.125,1445139,1379675.125
"DED5",793808.4375,799270.3125,819063.6875,796185.5625
"DEE0",2506853.75,2508589,2554410.75,2437692
"DEF0",3622017.75,3690153,3905453.25,3891723
"DEG0",2246352.75,2214782.25,2200065.25,2071821.25
"DK01",662589.1875,708965.125,829491.9375,938120.5
"DK02",467174,484170.53125,527238.75,557641.5
"DK03",869968.75,885736.125,916620.9375,911709.8125
"DK04",1181687.125,1230422.75,1327895.375,1377163.125
"DK05",404693.9375,417535.75,443299.40625,451859.9375
"EE001",411702.84375,391290.59375,375463.6875,357081.21875
"EE004",95066.6640625,88257.5078125,78850.734375,68003.9375
"EE006",319082.125,300855.46875,285250.71875,266777.53125
"EE007",54985.23828125,50220.4609375,44474.36328125,37677.4375
"EE008",277289.5625,258043.078125,235445.484375,207543.15625
"EL301",53925.125,55269.4140625,56719.12890625,54103.19140625
"EL302",33598.515625,34436.0859375,35339.34765625,33709.4609375
"EL303",19915.109375,20411.5703125,20946.96484375,19980.87109375
"EL305",578231.3125,592608.875,608090.1875,579997.375
"EL306",209877.5625,214172.65625,218236.328125,206968.09375
"EL411",22898.646484375,22237.08203125,20749.646484375,18390.447265625
"EL412",5822.68115234375,5599.0673828125,5236.5263671875,4680.9423828125
"EL431",195074,200382.109375,201104.1875,190021.234375
"EL432",14506.4853515625,14877.4970703125,14897.849609375,14061.8857421875
"EL433",46780.22265625,46615.9296875,44937.6171875,41225.67578125
"EL434",41381.79296875,41298.69921875,39997.078125,36501.91796875
"EL511",56888.84375,53291.24609375,46034.921875,38353.32421875
"EL512",78879.96875,77934.734375,76451.296875,71797.4609375
"EL513",73054.0859375,69584.0859375,65242.2421875,60490.80859375
"EL514",136797.40625,137506.734375,136534.09375,128700.3515625
"EL515",40677.72265625,40613.390625,39916.9765625,37183.1328125
"EL521",183135.484375,183270.234375,182580.34375,171583.609375
"EL522",537294.8125,542951.8125,551735.25,525463.5625
"EL523",435597.46875,436316.84375,436069.25,410476.375
"EL524",197934.265625,197445.90625,194509.90625,181155.4375
"EL525",44190.09765625,44048.55078125,43414.4296875,40480.52734375
"EL526",148279.796875,143042.03125,133788.359375,121522.265625
"EL527",44015.6796875,43737.5859375,42437.3359375,38898.17578125
"EL531",168690.734375,169410.125,169950.28125,162120.3125
"EL532",34786.21484375,34256.078125,33284.27734375,30615.953125
"EL533",54930.6640625,54970.94921875,54324.5859375,50888.39453125
"EL541",62746.17578125,61489.34375,58356,53245.83984375
"EL542",38970.3671875,36597.04296875,31593.5859375,27662.05078125
"EL543",185901.78125,188957.09375,188634.515625,177518.8125
"EL611",204133.34375,205573.8125,206453.0625,196000.453125
"EL612",275237.125,282540.09375,291587.375,284249.875
"EL613",115089.75,116478.71875,116953.65625,109201.8515625
"EL621",5719.6640625,5590.63818359375,5250.0673828125,4694.0029296875
"EL622",17695.0234375,17356.162109375,16754.71484375,15664.9833984375
"EL623",49.1392440795898,48.7609100341797,48.3828544616699,45.2828979492188
"EL631",170907.671875,171495.625,172899.15625,163948.234375
"EL632",140874.46875,144567.953125,151881.765625,148840.65625
"EL633",32208.302734375,30531.384765625,28046.83203125,24808.06640625
"EL641",261504.453125,265842.96875,269273.90625,254188.859375
"EL642",376197.1875,384802.9375,393608.875,374498.9375
"EL643",42368.79296875,42318.26953125,41785.9765625,38850.625
"EL644",111301.8125,109428.015625,105363.9453125,96239.4921875
"EL645",57929.14453125,57790.55859375,57232.9765625,53749.76171875
"EL651",186600.625,185594.1875,184037.625,173034.4375
"EL652",81897.0234375,81287.1953125,80589.0703125,75394.8125
"EL653",99909.9375,97706.0390625,93854.21875,86439.0625
"ES111",756298.5625,784109.1875,857604.125,840763.875
"ES112",238235.296875,237595.1875,249084.296875,242833.75
"ES113",308054.25,304338.21875,317565.15625,311275.21875
"ES114",184104.40625,178891.703125,179705.875,168626.671875
"ES120",543602.8125,581407.5,659039,661981.0625
"ES130",426502.84375,447555.5,499323.1875,499819.65625
"ES211",390060.1875,423174.3125,501716.4375,525678.125
"ES212",286086.4375,303837.21875,349739.3125,360785.46875
"ES213",658668.6875,688349.125,761280.5625,758258.25
"ES220",856785.625,932261.1875,1074349.5,1093459.375
"ES230",296478.8125,324425.5625,378225.96875,387267.625
"ES241",317483.375,335750.625,374125.875,370178.90625
"ES242",141292.390625,146282.796875,157485.1875,154346.359375
"ES243",953741,1047468.375,1203115.5,1199977.375
"ES300",5825520.5,6307418.5,7124340.5,7110772
"ES411",199704.03125,208312.578125,228967.734375,226797.96875
"ES412",510162.65625,550254.3125,653996.5,677341.4375
"ES413",440495.875,467405.875,544739.8125,556806.9375
"ES414",215851.359375,231574.296875,274663.625,284062.09375
"ES415",313437.34375,338907.25,384287.75,386657.34375
"ES416",266404.71875,288114.65625,341162.96875,354485.21875
"ES417",123986.4609375,131937.265625,150030.515625,150686.15625
"ES418",404999.25,442356.21875,532249.75,553361.75
"ES419",157673.09375,161527.484375,175697.859375,174370.59375
"ES421",435154.875,471315.1875,539614.5,543625.6875
"ES422",522600.0625,560341.5625,644950.875,663162.75
"ES423",263996.46875,283968,326204.25,331935.65625
"ES424",390207.0625,430634.21875,523126.5,550778.8125
"ES425",2068532.5,2219148,2474991.75,2449153.75
"ES431",624627.1875,648965.75,723719.9375,725785.75
"ES432",322823.28125,331142.5625,357417.28125,351987.78125
"ES511",2226522.5,2408900.75,2778161,2811359.25
"ES512",592220.5,632487.5625,726230.5,737214.5
"ES513",517397.53125,549412.375,619482,618529.75
"ES514",578841.8125,621352.5625,727484.8125,750879.5625
"ES521",1251844.5,1337269,1533741.375,1554894.75
"ES522",519978.78125,563723.875,661833.5,682961.4375
"ES523",748021.3125,799283.0625,921306.375,938782.5
"ES532",421739.78125,464738.75,528978.0625,528630.625
"ES611",218928.171875,226226.390625,242793.046875,237001.640625
"ES612",488250.8125,523467.53125,615648.625,646960.5
"ES613",745591.375,800863.9375,925578.4375,934265.375
"ES614",838190.0625,902718.125,1026648.875,1046142.0625
"ES615",569097.4375,610638.0625,707513.0625,731488.75
"ES616",579807.1875,611076.0625,682828.1875,681853.125
"ES617",1095078.625,1174830.5,1338211.875,1346012.375
"ES618",1852743.875,2033202.875,2377467,2444674.75
"ES620",1149972.625,1211028,1340633.5,1324018.125
"FI193",282837.53125,281974.3125,287914,280842
"FI194",187381.171875,182477.59375,166075.78125,140433.390625
"FI195",91269.6796875,90023.0625,82609.9375,70391.640625
"FI196",195689.25,189715.125,174199.3125,151142.640625
"FI197",512670.0625,523448.4375,554913.1875,557173.3125
"FI1B1",1186235.25,1241214.25,1431990.625,1591377.875
"FI1C1",323291.21875,322403.71875,322040.21875,304490.25
"FI1C2",207960.296875,206621.953125,198994.328125,177162.28125
"FI1C3",157597.59375,157694.625,162757.890625,158871.453125
"FI1C4",132527.515625,131295.96875,128419.2421875,113216.046875
"FI1C5",112177.015625,112887.4921875,110114.234375,97619.2109375
"FI1D1",173001.4375,168716.59375,157612.59375,135417.703125
"FI1D2",227659.359375,225710.609375,228938.921875,219235.328125
"FI1D3",155274.328125,151806.875,137401.125,114885.640625
"FI1D5",46392.6171875,45422.859375,41382.78125,34913.12890625
"FI1D7",142049.890625,137750.6875,131253.984375,119027.546875
"FI1D8",70637.8828125,69139.875,64936.13671875,55713.57421875
"FI1D9",275401.75,270940.84375,262419.25,242311.71875
"FI200",10562.212890625,10047.1005859375,8815.74609375,7523.9931640625
"FR101",332248.5625,352604.1875,385036.125,387721.9375
"FR102",2078429.75,2230306.5,2529696,2700810.25
"FR103",2494156.5,2660007.75,2943167,3027434
"FR104",4061032,4309642,4708087.5,4747737
"FR105",703655.4375,746765.75,815452,821140.125
"FR106",656871.8125,699778.375,771620.5625,786687.375
"FR107",737963.4375,785331.5625,863614.1875,877464.1875
"FR108",1009280.6875,1075726.25,1192042.5,1232443.875
"FRB01",300992.5625,297839.28125,289825,269761.5625
"FRB02",512258.875,531962.6875,568780.0625,591053.25
"FRB03",247703.28125,242169.25,230846.71875,211980.296875
"FRB04",666301.875,701431.1875,770821.125,810888.875
"FRB05",476877.8125,485548.4375,503558.09375,504111
"FRB06",583061.3125,603324.875,642931.75,658925.9375
"FRC11",532171.9375,563271.9375,620501.875,646149.5625
"FRC12",208873.921875,202974.84375,190998.03125,172656.75
"FRC13",591406.75,590107.875,583293.1875,557999.5625
"FRC14",335571.53125,332934.1875,321538.96875,297732.46875
"FRC21",495465.34375,514355.90625,543664.25,545335.375
"FRC22",370627.65625,379583.1875,389688.75,382075.875
"FRC23",361222.46875,365017.40625,366447.34375,351565.25
"FRC24",91397.75,95621.1953125,103216.5078125,106258.2421875
"FRD11",552413.25,578783.5,625415.4375,654948.3125
"FRD12",252464.046875,244382.921875,226644.59375,202173.296875
"FRD13",288631.125,282731.59375,270537.9375,251276.78125
"FRD21",921197.75,954225.5625,1016446.1875,1041755.75
"FRD22",596322.6875,609681,632525.375,633810.75
"FRE11",1962358.375,2111359.25,2422924.75,2628594.75
"FRE12",1230702.375,1309613.25,1474568.875,1604328.5
"FRE21",603016.875,606419.0625,614903.5625,605133.1875
"FRE22",1195612.375,1260676.5,1386705.375,1457027.875
"FRE23",614848.6875,634617.5,674306.1875,692667.5
"FRF11",1257516.5,1344098.875,1521603,1630420
"FRF12",826354.25,892251.1875,1027318.5625,1117678.375
"FRF21",341086.9375,340877.3125,343251.125,332876.0625
"FRF22",319570.09375,332888.6875,358289.875,374988.5
"FRF23",484460.21875,502347.6875,540030,553741.8125
"FRF24",156091.1875,151560.765625,143338.578125,130080.8828125
"FRF31",597420.8125,625710.0625,679193.0625,697917.1875
"FRF32",256058.203125,255537.671875,251298,237537.71875
"FRF33",1364430.75,1410698.25,1508476.5,1531450.375
"FRF34",411254.15625,408253.53125,401130.0625,382540.9375
"FRG01",1339438.25,1423819.75,1566998.25,1655783.25
"FRG02",843571.3125,875207.1875,924114.1875,943287.4375
"FRG03",356197.6875,352244.53125,338172.71875,314340.84375
"FRG04",539679.1875,560445.1875,598787.5625,615841.125
"FRG05",584838.625,585314.375,565436.3125,524621
"FRH01",387641.8125,381748.6875,366099.34375,337389.6875
"FRH02",334927.28125,340272.84375,353913.40625,356882.53125
"FRH03",953453.6875,1012892.75,1102789.875,1146732.5
"FRH04",688512.5,690073.3125,680137.25,646539.0625
"FRI11",441445.40625,428350.8125,396630.53125,353811.59375
"FRI12",1343594.5,1457136.625,1650350,1763335.5
"FRI13",406785.03125,405403.09375,389916.0625,361032.0625
"FRI14",314238.40625,306694.0625,285671.8125,256999.296875
"FRI15",575943.6875,595156.125,631485.25,639900.625
"FRI21",225315.921875,217715,202408.734375,182318.484375
"FRI22",117890.2890625,111847.6484375,101047.609375,88863.1015625
"FRI23",348792.53125,353539.4375,363525.90625,359030.34375
"FRI31",365670.28125,360585.65625,344316.5625,314652.125
"FRI32",419878.75,419031.25,403069.46875,374098.4375
"FRI33",394640.6875,387201.53125,368015.15625,336861.375
"FRI34",425108.46875,435195.75,452994.0625,457770.71875
"FRJ11",481765.6875,493889.09375,507994.125,502742.3125
"FRJ12",870945.5,924974.8125,1014726.25,1069908.5
"FRJ13",828770.1875,878460.5625,955289.1875,982512.125
"FRJ14",93554.8359375,90810.1875,83813.546875,75126.6328125
"FRJ15",376845.53125,398413.78125,442530.875,463410.28125
"FRJ21",242944.171875,247760.953125,253059.640625,249461.3125
"FRJ22",289485.375,283672.625,268785.25,248147.328125
"FRJ23",984248.25,1056778.375,1184143,1259818.25
"FRJ24",343462.78125,347465.5,350696,341785.3125
"FRJ25",222385.9375,215501.203125,199263.375,179017.359375
"FRJ26",220247.546875,220026.765625,218945.203125,209197.984375
"FRJ27",462224.03125,466741.78125,467276.28125,452208.6875
"FRJ28",571004.75,606795.8125,668991.625,702840.4375
"FRK11",317412.8125,311434.8125,299779.5,276813.46875
"FRK12",140322.859375,136223.890625,127017.421875,114604.984375
"FRK13",354807.15625,369294.21875,393815.6875,399813.90625
"FRK14",691369.5625,725383.625,786318.3125,818217.75
"FRK21",974199.1875,1009515.1875,1052493,1044176.1875
"FRK22",541451.8125,554772.3125,572117,569949.5
"FRK23",489827,500863.71875,513262.03125,510306.9375
"FRK24",1321956.25,1402742.375,1513070.375,1555720.25
"FRK25",569457.75,586696.5625,607699.125,599963.3125
"FRK26",1601846.375,1702715.5,1827160.875,1833877.875
"FRK27",508521.4375,533100.625,564521.625,570794.5
"FRK28",1083573.375,1179126.375,1340640.625,1399199.875
"FRL01",255223.84375,256540.609375,252602.21875,239948.828125
"FRL02",146408.109375,147429.84375,145926.828125,141183.046875
"FRL03",754587.125,806269.25,901929.125,942458.0625
"FRL04",783835.3125,826470.25,905005.375,951470.625
"FRL05",767655.5625,798507.1875,846526.3125,853406.0625
"FRL06",493477.96875,513324.3125,544957.375,557535.125
"FRM01",84493.6484375,86217.453125,86042.265625,82589.015625
"FRM02",42182.671875,41529.15234375,37820.125,33048.02734375
"HR031",130110.46875,119189.1328125,105287.6484375,94144.953125
"HR032",119705.6953125,104767.0078125,83590.46875,72033.4921875
"HR033",75575.5,68791.9296875,59723.0390625,53816.6953125
"HR034",139262.65625,126744.734375,111510.3984375,101630.1875
"HR035",203942.078125,183851.125,158704.046875,143947.21875
"HR036",145231.453125,130494.65625,110197.3828125,92482.21875
"HR037",34442.96484375,29880.755859375,23131.23828125,19231.48828125
"HR041",157409.734375,145315.046875,128069.4921875,109943.3984375
"HR042",685135.125,631827.8125,556447.8125,478064
"HR043",171087.171875,157278.6875,138164.671875,119336.1015625
"HR044",135108.953125,121586.109375,105791.5703125,93908.484375
"HR045",121044.875,109516.640625,96902.453125,86812.25
"HR046",69824.7578125,62994.5859375,55317.38671875,49532.37890625
"HR047",113596.34375,100626.078125,86166.3515625,74119.2734375
"HR048",56941.52734375,51458.58203125,44649.59375,39328.015625
"HR049",82015.40625,71498.921875,59433.3828125,50802.4140625
"HR04A",105518.3203125,92164.765625,76104.765625,64193.15234375
"HR04B",278052.8125,252408.734375,218618.65625,187215.59375
"HR04C",180751.265625,162745.046875,138621.5625,120096.625
"HR04D",205618.453125,184981.640625,156178.234375,132182.96875
"HR04E",254540.6875,225127.09375,187268.625,158876.8125
"HU110",272722.9375,267488.75,259267,239029.5
"HU120",1964393,1916438.375,1842162,1683397.75
"HU211",542299.4375,522396.84375,488439.34375,431119.84375
"HU212",283422.3125,272170.5,254904.5625,225679.890625
"HU213",285921.0625,272522.375,252874.65625,222462.890625
"HU221",399101.71875,388988,369257.1875,330857.03125
"HU222",255257.25,242831.28125,224315.703125,196470.515625
"HU223",216185.359375,202425.90625,185387.625,162988.828125
"HU231",334177.1875,317939.90625,294480,260661.625
"HU232",286948.75,270144.34375,247693.578125,216751.375
"HU233",288144.40625,275902.96875,256427.5,225429.671875
"HU311",683940.4375,660303.5,620328.25,551735.5625
"HU312",308505.5,294798.59375,273158.3125,239438.78125
"HU313",582043.3125,568474.8125,547241,498972.625
"HU321",678283.4375,655942.6875,608550.9375,533091.8125
"HU322",370960.9375,353846.59375,327783.71875,287916.96875
"HU323",596693,575132.6875,534131.5,470764.0625
"HU331",646989.875,620754.0625,583080.625,520487
"HU332",345000.375,322817.5,289058.53125,247113.71875
"HU333",371622.25,358673.4375,338748.59375,304712.9375
"IEG11582",58041.859375,60878.30078125,65743.609375,65496.515625
"IEG11583",88653.4453125,91445.9609375,93617.0625,87952.4609375
"IEG11584",176579.171875,189966.28125,220054.84375,229222.140625
"IEG11585",251612.40625,264444.78125,289483.59375,289652.34375
"IEG11586",135267.8125,140807.59375,146999.875,140421.0625
"IEG11587",560233.75,674578.9375,909705.875,1051628.625
"IEG11588",209026.765625,220428.9375,235906.53125,227433.375
"IEG11589",112122.4765625,114296.8046875,117384.125,111658.609375
"IEG11590",204993,229832.65625,280201.5,304197.3125
"IEG11591",110082.875,115246.8359375,124852.796875,124677.1171875
"IEG11592",94671.1328125,99654.1640625,107193.5546875,105122.8125
"IEG11593",51884.37890625,53768.91015625,54833.515625,51293.28125
"IEG11594",139471,148314.25,167835.015625,171808.515625
"IEG11595",38806.66796875,39948.52734375,39878.37109375,36391.515625
"IEG11596",52390.75390625,54459.48046875,58219.2421875,58092.5234375
"IEG11597",110005.15625,112981.5859375,113973.359375,103835.09375
"IEG11598",241638.6875,270661.09375,326291.5625,351147.8125
"IEG11599",78555.046875,79453.2890625,79016.0625,72953.2890625
"IEG11600",0.764254927635193,0.778904318809509,0.794512569904327,0.746525406837463
"IEG11601",107364.2109375,112979.8359375,120404.0078125,116113.1171875
"IEG11602",73645.4375,75032.2265625,74393.234375,66555.765625
"IEG11603",42631.46484375,44553.8359375,46177.015625,43464.109375
"IEG11604",158137.015625,162955.671875,170911.921875,163952.90625
"IEG11605",81455.984375,84990.0703125,92325.609375,92261.9453125
"IEG11606",95127.53125,99426.7109375,104600.6484375,99995.34375
"IEG11607",91712.1171875,96034.1015625,102535.796875,100982.125
"IEG11608",655320.875,778710.5,1031164.25,1179926.75
"ITC11",2071655.375,2085455.25,2112302.75,1979991.625
"ITC12",235938.8125,230149.453125,225261.40625,207539.234375
"ITC13",109503.9140625,106677.9296875,103505.4609375,94546.8984375
"ITC14",252948.1875,255359.671875,262538.5625,250826.265625
"ITC15",488055.40625,494733.96875,511092.1875,488821.15625
"ITC16",648257.25,642614.8125,641966.8125,599559.875
"ITC17",237850.671875,233928.25,232965.65625,216854.671875
"ITC18",475763.21875,468714.0625,465048.0625,432875.78125
"ITC20",108800.640625,106391.0546875,103987.7578125,96655.3046875
"ITC31",25430.345703125,24904.1640625,24198.30078125,22295.712890625
"ITC32",139478.546875,135763.75,133167.046875,122663.390625
"ITC33",64149.046875,63179.6171875,62245.8515625,57635.60546875
"ITC34",97255.9375,96324.5,96444.3828125,90784.90625
"ITC41",782191,801460.625,842548.8125,815059
"ITC42",1075005.125,1089388,1131781.125,1084511.375
"ITC43",805679.375,815946.9375,846894.3125,810859.0625
"ITC44",135897.609375,134220.125,133129.140625,122869.078125
"ITC46",1327555.125,1352474.75,1390810.875,1321528
"ITC47",1134242,1146861.5,1164447.875,1091884.25
"ITC48",1413991.25,1431780.875,1469262.625,1396900.75
"ITC49",394446.1875,399463,410599.21875,390126.625
"ITC4A",446382,449645.3125,458947.875,433109
"ITC4B",721462.3125,734767.4375,766226,736361.4375
"ITC4C",1353343,1373260.75,1419960,1356450
"ITC4D",533149.5625,539977.0625,560469.875,536597.25
"ITF11",344793,339212,332292.03125,305407.90625
"ITF12",275149.71875,274085.53125,277374.0625,261876.21875
"ITF13",147250.015625,147820.046875,150077.453125,141395.109375
"ITF14",331026.125,333010.59375,340818.625,323239.53125
"ITF21",88114.046875,86287.9296875,84981.9453125,78557.015625
"ITF22",222668.5,219374.46875,218848.484375,204572.78125
"ITF31",605224.625,603345.625,607530,566880.9375
"ITF32",265075.46875,260977.421875,259031.46875,240225.375
"ITF33",132675.84375,133709.171875,137767.625,130419.125
"ITF34",519488.90625,519803.59375,529097.4375,497013.90625
"ITF35",709563,706299.25,713820.1875,668475.3125
"ITF43",251903.984375,251970.484375,259064.6875,248982.9375
"ITF44",60662.23828125,60747.93359375,62887.0625,60940.95703125
"ITF45",443971.625,450479.90625,467371.84375,445137.03125
"ITF46",464840.3125,464417.4375,467485.09375,435033.5
"ITF47",379330.78125,379383.40625,387259.1875,368615.21875
"ITF48",257460.96875,260161.859375,268677.125,256620.171875
"ITF51",388216.21875,382353.03125,375726.625,345096.8125
"ITF52",127903.765625,126304.875,124860.03125,115996.515625
"ITF61",422755.15625,414256.65625,405997.21875,371790.71875
"ITF62",39587.625,38814.40625,38123.26953125,34825.98046875
"ITF63",143795.5625,139894.3125,136628.171875,124761.265625
"ITF64",85413.1015625,82559.625,80369.609375,73342.75
"ITF65",372127.1875,375878.59375,392063.125,371879.40625
"ITG11",162064.109375,159939.46875,160420.8125,151516.625
"ITG12",233835.921875,233871.859375,235980.203125,220512.359375
"ITG13",88712.609375,89473.5625,91657.5625,85976.203125
"ITG14",247077.53125,248664,252579.015625,237628.25
"ITG15",189042.28125,189960.734375,193900.859375,182425.9375
"ITG16",193271.140625,193736.234375,196537.578125,183788.1875
"ITG17",214286.453125,214655.140625,217752.78125,202176.8125
"ITG18",140903.296875,139168.3125,138418.203125,128804.2890625
"ITG19",74481.71875,73842.9296875,74043.3828125,68586.46875
"ITG25",244334.484375,244170.4375,248504.3125,234403.71875
"ITG26",94403.546875,93322,93331.8046875,86644.859375
"ITG27",378420.0625,386318.28125,403268.34375,388352.8125
"ITG28",122274.0546875,119817.265625,119296.53125,111579.9921875
"ITG29",81601.8203125,81657.6796875,83134.28125,78598.5
"ITG2A",19250.15234375,19073.271484375,18840.693359375,17289.048828125
"ITG2B",80498.75,79456.53125,80097.2109375,75595.0625
"ITG2C",72095.4453125,71763.9296875,72871.015625,68699.9453125
"ITH10",448334.15625,448437.4375,451803,426377.65625
"ITH20",674908.9375,675602.3125,676788.625,632761.125
"ITH31",704648.1875,712091.1875,729854.125,690816.875
"ITH32",792559.625,790947.875,795711.625,745481.375
"ITH33",252552.546875,246996.6875,241197,221661.75
"ITH34",985965.6875,990331.1875,1008574.4375,952789.75
"ITH35",360634.25,360733.46875,364695.53125,343409.9375
"ITH36",748341.125,752525.5625,770300.375,728409.75
"ITH37",316296.1875,319241.75,329505.0625,313652.9375
"ITH41",242445.984375,240751.484375,240010.25,224008.4375
"ITH42",484526.21875,478019.625,470404.84375,434326.90625
"ITH43",60574.12890625,60463.8359375,61003.2421875,57320.23046875
"ITH44",48867.390625,49056.078125,50000.8828125,47402.9453125
"ITH51",322352.03125,322674.375,325307.59375,305356.4375
"ITH52",537918.125,542708.9375,558775.5,537456.625
"ITH53",684474.5,701010.1875,749827.125,738702.75
"ITH54",610576.6875,624716.6875,663755.0625,648734.5625
"ITH55",753793.4375,767185.5625,802468.8125,771175.125
"ITH56",343610.46875,348273.03125,364185.34375,352987.53125
"ITH57",351110.78125,352681.4375,361908.5625,345926.3125
"ITH58",388469.03125,388939.0625,395768.21875,376083.78125
"ITH59",100491.15625,99832.1640625,99828.2890625,93467.6484375
"ITI11",121854.234375,119903.4921875,118467.921875,109968.8671875
"ITI12",204696.546875,201119.78125,197411.90625,181785.078125
"ITI13",227864.8125,225477.71875,223748.390625,207473.140625
"ITI14",1247682.25,1260666.25,1291665.875,1215665.5
"ITI15",132793.203125,134845.921875,139178.734375,131520.078125
"ITI16",24285.076171875,23721.1953125,23606.072265625,21913.501953125
"ITI17",313624.09375,308395.84375,304850.15625,282044.40625
"ITI18",290380.40625,285129.90625,278165.4375,254561.015625
"ITI19",316032.96875,310918.84375,306190,282520.03125
"ITI1A",160279.21875,158519.5625,159731.8125,151768.515625
"ITI21",662929.8125,652855.5625,636688.1875,583344.1875
"ITI22",188800.484375,186069.34375,183090.796875,169024.546875
"ITI31",318024.25,313846.1875,309996.59375,286496.0625
"ITI32",107188.7265625,105541.484375,103340.5,95077.078125
"ITI33",272070.8125,267928.84375,263711.59375,243946.25
"ITI34",133600.453125,132883.078125,134213.1875,126609.140625
"ITI35",99405.9609375,98577.96875,99099.1171875,93415.7578125
"ITI41",335143.5625,332302.1875,329001.6875,305329.03125
"ITI42",275252.78125,276777.78125,280149.8125,263266.0625
"ITI43",2812467.25,2831652,2893266.5,2732510
"ITI44",604323.6875,605001.9375,610087.5625,571744.875
"ITI45",351294.53125,343872.6875,335255.34375,307722.96875
"LI000",38087.82421875,39172.6953125,41322.41015625,39383.8359375
"LT011",793600.5625,661874.625,477329.28125,353790.625
"LT021",130128.1796875,105508.2109375,78179.171875,62489.51953125
"LT022",457266.75,371130.5,266438.40625,209408.296875
"LT023",268761.0625,222208.4375,179199.65625,141220
"LT024",205059.140625,169434.359375,127796.2890625,104220.9765625
"LT025",209029.953125,168970.546875,123291.890625,98732.953125
"LT026",247987.078125,201278.96875,154688.96875,131517.0625
"LT027",118623.6171875,102226.1171875,85458.46875,76101.15625
"LT028",114825.4765625,96059.1796875,75697.9765625,67746.4453125
"LT029",128344.3359375,105788.9375,82828.2421875,70900.53125
"LU000",514392.03125,569448.25,667019.25,678942.6875
"LV003",222562.640625,192014.1875,163971.609375,154893.390625
"LV005",209185.15625,180840.015625,154468.34375,141881.203125
"LV006",71126.0234375,58746.36328125,43158.7890625,32070.1640625
"LV007",510047.46875,426334.03125,331359.5,265020.25
"LV008",201431.375,175921.703125,154419.390625,144656.375
"LV009",466421.125,390079.5625,306558.15625,247379.8125
"MC",6190.29541015625,6674.76806640625,7593.09375,8037.2021484375
"MEG125350",9396.0166015625,8812.97265625,8222.173828125,7923.751953125
"MEG125351",76730.1171875,74105.7890625,70018.59375,61458.25
"MEG125352",29600.861328125,29511.8125,28358.681640625,26575.966796875
"MEG125353",30605.44921875,29718.455078125,28755.68359375,28451.052734375
"MEG125355",25757.33984375,24564.298828125,23044.818359375,21010.111328125
"MEG125356",12372.6025390625,11859.15234375,11082.951171875,9942.1025390625
"MEG125357",3060.6396484375,2815.46752929688,2510.24194335938,2325.86401367188
"MEG125358",13677.6103515625,12926.98046875,11985.3720703125,11253.837890625
"MEG125359",4615.3076171875,4343.55615234375,4043.89526367188,3835.15209960938
"MEG125360",5698.34423828125,5382.52294921875,5022.44091796875,4826.697265625
"MEG125361",51023.94140625,47928.2265625,44359.46484375,41855.61328125
"MEG125362",21239.787109375,21075.44140625,20038.908203125,18622.494140625
"MEG125363",17050.021484375,15653.3076171875,14084.599609375,13593.0302734375
"MEG125364",6681.49658203125,5985.921875,5192.5537109375,4936.51220703125
"MEG125365",128808.34375,124049.3359375,116803.2890625,102985.875
"MEG125366",36679.66796875,38787.38671875,38257.14453125,34978.796875
"MEG125367",5772.3125,5410.0966796875,4931.08203125,4615.0048828125
"MEG125369",12678.9052734375,12245.26171875,11569.8916015625,10155.37890625
"MEG125370",5662.05322265625,5219.16845703125,4735.02783203125,4601.9345703125
"MK001",215844.484375,214514.09375,202445.359375,178575.03125
"MK002",130026.9296875,127502.796875,116881.78125,104559.8203125
"MK003",285851.625,284949.53125,271096.25,245161.96875
"MK004",121048.6328125,118636.4453125,109102.6328125,95738.8984375
"MK005",217944.578125,214299.203125,199093.84375,180822.078125
"MK006",319471.875,326432.84375,318845.59375,288614.71875
"MK007",126568.5859375,127964.5078125,125526.6015625,113577.40625
"MK008",244394.6875,254603.03125,252267.53125,227554.640625
"NL11",513053.5625,512078.375,507360.84375,473524.8125
"NL12",591301.375,585798,566717.625,504297.25
"NL13",532471.375,520436.59375,490100.21875,430422.0625
"NL21",974847.25,961833.0625,919843.1875,814613.375
"NL22",2087165.125,2105670.75,2122777.75,2008050
"NL23",881059.0625,901498.125,937800.375,920022.875
"NL31",1378345.625,1432076.75,1539582.5,1573357.25
"NL32",2018963.625,2099419.5,2267403.5,2337870.25
"NL33",2276355.5,2367843.25,2560118.25,2626587.25
"NL34",707085.125,749928.3125,840483,874750.1875
"NL41",2887248.25,2965243.75,3102187.5,3047947.75
"NL42",1064548.375,1084400.375,1121823.25,1079752.375
"NO011",184990.203125,219949.40625,309531.78125,377687.75
"NO012",770717.75,893559.5,1191667.625,1396495.75
"NO021",198610.875,204831.09375,198035.0625,165055.90625
"NO022",193989.03125,199087.46875,190723.609375,160853.390625
"NO031",336408.25,369768.78125,445400.4375,484013.90625
"NO032",338949.375,371819.0625,431236.125,450707.25
"NO033",281917.03125,296103.1875,319565.5,311869.9375
"NO034",119830.5,121661.921875,118960.7109375,103970.9453125
"NO041",66770.4765625,71867.5078125,78684.5703125,78038.65625
"NO042",134359.875,145184.53125,162759.4375,164945.078125
"NO043",299887.65625,332293.84375,393746.6875,422164.0625
"NO051",107032.9140625,112650.8828125,116516.546875,109923.8359375
"NO052",105798.7578125,108537.03125,107378.8359375,94715.2109375
"NO053",149210.5625,155937.390625,160580.65625,148990.78125
"NO061",289249.6875,317998.09375,373206.28125,394417.59375
"NO062",99861.8828125,102913.21875,101887.375,90844.7421875
"NO071",96099.8515625,98653.1484375,97689.0546875,86225.2734375
"NO072",106159.2265625,113464.5078125,120129.015625,113187.9375
"NO073",44281.17578125,45373,43181.1875,37949.6796875
"PL213",103116.3984375,99518.6015625,92014.171875,80990.8046875
"PL214",1010709.125,970936.75,893030.125,784322.625
"PL217",442753.375,415215.6875,373031.46875,324247.8125
"PL218",559131.25,527226.0625,475748.625,415621.4375
"PL219",424844.84375,408726.15625,377395.25,334167.4375
"PL21A",791077.9375,763063.9375,705484.1875,621573.375
"PL224",452038.625,432072.15625,397905.625,348467.34375
"PL225",662887.75,635443.875,583847.8125,514895.375
"PL227",539393.125,521146.40625,488541.6875,437285.09375
"PL228",511520.03125,492109.25,455070.65625,400616.8125
"PL229",529339.875,510301.875,472707.0625,417142.15625
"PL22A",278883,269665,250631.953125,221520.078125
"PL22B",737777.125,713097.75,662609.5,584889
"PL22C",583582.375,563202.5625,522430,461828.875
"PL411",430023.1875,406915.875,369341.25,322107.9375
"PL414",638120.875,602754.3125,546150.375,472357.59375
"PL415",99945.265625,97270.234375,90154.8515625,79624.8046875
"PL416",619405.125,585037.9375,529790.4375,459883.71875
"PL417",729206.3125,695497.5625,634442.8125,555180.9375
"PL418",901901.6875,872742,805054.375,707818.8125
"PL424",61375.515625,59486.57421875,55360.53125,48891.48828125
"PL426",217339.640625,207243.453125,188828.28125,165557.9375
"PL427",566513.3125,539473.375,493045.5,432454.0625
"PL428",597568.0625,574339.25,530382,467249.625
"PL431",408921.21875,391130.125,360301.8125,318550.75
"PL432",717645.75,684764.875,626101.75,550672.1875
"PL514",76092.0546875,73360.96875,67468.4296875,59437.1953125
"PL515",605732.6875,574891.5625,525796.6875,460965.5625
"PL516",416410.6875,393380.40625,356427,311233.75
"PL517",529411.4375,498110.34375,447565.6875,386351.78125
"PL518",1253755.75,1202327.125,1100913.75,965642.0625
"PL523",382221.03125,361057.125,327792.625,284566.25
"PL524",582364.1875,550321,500272.65625,434592.1875
"PL613",505308.40625,483952.40625,443047.40625,387633.03125
"PL616",525769.9375,501033.8125,457297.1875,398948.875
"PL617",431266.71875,409803.125,373167.40625,324618.15625
"PL618",373649.46875,355967.3125,324515.65625,283404.90625
"PL619",361712.875,341271.8125,309630.5625,267980.03125
"PL621",492533.625,466456.25,424104.34375,371020.375
"PL622",600762.3125,570147.4375,519746.6875,456347.125
"PL623",295169.5,279267.625,253452.5,222416.8125
"PL633",134617.25,129792.7734375,119339.5703125,105092.6015625
"PL634",712303.0625,684207.25,625704.1875,548226.125
"PL636",264658.8125,249886.15625,225321.96875,196132.8125
"PL637",250772.09375,237789.4375,215971.53125,188439.296875
"PL638",521213.8125,495115.6875,449935.1875,392606.34375
"PL711",93834.109375,89817.015625,82670.984375,72698.7734375
"PL712",650885.0625,622818.375,573066.5,503637.0625
"PL713",609344.8125,573351.75,518837.5625,449941.75
"PL714",703058.5625,665894.0625,606886.375,528315.5625
"PL715",373941.125,350765.4375,317179.15625,275161.03125
"PL721",639135.5,605107.5,550414.8125,478670.75
"PL722",765270.875,721961.5625,654513.3125,567053.4375
"PL811",196888.796875,185836.421875,169052.109375,147453.421875
"PL812",545425.1875,511759.40625,463062.8125,401759.21875
"PL814",696430.625,672683.625,623112.5,549442.8125
"PL815",510790.75,482303.1875,438636.71875,379855.46875
"PL821",422743.625,396072.65625,355625.15625,308529.65625
"PL822",363333.03125,342091.625,308393.8125,267336.5
"PL823",534739.1875,507400.09375,461524.46875,403082.375
"PL824",655426.375,618843,560239.0625,487573.15625
"PL841",460902.59375,443674.09375,408866.625,362254.5625
"PL842",397415.40625,376622.625,343631.25,302252.59375
"PL843",266354.1875,250522.921875,226590.234375,198701.90625
"PL911",404035.65625,390877.75,358533.53125,315714.0625
"PL912",1416537.625,1367739,1253233.25,1101809.125
"PL913",1265367.25,1223159,1121573.875,987443.125
"PL921",684127.375,649163.6875,592351.1875,516234.59375
"PL922",375277.5,352523.375,318851.6875,277888.0625
"PL923",333717.28125,314157.5,284892.5,248148.359375
"PL924",375883.90625,353563.34375,320466.8125,279058.75
"PL925",460980.0625,436183.03125,395289.375,344047.15625
"PL926",240956.734375,228108.46875,207120.296875,179440.78125
"PT111",244757.21875,236572.78125,231258.78125,213762.09375
"PT112",147080.046875,143054.734375,141455.234375,131692.78125
"PT119",257977.265625,251323.734375,247066.0625,231489.046875
"PT11A",222921.609375,216182.84375,210352.28125,196086
"PT11B",92949.53125,87805.328125,82532.046875,74099.09375
"PT11C",540434.3125,526354,514404.84375,482752.59375
"PT11D",174835.4375,165049.6875,152646.25,136006.984375
"PT11E",98642.1796875,94498.453125,89373.8984375,80402.8203125
"PT150",311072.5,308003.96875,303872.75,285132.625
"PT16B",325149.3125,318865.4375,311480.75,288790.4375
"PT16D",85448.3203125,81587.921875,77638.328125,70610.9921875
"PT16E",365426.28125,347568.34375,326580.71875,295689.5
"PT16F",254484.578125,238746.359375,216550.328125,189892.96875
"PT16G",273721.15625,260351.3125,245980.109375,222791.09375
"PT16H",82847.8046875,79359.3515625,75791.1171875,71201.1015625
"PT16I",191251.921875,179233.375,164145.265625,145705.703125
"PT16J",177080.65625,169149.953125,159182.5625,144561.671875
"PT170",1936232.625,1956364.375,2014579,1925429.375
"PT181",95930.8984375,92903.6875,90496.53125,84011.578125
"PT184",127298.96875,123652.1796875,119479.046875,110450.0703125
"PT185",361792.875,351969.25,344703.9375,323891.46875
"PT186",113828.6484375,110352.1953125,108693.0546875,100736.6640625
"PT187",178796.328125,174827.484375,174073.15625,164774.3125
"RO111",401853.6875,358486.625,284670.96875,222914.734375
"RO112",300370.96875,265520.53125,212028.75,172410.75
"RO113",683291,623477,513109.34375,412157.8125
"RO114",470823.34375,430787.9375,358005.34375,290845.09375
"RO115",338138.375,306848.3125,254164.421875,204727.796875
"RO116",212092.453125,184043.671875,137430.5,101976.0078125
"RO121",306195.59375,270891.25,213639.15625,170402.953125
"RO122",440822.71875,400622.125,335089.21875,280102.125
"RO123",296253.125,269768,227022.125,191703.5625
"RO124",268831.40625,240268.96875,200938.578125,177927.640625
"RO125",498475.84375,443902.15625,354905.3125,278003.1875
"RO126",378030.9375,342171.625,281441.40625,225954.0625
"RO211",517847.78125,458013.5,359544.4375,279140.875
"RO212",386274.09375,342863.3125,270337.78125,200774.59375
"RO213",552553.75,486260.65625,370728.65625,269188.34375
"RO214",476857.59375,416672.78125,318871.375,242771.6875
"RO215",519419.8125,456144.21875,353568.5625,269787.84375
"RO216",260494.515625,223546.46875,167073.34375,125318.46875
"RO221",403845.65625,364228.9375,297475.5,232615.890625
"RO222",458530.1875,401759.1875,306758.125,230529.078125
"RO223",219637.09375,196603.703125,161255.578125,134941.421875
"RO224",267250.9375,233320.0625,178081.0625,135697.703125
"RO225",231038.375,216843.296875,187137.796875,159048.09375
"RO226",336100.71875,287066.34375,207971.609375,151633.59375
"RO311",597964.625,524626.3125,406715.6875,308529.1875
"RO312",788161.125,730496,630551.4375,536808.375
"RO313",489747.34375,429678.78125,325636.9375,240170.375
"RO314",1097369.25,1015282.75,868270.4375,737161.4375
"RO315",250631.875,222417.203125,172132.328125,129368.625
"RO316",579203.875,513164.9375,398903.28125,302424.4375
"RO317",359064.8125,316682.625,247376.796875,197090
"RO321",195763.625,183567.28125,161256.453125,140148.203125
"RO322",638677.3125,593634.8125,509084.90625,426732
"RO411",595707.9375,539104.0625,447373.375,367362.28125
"RO412",312218.5,270520.3125,209683.4375,172692.5625
"RO413",254402.859375,227898.1875,191385.34375,166004.03125
"RO414",422375.46875,368801.03125,279212.8125,207562.21875
"RO415",347627.5,291429.78125,204517.015625,152194.625
"RO421",404600.28125,359675.65625,285200.96875,222625.875
"RO422",267383,237543.890625,193946.328125,160425.28125
"RO423",356651.90625,312987.34375,250811.21875,205175.640625
"RO424",704315.0625,647393.8125,548013.3125,448263.4375
"RSG125371",95922.1328125,89113.390625,82572.9375,75559.546875
"RSG125372",140903.59375,133515.625,125901.3515625,109240.4609375
"RSG125373",1297152.75,1286472.5,1270785.375,1210072.375
"RSG125374",221837.375,219587.828125,215886.78125,205936.421875
"RSG125375",509185.59375,508262.40625,507220.96875,483680.84375
"RSG125376",397400.84375,386974.09375,374827.84375,340636.40625
"RSG125377",199648.140625,190639.890625,181400.109375,160329.375
"RSG125381",246635.46875,228658,208663.953125,186238.734375
"RSG125382",224053.046875,215468.421875,206567.640625,184211.15625
"RSG125383",249355.859375,245803.375,243824.265625,234364.796875
"RSG125384",173316,172153.078125,169129.65625,158083.171875
"RSG125386",65404.0625,63192.125,61397.93359375,58413.609375
"RSG125387",163667.859375,159750.484375,155129.9375,138969.0625
"RSG125388",202584.046875,193297.984375,183694.765625,158778.59375
"RSG125390",224495.09375,215402.328125,205723.5,181485.6875
"RSG125391",268468.09375,265664.15625,259776.234375,240750.5625
"RSG125392",108918.3671875,106481.875,104350.2578125,96434.109375
"RSG125393",166412.921875,160876.546875,154454.921875,139164.859375
"RSG125394",172470.46875,165283.140625,158210.09375,142216.890625
"RSG125395",648316.4375,640578,631714.875,602519.875
"RSG125396",269489.65625,261788.515625,252888.671875,224238
"RSG125397",190056.828125,187819.96875,182171.890625,169204.03125
"RSG125398",111221.9140625,106359.09375,102893.0625,93969.046875
"RSG125399",144962.765625,139000.265625,133217.53125,120953.3671875
"RSG125400",280209.78125,269417.15625,259380.78125,245079.046875
"SE110",2224418,2536721.5,3215308.75,3632835.5
"SE121",425949.40625,463594.34375,552175.6875,604542.5625
"SE122",288533.625,303527.59375,337944.59375,343557.46875
"SE123",436960.90625,463326.25,522947.53125,540900.8125
"SE124",311277.4375,334766.5625,392609.71875,423471.53125
"SE125",221968.265625,237554.75,274229.15625,287744.65625
"SE211",336843.125,356394.9375,398252.96875,408441.96875
"SE212",226556.671875,240450.328125,266398.59375,269931.34375
"SE213",178653.390625,186025.34375,197727.90625,194432.484375
"SE214",11831.2392578125,12195.5703125,11568.2958984375,10010.2978515625
"SE221",101074.390625,105879.9453125,112263.03125,109829.0625
"SE224",795125.6875,895251.25,1097710.125,1192639.5
"SE231",232717.9375,246567.359375,274852.28125,281306.71875
"SE232",1177157.875,1265261.25,1456415.5,1538889.25
"SE311",294644.5625,305262.46875,321601.1875,311861.5
"SEG226001",6795.4794921875,6984.48974609375,7218.6806640625,6643.2880859375
"SEG226002",10988.0107421875,11244.9775390625,11343.6337890625,10305.759765625
"SEG226003",23222.37890625,23951.310546875,25698.529296875,25833.60546875
"SEG226004",55083.98046875,57165.63671875,61304.9765625,60426.84765625
"SEG226005",11806.189453125,12090.2958984375,12413.810546875,11792.3369140625
"SEG226006",18376.76953125,18814.01171875,19276.884765625,17804.3515625
"SEG226007",22904.79296875,23421.404296875,23852.86328125,22086.064453125
"SEG226008",23258.095703125,23960.015625,25271.9921875,25189.568359375
"SEG226009",11041.4892578125,11462.232421875,11825.5498046875,11170.8876953125
"SEG226010",15777.0966796875,16319.3515625,16792.017578125,15500.365234375
"SEG226011",14308.5810546875,14812.6123046875,15440.2548828125,14370.83203125
"SEG226012",20343.259765625,20963.080078125,21569.947265625,20168.833984375
"SEG226013",16976.298828125,17423.78125,18385.0234375,17749.6796875
"SEG226014",32662.8046875,33818.984375,36616.48046875,36962.14453125
"SEG226015",5178.419921875,5357.5263671875,5364.87890625,4971.95263671875
"SEG226016",25165.744140625,25872.306640625,26212.7109375,24542.490234375
"SEG226017",68768.6796875,72024.0625,78950.6953125,80541.0625
"SEG226018",5205.5517578125,5315.61279296875,5341.9560546875,4850.61083984375
"SEG226019",26401.048828125,27133.21484375,27175.66015625,24999.83984375
"SEG226020",14505.7880859375,15049.7646484375,15798.6337890625,15047.365234375
"SEG226021",36458.5078125,37767.4140625,39705.4765625,38647.41015625
"SEG226022",21561.375,21892.830078125,21847.427734375,20177.607421875
"SEG226023",12180.8876953125,12680.83203125,12889.748046875,11923.2412109375
"SEG226024",21675.79296875,21935.984375,21850.109375,20124.283203125
"SEG226025",6502.7841796875,6687.85888671875,6375.97265625,5475.46728515625
"SEG226033",12484.859375,12955.59375,12701.4052734375,11143.6787109375
"SEG226034",9568.2109375,9723.376953125,9226.17578125,7985.28369140625
"SEG226035",8804.4853515625,9072.1005859375,8839.5419921875,7779.61376953125
"SEG226036",9333.4931640625,9576.4599609375,9669.9287109375,8979.3017578125
"SEG226037",17119.505859375,17812.615234375,18623.970703125,17673.56640625
"SEG226038",53240.69921875,55953.55859375,62241.6484375,62839.6640625
"SEG226039",4160.8662109375,4258.509765625,4275.22314453125,3945.18579101562
"SEG226040",12458.4228515625,12999.052734375,13538.2685546875,12571.3720703125
"SEG226072",4939.126953125,5061.18603515625,4895.85205078125,4343.8134765625
"SEG226073",4149.80712890625,4304.8388671875,4372.61279296875,3768.04711914062
"SEG226074",6856.10986328125,7249.94921875,7380.4912109375,6430.8203125
"SEG226075",6757.6962890625,6955.1826171875,6667.41162109375,5918.67333984375
"SEG226076",28645.73828125,29269.966796875,28347.4375,24245.904296875
"SEG226077",1612.17150878906,1600.41149902344,1428.1474609375,1188.56616210938
"SEG226078",4882.74560546875,4973.60302734375,4750.00537109375,4195.9013671875
"SEG226079",2096.27880859375,2150.44995117188,2066.54467773438,1840.05285644531
"SEG226080",14671.123046875,15017.017578125,14324.9111328125,12073.8291015625
"SEG226081",44420.35546875,47162.5703125,51286.33984375,50286.265625
"SEG226082",2869.21801757812,2917.45239257812,2807.55712890625,2545.94995117188
"SEG226083",5285.90771484375,5248.87548828125,4810.88720703125,4120.240234375
"SEG226084",6050.8974609375,6202.97802734375,6158.90185546875,5672.66162109375
"SEG226085",23417.623046875,24252.4453125,24610.09765625,22964.16015625
"SEG226201",2603.8251953125,2608.8525390625,2627.24975585938,2508.8232421875
"SEG226202",3496.93188476562,3602.39794921875,3653.08666992188,3332.0791015625
"SEG226203",2243.32543945312,2231.91870117188,2083.71484375,1772.04638671875
"SEG226204",12541.3798828125,12689.822265625,12269.3310546875,10732.685546875
"SEG226205",2770.34326171875,2768.71508789062,2726.8466796875,2529.84912109375
"SEG226206",8021.02001953125,8247.080078125,8323.0986328125,7525.44873046875
"SEG226207",2844.03173828125,3003.025390625,3051.181640625,2800.51879882812
"SEG226208",4516.01025390625,4675.470703125,4573.0966796875,3980.66552734375
"SEG226209",55916.29296875,57730.86328125,58786.30078125,55062.05859375
"SEG226210",3163.3525390625,3206.41772460938,3245.94311523438,2924.119140625
"SEG226211",4735.775390625,4819.84814453125,4802.2216796875,4268.67236328125
"SEG226212",73055.8984375,78039.1484375,90266.734375,95768.171875
"SEG226213",5063.4697265625,5192.185546875,5223.17333984375,4748.486328125
"SEG226214",6878.66015625,7186.5927734375,7259.97216796875,6445.98828125
"SEG226215",6331.7275390625,6502.6748046875,6456.6787109375,5933.298828125
"SEG226216",6005.05029296875,6083.8671875,5935.11865234375,5298.294921875
"SEG226217",21453.966796875,22145.017578125,22539.375,20910.41796875
"SEG226218",15349.728515625,15724.8134765625,15732.4189453125,14393.4765625
"SEG226219",37629.8203125,38592.859375,39133.82421875,36277.91015625
"SEG226220",20984.7890625,21171.625,20956.8125,18975.53515625
"SEG226221",66480.5234375,68885.2109375,73031.7578125,71720.0703125
"SEG226222",9882.75390625,10152.1982421875,10453.974609375,9886.16015625
"SI031",97770.375,93249.46875,85994.984375,75146.2734375
"SI032",261300.53125,249395.125,231350.984375,206061.3125
"SI033",103185.078125,103669.2578125,105242.625,100311.1953125
"SI034",309651.6875,310145.34375,314269.53125,301793.375
"SI035",72504.7578125,74780.9296875,79803.5078125,79580.2421875
"SI036",150697.125,141896.71875,128454.1640625,112034.1015625
"SI037",154646.1875,149533.703125,138090.328125,120977.859375
"SI038",73216.3203125,73057.2734375,71889.328125,67023.8046875
"SI041",263961.625,274043.25,294124.03125,293458.21875
"SI042",278285.5,286541.3125,303577.09375,298904.15625
"SI043",210165.4375,209866.5625,210341.578125,197055.140625
"SI044",174829.921875,174565.578125,176220.953125,166070.265625
"SK010",543254.0625,560913.5625,572046,538780.375
"SK021",638321.625,627539.6875,596051.4375,535640.6875
"SK022",535316.75,515740.65625,477991.84375,420202.9375
"SK023",756163.625,725621.75,670110.1875,587082.25
"SK031",821993.0625,793405.9375,731839.375,641529.4375
"SK032",661683.75,637721.5,590332.8125,521255.28125
"SK041",860243.9375,840257.3125,789786.9375,704923
"SK042",840039.625,834143.875,799854.8125,719921.9375
"SM",3876.32788085938,3823.95654296875,3742.96704101562,3463.00170898438
"UKC1",794031.3125,852119,992228.4375,1088790.5
"UKC2",664346.625,707134.6875,810961.5625,880387.875
"UKD1",433781.28125,445550.8125,478512.03125,486617.875
"UKD3",1234143.25,1315670.125,1501779.125,1593810.5
"UKD4",1808644.875,1916680.75,2153732,2242469.5
"UKD6",2229128.5,2369506.25,2699193,2870481
"UKD7",479278.40625,507628.4375,571747,601714.375
"UKE1",737165.6875,799797.6875,945333.9375,1062052.5
"UKE2",1422082.875,1522647,1759018.75,1914408.25
"UKE3",1010862.125,1087786.75,1260751.875,1355368.625
"UKE4",1951076.375,2121960.5,2507042,2764658.5
"UKF1",2626117.5,2786002,3128273.75,3245972.5
"UKF2",2355211.75,2485053.5,2751068.25,2835624.75
"UKF3",803265.875,838353.625,922877.25,970141.5625
"UKG1",2514830.25,2639563.5,2896303,2949997.25
"UKG2",2594755.75,2707444.75,2914503.75,2923475.75
"UKG3",619822.125,653608.125,720116.5625,736178.375
"UKH1",2092961.25,2218595.5,2513016.75,2716162.25
"UKH2",4574864.5,4968111.5,5658067,5882787.5
"UKH3",2349714.25,2537590.25,2923476.25,3114169.5
"UKI3",283869.25,309824.5625,356532.5625,372476.40625
"UKI4",450257.53125,491147.25,564837,590380.6875
"UKI5",593845.3125,644625.5625,739344.4375,778147.4375
"UKI6",627012.5625,683576.375,794344.625,840792.9375
"UKI7",1220330.375,1331012.75,1526309.5,1590318.625
"UKJ1",2202489,2320747.75,2588767.5,2707267.25
"UKJ2",4543455.5,4914744.5,5653339.5,5951346
"UKJ3",1695323.5,1798408,2016745.375,2117573
"UKJ4",1748039.625,1856919.375,2106948,2245106.25
"UKK1",1971940,2077886.875,2338640.75,2478758.5
"UKK2",1193243.25,1256328.5,1409927.375,1489877.875
"UKK3",149307.015625,152138.1875,159541.015625,157866.5625
"UKK4",572009.25,587286.1875,627599.1875,634806.6875
"UKL1",1448634,1489895,1572874.375,1564432.875
"UKL2",1195454,1236819,1323892.75,1338579.125
"UKM50",381416.25,405937.5,454549.40625,475156.875
"UKM61",62070.6640625,63163.68359375,62964.6875,59072.98828125
"UKM62",106534.0234375,108332.4921875,112426.9921875,110307.1640625
"UKM63",71782.8203125,72651.0625,74528.4140625,72317.75
"UKM64",3093.58959960938,3103.38500976562,3053.36059570312,2840.96069335938
"UKM66",8640.5908203125,8716.580078125,8743.12109375,8444.9130859375
"UKM71",92205.703125,95142.2578125,103536.5625,106775.5078125
"UKM72",287897.96875,299646.78125,329146.34375,337800.09375
"UKM73",171283.671875,182099.71875,205860.0625,214625.03125
"UKM75",114371.4453125,122706.2109375,140578.890625,146882.734375
"UKM76",67597.03125,70100.734375,75924.2109375,76050.5546875
"UKM77",432905.4375,446368.125,481661.78125,486501.28125
"UKM78",135829.484375,143086.40625,158783.75,161559.796875
"UKM81",211136.828125,223089.140625,247831.203125,255847.96875
"UKM82",143541.296875,152083.40625,169386.640625,174999.546875
"UKM83",267595.53125,281302.8125,310952.84375,320614.75
"UKM84",210742.515625,221784.328125,244729.0625,249635.078125
"UKM91",504767.875,535693.5625,602688,624595.0625
"UKM92",101730.953125,101439.3984375,104354.140625,101936.7578125
"UKM93",547568.3125,575799.75,636568.5625,655673.5
"UKM94",97144.9765625,99738.953125,107070.5859375,107301.3671875
"UKM95",648269.75,681748.4375,751953.3125,766719.1875
"UKN06",43251.015625,45207.9765625,48681.13671875,49950.05078125
"UKN07",180581.984375,184028.640625,190195.09375,185597.671875
"UKN08",138598.71875,141836.296875,148498.03125,146741.828125
"UKN09",107032.2109375,112008.6171875,120889.1796875,124284.1953125
"UKN10",84323.5625,85303.7265625,87173.171875,83247.015625
"UKN11",153121.5,152517.8125,149843.5625,139525.0625
"UKN12",51798.0546875,51856.953125,51784.078125,49108.82421875
"UKN13",133491.15625,138067.859375,145658.421875,146782.53125
"UKN14",91624.0703125,94844.8359375,100660.734375,101644.171875
"UKN15",225343.5,234071.171875,249026.953125,252836.25
"UKN16",136420.203125,137707.375,136944.65625,126690.625
"VA",232.646331787109,237.006423950195,250.627380371094,241.900634765625
"XKG125378",624229.0625,652923.75,630831.75,566039.0625
"XKG125379",244987.59375,251584.8125,240169.359375,216406.8125
"XKG125380",217064.15625,226078.40625,222631.296875,202149.125
"XKG125385",250415.875,257717.5625,245839.53125,220959.296875
"XKG125389",335678.59375,343948.65625,326562.96875,291836.46875
