"nutM_code","year","year_start","year_end","response","temperature_winter","temperature_spring","temperature_summer","temperature_fall","seasonal_variation","precipitation_winter","precipitation_spring","precipitation_summer","precipitation_fall","relative_humidity_winter","relative_humidity_spring","relative_humidity_summer","relative_humidity_fall","croplands","pastures","rangelands","urbanAreas","primaryForest","primaryNonForest","secondaryForest","secondaryNonForest","total_population","population_density"
"ES300",NA,2018,2019,1,5.49565887451172,12.2531805038452,24.2020835876465,14.8063793182373,18.7064247131348,1.18752086162567,2.25901961326599,0.499283313751221,2.02173161506653,72.9020538330078,60.3396911621094,39.4162979125977,65.5598220825195,0.354519695043564,0.0678505823016167,0.144548326730728,0.084824912250042,0,0.132776632905006,0,0.214702814817429,5531073,691.21447954251
"ES511",NA,2018,2023,1,6.4958438873291,12.2002239227295,21.9751415252686,14.8014335632324,15.4792995452881,1.53073155879974,2.70293283462524,2.49437212944031,2.86183214187622,76.0367126464844,72.7345657348633,70.9448928833008,76.9405364990234,0.223638400435448,0.0567653216421604,0.0170317851006985,0.0514127984642982,0.000206876735319383,0.0935473367571831,0.426391333341599,0.0426809974014759,2177852,282.341343161963
"ES620",2018,NA,NA,1,9.0401611328125,15.0592060089111,25.0989112854004,17.2378444671631,16.0587501525879,0.951617181301117,1.1460599899292,0.669120252132416,2.26826643943787,66.3106918334961,57.5286865234375,55.0620002746582,74.1307601928711,0.364627778530121,0,0.178181529045105,0.0122516183182597,0,0.110379673540592,0,0.313915193080902,1102458.75,97.481236305784
"FR101",NA,2021,2024,1,5.88631343841553,10.9866876602173,19.6048603057861,12.9079170227051,13.7185468673706,2.30892848968506,2.2415087223053,2.21465826034546,2.66471195220947,85.8330688476562,73.4807434082031,69.5745391845703,82.7450942993164,0.191405951976776,0.0201632156968117,1.4383989832556e-10,0.584239900112152,0,0,0,0.204190969467163,330590.46875,4321.71018302971
"FR103",2024,NA,NA,1,6.68035984039307,11.3976135253906,18.7049713134766,12.0455474853516,12.0246105194092,2.44257569313049,3.1075131893158,1.91072559356689,3.10966205596924,86.7337188720703,80.7994537353516,73.2587432861328,87.1469345092773,0.377574265003204,0.0997712910175323,1.56296875442052e-09,0.17278541624546,0,5.19619125505244e-10,0,0.349869072437286,2494156.5,1090.41187766541
"FR105",2024,NA,NA,1,6.79436635971069,11.7160682678223,19.1199893951416,12.2253150939941,12.3256225585938,2.4728991985321,3.1697096824646,2.12997031211853,3.20875120162964,86.3818893432617,80.0629119873047,72.6982040405273,86.899040222168,0.188358500599861,0.0202324278652668,1.70099961893655e-10,0.587596118450165,0,0,0,0.20381298661232,703655.4375,4342.30695988171
"FR106",2024,NA,NA,1,6.7586498260498,11.7540340423584,19.188871383667,12.2490463256836,12.4302234649658,2.62513136863708,3.24205088615417,2.23384165763855,3.18708205223083,86.4730834960938,80.0709075927734,72.8070373535156,86.8545379638672,0.26989221572876,0.047536164522171,1.30204536041845e-09,0.412457764148712,0,0,0,0.270113855600357,656871.8125,2816.13634881645
"FR107",NA,2023,2024,1,6.05365324020386,11.3799886703491,19.5725002288818,13.2384824752808,13.5188455581665,2.13962030410767,2.78441047668457,2.40623569488525,3.07588815689087,85.6035842895508,77.4937515258789,70.8107299804688,83.3146514892578,0.253976792097092,0.0417632274329662,8.35979230284778e-10,0.448300451040268,0,0,0,0.255959540605545,736893.4375,3122.72481534461
"FRI11",2023,NA,NA,1,6.20375061035156,13.0545663833618,21.6892166137695,15.8183698654175,15.4854679107666,2.15851807594299,2.60496425628662,2.21859908103943,4.5321741104126,81.7106246948242,72.2126770019531,69.5039901733398,75.7765274047852,0.326237678527832,0.149372264742851,0.000374745257431641,0.011487421579659,0,2.4858086509344e-12,0.0685954838991165,0.443932473659515,442062.875,47.9981775723077
"FRJ12",NA,2015,2023,1,7.00751447677612,13.1792879104614,23.1856956481934,14.7479801177979,16.1781806945801,2.11741042137146,2.4099223613739,1.53624951839447,3.79954648017883,73.5816650390625,64.4365692138672,58.1173400878906,71.4272918701172,0.327663660049438,0.0894805416464806,0.00129335990641266,0.0312654078006744,2.96344754291411e-10,0,0.392058670520782,0.127370864152908,841903.5,143.405691393525
"FRJ13",NA,2014,2024,1,7.34645938873291,12.7096118927002,22.1051368713379,14.7973384857178,14.758677482605,2.20386219024658,2.63282012939453,1.45574629306793,3.89946818351746,77.3957824707031,69.6135101318359,64.2998809814453,75.9005126953125,0.308641999959946,0.0859034135937691,0.000455035537015647,0.0271570514887571,1.35760835906495e-09,1.02075618790831e-10,0.377464771270752,0.112677969038486,794013.5625,127.28325339612
"FRJ14",2024,NA,NA,1,4.16012144088745,8.46698665618896,18.1379203796387,10.4893112182617,13.9777984619141,2.2555422782898,5.93870115280151,1.88765263557434,5.04465579986572,80.116569519043,76.311164855957,70.7675399780273,82.768798828125,0.198495745658875,0.109669499099255,0.00779226841405034,0.00405579432845116,7.21156800942424e-10,0,0.679986715316772,0,93554.8359375,18.1802735709454
"FRJ15",NA,2022,2024,1,6.12328338623047,11.6574993133545,21.4869346618652,14.3703622817993,15.3636512756348,1.40225875377655,2.83939218521118,2.45506739616394,2.25321459770203,70.4237442016602,68.9855880737305,66.1888732910156,73.9707946777344,0.211943075060844,0.0506551004946232,0.010456470772624,0.0179333779960871,1.16391292976914e-05,0.144939199090004,0.0179939065128565,0.542981803417206,375388.03125,90.8484035521348
"FRJ23",2022,NA,NA,1,6.10991191864014,12.6367845535278,22.9144954681396,15.5450239181519,16.8045845031738,3.06369590759277,2.77657008171082,1.98687744140625,2.7504825592041,78.4613418579102,72.0352096557617,62.1031494140625,72.3818130493164,0.424016267061234,0.195440635085106,0.00775712123140693,0.0295033417642117,0,0.0500931777060032,0,0.293189436197281,966156.625,150.32506511138
"FRJ26",NA,2022,2024,1,4.08515644073486,9.58800411224365,18.8671340942383,12.2905712127686,14.7819776535034,3.22484493255615,4.02361536026001,3.92223453521729,4.06741952896118,76.8634796142578,74.0563354492188,71.9258880615234,77.8733673095703,0.265933692455292,0.123817518353462,0.0272406470030546,0.0134362485259771,0,0.14329007267952,0,0.426281780004501,220676.796875,48.6783403548444
"FRJ28",2022,NA,NA,1,6.52983856201172,14.0735807418823,24.6041679382324,16.5965747833252,18.0743293762207,2.28012657165527,2.111971616745,1.61696588993073,2.44002175331116,82.8007965087891,68.4869003295898,55.3703575134277,73.0000534057617,0.450446844100952,0.205050110816956,3.14833537018444e-09,0.0321351699531078,0,0,0,0.312367886304855,563059.625,151.000774862685
"FRK21",2023,NA,NA,1,4.66959381103516,11.2246437072754,21.541820526123,13.9719552993774,16.8722267150879,2.84408855438232,3.97415065765381,2.68506622314453,5.43906259536743,80.2929916381836,72.4491119384766,62.3920288085938,74.9662704467773,0.301300406455994,0.165248185396194,0.000642092432826757,0.0370873622596264,1.07553153883e-10,1.89910676300376e-16,0.252000063657761,0.238120391964912,970660.0625,168.423621464263
"FRK23",NA,2023,2024,1,4.85844421386719,11.0428247451782,21.0979690551758,12.9987678527832,16.2395267486572,2.41238713264465,3.77675008773804,2.18305540084839,3.8937554359436,78.3903884887695,70.3443222045898,63.6824493408203,76.1687088012695,0.304757207632065,0.103962227702141,0.00379040068946779,0.0162618048489094,9.32454738422628e-11,0,0.529275834560394,0.0419525466859341,489426.21875,75.2487725886018
"FRK24",2023,NA,NA,1,2.19571232795715,8.93147659301758,19.4139976501465,11.8285503387451,17.2182865142822,2.51112794876099,4.03340339660645,3.21613526344299,5.12608337402344,77.3712005615234,73.987548828125,64.7646331787109,75.7219390869141,0.264619946479797,0.113890551030636,0.00747955497354269,0.0396101251244545,5.50879841743068e-10,0,0.426896393299103,0.145385250449181,1318056.75,168.098641146814
"FRK26",NA,2019,2023,1,4.92155408859253,11.4648504257202,21.3621120452881,13.0505056381226,16.4405574798584,2.54094123840332,2.34502792358398,2.54446291923523,3.25429224967957,81.5723724365234,66.9037170410156,61.5870132446289,76.8338317871094,0.370540350675583,0.209010928869247,2.75482681111328e-09,0.11165289580822,0,2.73069128513802e-16,0.178805738687515,0.129990100860596,1581535.125,484.376531740698
"FRL01",2023,NA,NA,1,2.18773365020752,8.82525157928467,19.09840965271,11.6608057022095,16.9106750488281,2.13661670684814,2.82584071159363,2.74700117111206,3.71647310256958,69.989875793457,67.9456939697266,63.2300910949707,71.0256729125977,0.255638897418976,0.05002636089921,0.0192430466413498,0.0066984505392611,3.46614070778628e-10,0,0.665963113307953,0,253920.046875,36.30571700607
"FRL03",NA,2010,2024,1,3.10004663467407,9.06047534942627,18.7657432556152,11.5086345672607,15.665696144104,2.74690842628479,3.36878395080566,2.52765154838562,3.8896541595459,70.4715957641602,72.598747253418,73.8849563598633,75.7640380859375,0.134432688355446,0.0284235216677189,0.0248757507652044,0.0406850501894951,1.21673204844797e-09,9.94723729519928e-17,0.601148784160614,0.0459779351949692,757229.5,176.453484488238
"FRL04",NA,2013,2023,1,7.68324279785156,14.0005807876587,24.0400867462158,15.9723901748657,16.3568439483643,1.90353417396545,1.91184365749359,1.10342669487,2.84617924690247,73.1754760742188,63.6400108337402,56.9331550598145,70.1978073120117,0.381248474121094,0.116614192724228,4.79190202895552e-06,0.0496120862662792,4.41584657728811e-10,0,0.169462144374847,0.214276850223541,769284.0625,146.635264447715
"FRL05",NA,2010,2024,1,6.82719707489014,12.7517004013062,22.3822746276855,15.0067920684814,15.5550765991211,2.31660604476929,2.32810568809509,1.25533723831177,3.1561279296875,72.4679489135742,68.0047912597656,63.5823440551758,72.3737258911133,0.228678375482559,0.0400675907731056,0.00440938118845224,0.0274463389068842,3.90568938302138e-10,5.7949484100206e-10,0.297023206949234,0.268139690160751,734880.3125,121.866742095821
"FRL06",2024,NA,NA,1,6.96055030822754,12.9139528274536,22.9024543762207,14.1757392883301,15.9419059753418,2.01623296737671,4.1517219543457,1.11748993396759,3.87790417671204,76.2371139526367,67.0675354003906,60.8959426879883,76.6646575927734,0.385948568582535,0.117670223116875,0.000463041942566633,0.0356548726558685,7.43565209404551e-10,0,0.43292698264122,0.01984260417521,493477.96875,137.144052217144
"FRM01",2022,NA,NA,1,9.51502799987793,13.6581716537476,25.1148109436035,18.2818222045898,15.5997838973999,1.74242305755615,1.98480033874512,0.594837129116058,3.07417583465576,74.5728607177734,70.583251953125,65.9670028686523,73.3435668945312,0.046084575355053,0.01911960542202,0.022174159064889,0.00475945230573416,0,2.34410357791148e-09,0,0.585509419441223,83585.9140625,20.8705268787586
"HR033",2024,NA,NA,1,7.39247465133667,13.8048067092896,24.3541164398193,14.3697032928467,16.9616413116455,3.76412844657898,4.2352180480957,1.73901355266571,5.08306312561035,78.144157409668,72.4295272827148,64.6308135986328,76.5853652954102,0.0984961166977882,0.0658659189939499,0.0469045117497444,0.00311709567904472,1.44785872180364e-09,0,0.653991401195526,0,75575.5,21.6956757003888
"HR037",2010,NA,NA,1,5.38098907470703,11.7461214065552,22.3784523010254,13.851357460022,16.9974632263184,10.5103521347046,5.90003442764282,1.37523674964905,8.94666957855225,78.5416412353516,72.2590484619141,63.8529167175293,76.1708526611328,0.172325640916824,0.289580851793289,0.0214893817901611,0.00553120393306017,2.63971466907265e-09,0,0.367257654666901,0,39282.98828125,22.7019809095242
"ITC33",2023,NA,NA,1,5.83374977111816,12.8406600952148,23.0135307312012,15.1775884628296,17.179780960083,2.27349805831909,2.51449012756348,3.28065896034241,3.99518251419067,81.4420852661133,69.8465270996094,68.4619979858398,75.868766784668,0.267224341630936,0.0564212836325169,0.000665080384351313,0.0176651328802109,0,0,0.646284759044647,0,64447,34.6943867112563
"ITC42",2024,NA,NA,1,3.55641222000122,9.83971405029297,20.6870365142822,10.8713111877441,17.1306247711182,3.6014187335968,7.09098672866821,5.45398569107056,5.67850017547607,76.5630569458008,74.714241027832,74.1879577636719,79.4071578979492,0.0965307429432869,0.0420612655580044,0.0201025195419788,0.206431433558464,2.57054543908453e-05,0,0.589936256408691,0,1075005.125,842.204216607876
"ITC43",2024,NA,NA,1,3.95196342468262,10.3940801620483,21.2317638397217,11.3151836395264,17.2798004150391,3.65976786613464,7.00955486297607,5.49010038375854,5.72823429107666,76.7579116821289,74.5305023193359,74.2212829589844,79.4704208374023,0.105202183127403,0.0364063456654549,0.0156774539500475,0.255179971456528,2.77550534519833e-05,0,0.544398903846741,0,805679.375,1007.96431263172
"ITC44",2024,NA,NA,1,-2.57187867164612,3.31212162971497,14.2595663070679,5.14958143234253,16.8314456939697,3.68341970443726,5.98629140853882,4.70583868026733,4.69029426574707,73.2115707397461,77.2218856811523,76.7176971435547,78.5640640258789,0.0150049570947886,0.0709931552410126,0.0750100836157799,0.00852917786687613,9.55378936851048e-07,0,0.801873683929443,0,135897.609375,42.4406719645411
"ITC46",2023,NA,NA,1,2.83832383155823,10.0680322647095,20.0218982696533,12.1086149215698,17.1835746765137,1.81943142414093,4.03329563140869,5.79904174804688,5.41782808303833,75.0376663208008,72.1074371337891,72.8132781982422,77.2997741699219,0.202239766716957,0.0631231293082237,0.0110303340479732,0.100907027721405,5.88804823564715e-07,0,0.615746915340424,0,1323809.125,479.396335990368
"ITC47",2023,NA,NA,1,2.82197880744934,9.85643005371094,20.0020942687988,12.1333904266357,17.1801147460938,1.83049333095551,3.68117713928223,5.1421103477478,4.46820449829102,75.9935684204102,71.9416580200195,72.7621231079102,77.5675506591797,0.237696707248688,0.0628780946135521,0.0129948537796736,0.0521054938435555,1.53873719321851e-11,0,0.60638415813446,0,1134345.625,238.887203371249
"ITC49",2023,NA,NA,1,6.25261449813843,14.3440160751343,25.0389175415039,16.0208492279053,18.786304473877,1.82299101352692,2.65827250480652,3.88379240036011,3.52460074424744,81.7810211181641,68.0442276000977,64.3124084472656,75.3898239135742,0.612595438957214,0.0919737964868546,9.47183109722971e-10,0.0833575055003166,1.73720603874328e-11,0,0.207908779382706,0,394319.09375,500.503561730645
"ITC4B",2022,NA,NA,1,4.98034048080444,13.770133972168,26.1789436340332,16.1286029815674,21.1986045837402,1.10049664974213,1.50542891025543,2.70620536804199,2.54254341125488,80.4667434692383,64.5841598510742,59.385570526123,77.1743698120117,0.593862175941467,0.0981299206614494,0.00359400454908609,0.0653705075383186,0,3.85388847223494e-16,0.177050799131393,0.0382867678999901,720136.3125,311.275469960342
"ITC4C",NA,2022,2024,1,5.45769834518433,13.6782264709473,24.6449565887451,14.7194356918335,19.1872596740723,1.97969484329224,3.76139307022095,3.8069314956665,4.38669157028198,77.880256652832,66.8366165161133,64.2130966186523,77.3194580078125,0.433691591024399,0.0539664663374424,0.0004330511437729,0.159863904118538,1.54514200403355e-05,0,0.32859593629837,0,1351708.875,872.648906996217
"ITF31",2017,NA,NA,1,6.9666600227356,13.4884872436523,23.9162788391113,14.8824224472046,16.9496173858643,2.51430821418762,1.78648269176483,0.389116764068604,4.09046030044556,75.8691177368164,73.6531829833984,66.042839050293,75.5129928588867,0.360179334878922,0.092749148607254,6.38646024953005e-10,0.0361613482236862,0,9.36833458031749e-11,0,0.429033219814301,606921.9375,226.616757691184
"ITF35",2024,NA,NA,1,9.74223327636719,14.1904344558716,24.708324432373,16.5478248596191,14.9660911560059,3.5923855304718,2.91565632820129,0.690019845962524,3.32947397232056,79.7644119262695,75.8877716064453,64.7697906494141,77.0072021484375,0.212793275713921,0.0644467771053314,8.54729009791555e-10,0.0358082093298435,0,2.91858204271023e-10,0,0.568931758403778,709563,143.559037166685
"ITF48",2023,NA,NA,1,9.86765956878662,14.1908416748047,25.6988124847412,19.8713493347168,15.8311538696289,1.39953362941742,3.02619457244873,1.05847465991974,1.45747756958008,77.5233917236328,72.822998046875,61.4771385192871,67.9268341064453,0.311938285827637,0.123742312192917,6.33081087553222e-11,0.0493824705481529,0,2.42958899526746e-11,0,0.256993800401688,257803.34375,165.013502179092
"ITF63",2017,NA,NA,1,8.47562503814697,13.5261373519897,23.7012214660645,16.1228122711182,15.2255954742432,3.0848388671875,1.53443574905396,0.385780602693558,2.97006273269653,76.6700210571289,74.3645324707031,66.4674301147461,75.277473449707,0.168114855885506,0.0904780104756355,2.1499495239663e-10,0.0230662375688553,0,4.64203762234883e-12,0,0.57632452249527,157724.984375,65.5960619914926
"ITF65",NA,2017,2024,1,11.2206134796143,14.4451713562012,24.5831069946289,19.3195953369141,13.3624935150146,2.90736079216003,2.09992933273315,0.781828224658966,3.17822909355164,76.7322769165039,76.2383117675781,71.1325988769531,77.0850677490234,0.0930725261569023,0.0394744165241718,4.75072148287126e-10,0.0384512655436993,0,3.67568531167706e-10,0,0.431719124317169,382252.25,121.475434352405
"ITH10",2017,NA,NA,1,-5.07707023620605,3.95479679107666,13.3720712661743,3.14492034912109,18.4491405487061,1.22774744033813,3.32319593429565,5.26006650924683,3.73157978057861,64.0541687011719,68.2125244140625,71.7430877685547,74.7433776855469,0.0240209717303514,0.0972045361995697,0.0491776168346405,0.0125470692291856,1.05340673683951e-10,0,0.787604987621307,0,454414.875,61.399272059772
"ITH32",2020,NA,NA,1,4.70448970794678,12.0712194442749,20.9633865356445,12.4884262084961,16.2588977813721,1.32317364215851,3.13613057136536,5.73610877990723,3.77446532249451,74.9328460693359,66.0557174682617,72.0254135131836,78.0933151245117,0.307266145944595,0.0771707147359848,0.00665117986500263,0.0642405077815056,0,0,0.543512225151062,0,791774.6875,293.128851639882
"ITH34",NA,2020,2024,1,4.99612951278687,12.2785310745239,22.9284534454346,13.994236946106,17.9323253631592,2.91947388648987,3.7978343963623,3.87462782859802,4.10351610183716,78.9271392822266,71.4337844848633,71.0614929199219,77.718864440918,0.495504826307297,0.060800313949585,0.000834845064673573,0.0885110273957253,0,0,0.328309118747711,0,981568.5,400.915232774305
"ITH35",2024,NA,NA,1,6.5180139541626,14.1482191085815,24.9143524169922,14.7360181808472,18.3963394165039,3.50543284416199,6.16534662246704,2.51111936569214,6.26744842529297,81.6485214233398,76.7268371582031,70.1070938110352,77.0775375366211,0.563649356365204,0.0630557239055634,1.31064680886084e-07,0.0501234382390976,5.47140551114089e-15,0,0.200102746486664,0,360634.25,177.64732892527
"ITH36",2023,NA,NA,1,6.09197664260864,13.7236089706421,24.4873523712158,16.0296306610107,18.395378112793,1.84643185138702,3.09580373764038,3.53081107139587,3.0419659614563,80.6057739257812,69.7390213012695,67.770751953125,75.056884765625,0.549479782581329,0.0801662504673004,0.000697341747581959,0.0816013291478157,0,0,0.286796718835831,0,748195.625,351.802292321641
"ITH54",NA,2017,2023,1,4.68239974975586,12.5287666320801,23.5606250762939,14.2940320968628,18.8782272338867,2.37395477294922,3.16661286354065,2.40266585350037,3.47987627983093,79.5179901123047,69.2278442382812,65.601188659668,78.7074813842773,0.394076645374298,0.0942387282848358,0.000955838651861995,0.0462903492152691,0,9.2482350021807e-16,0,0.462864935398102,607547,225.816194217028
"ITH57",2007,NA,NA,1,7.7286171913147,15.1785879135132,23.9691066741943,13.6915254592896,16.2404899597168,1.05750024318695,2.23118543624878,1.39412760734558,2.32167220115662,81.6174011230469,67.2012176513672,58.8432388305664,71.8825225830078,0.469036400318146,0.104630887508392,0.00106397364288568,0.0329006761312485,0,3.21029106076232e-11,0,0.268473893404007,334148.5625,176.563790991955
"ITH57",2017,NA,NA,1,5.18328189849854,14.7456436157227,25.6108016967773,14.3819341659546,20.4275188446045,1.6652467250824,1.33169448375702,0.969453930854797,3.72409462928772,77.984130859375,65.3181762695312,56.316162109375,75.6007080078125,0.446090131998062,0.0973807573318481,0.000382646423531696,0.0372259095311165,0,3.21029106076232e-11,0,0.295026361942291,353329.25,186.698848504979
"ITI14",2023,NA,NA,1,6.65613746643066,12.4034337997437,23.4177188873291,16.288553237915,16.7615814208984,3.51617980003357,3.42462873458862,1.75075221061707,3.88110041618347,83.5110473632812,74.779655456543,67.0700531005859,73.8985137939453,0.29401221871376,0.0610033720731735,0.000251752120675519,0.0770649462938309,0,1.65033817774857e-12,0.060250636190176,0.507018148899078,1249106.625,352.221076524906
"ITI16",2023,NA,NA,1,10.32981300354,14.3600244522095,24.4026165008545,19.2197189331055,14.0728034973145,2.75593209266663,2.26721906661987,1.29539740085602,2.82859516143799,78.5662460327148,75.7410507202148,74.0721130371094,74.0861206054688,0.173502624034882,0.0404442958533764,0.00410390784963965,0.00745694804936647,0,2.39081410918773e-11,0,0.460529297590256,24488.42578125,19.451354971199
"ITI18",2023,NA,NA,1,6.22489070892334,11.8020162582397,22.7748489379883,15.8042402267456,16.5499572753906,3.71692585945129,3.49422073364258,2.11791753768921,3.40928173065186,83.6497955322266,75.2157974243164,67.4123916625977,74.7079238891602,0.285515010356903,0.0633325800299644,0.000576138496398926,0.0190101936459541,5.94409937937357e-11,6.45249749898352e-13,0.172443360090256,0.455007463693619,291589.96875,91.1023675145059
"ITI19",NA,2017,2024,1,6.83731889724731,12.900426864624,23.9028625488281,15.5171566009521,17.065544128418,2.46619343757629,2.56605553627014,1.24765431880951,3.5128743648529,78.7544937133789,71.3008270263672,63.8444862365723,76.8382110595703,0.367317408323288,0.0917226374149323,0.000606434186920524,0.0194863267242908,5.4362851026335e-11,2.35772318335492e-10,0.117640636861324,0.394085019826889,323516.40625,84.5150179450381
"ITI32",NA,2017,2024,1,6.17290115356445,12.2554111480713,23.4244136810303,14.9637289047241,17.2515144348145,2.31880640983582,2.59519672393799,1.60806727409363,2.7778058052063,77.7438888549805,70.5356979370117,62.3455581665039,75.9671249389648,0.420415461063385,0.100128971040249,1.00526253987709e-09,0.0188979785889387,0,1.65136498225804e-11,0,0.415160775184631,109365.7421875,55.624822125373
"ITI33",2024,NA,NA,1,8.10555362701416,13.5457429885864,24.2733612060547,15.0142984390259,16.1678085327148,1.42114996910095,2.65095782279968,1.58562898635864,3.48433542251587,76.0434875488281,70.9407653808594,60.8619766235352,77.3077545166016,0.431341916322708,0.076589547097683,0.000412758847232908,0.0190266370773315,0,5.47078604219759e-18,0,0.41125363111496,272070.8125,97.7188861904832
"ITI43",NA,2017,2024,1,8.5034236907959,13.6137914657593,24.3151092529297,16.8970947265625,15.8116846084595,3.18698263168335,2.65626263618469,1.06772637367249,4.14281272888184,76.27490234375,73.7466049194336,66.684928894043,76.3391494750977,0.353778630495071,0.0717945173382759,0.000494297011755407,0.121536649763584,0,5.89369317238742e-11,0.0665242597460747,0.272548884153366,2786341.25,515.216189131397
"ITI44",NA,2017,2023,1,8.2709493637085,13.4170703887939,24.0760669708252,16.9305667877197,15.8051166534424,3.84953045845032,2.76264119148254,1.13659799098969,4.72275018692017,76.1130905151367,74.245849609375,68.4712600708008,76.4653167724609,0.320510923862457,0.0818022638559341,0.000506167009007186,0.115611620247364,0,1.36328240363248e-10,0.0881240516901016,0.265947371721268,597935.375,263.326397595235
"SEG226076",2024,NA,NA,0,-12.051456451416,-0.565810263156891,13.5760526657104,1.91930735111237,25.6275100708008,1.77351415157318,1.31437253952026,4.0386815071106,2.91537094116211,80.583854675293,70.1767272949219,74.0856628417969,81.0778121948242,0.000320190651109442,1.63142358360346e-05,0.000578884384594858,0.00052836281247437,0.00290021626278758,0,0.958817005157471,0,28645.73828125,1.70001216636001
"RSG125397",2024,NA,NA,0,4.18258285522461,12.379207611084,23.1085758209229,10.9874992370605,18.9259929656982,1.43202793598175,2.74628806114197,1.33334410190582,2.28161478042603,78.6284103393555,73.0683822631836,63.3226432800293,77.5981216430664,0.248666658997536,0.0515084862709045,0.000211452104849741,0.0153947481885552,0,0.21656858921051,0,0.467650085687637,190056.828125,87.2378106842664
"EL623",2020,NA,NA,0,9.05508804321289,14.5387916564941,24.2692203521729,17.7937755584717,15.21413230896,3.43043780326843,2.11939406394958,0.873216032981873,3.04667592048645,74.3066482543945,70.8566131591797,68.7784042358398,71.9684448242188,0.188207492232323,0.16049225628376,0.0247729048132896,0.00424919696524739,0,0.0890784189105034,0,0.427075296640396,51.9972686767578,0.0569604317173187
"PL22C",2023,NA,NA,0,1.73768842220306,8.67835235595703,19.0317192077637,11.6437492370605,17.2940292358398,2.85898470878601,2.32764959335327,3.93173027038574,2.83884525299072,83.5503616333008,71.1102600097656,73.4714736938477,79.7862014770508,0.257347673177719,0.0619598068296909,7.54370048525743e-05,0.134196043014526,0,0.00177179765887558,0,0.541117370128632,585718.6875,623.700319976751
"HU110",2017,NA,NA,0,-1.32939434051514,12.122579574585,22.3056163787842,10.8643064498901,23.6350116729736,0.728311538696289,1.83661317825317,1.47958159446716,2.9052267074585,81.2349090576172,66.5768585205078,60.8945159912109,78.5328903198242,0.386354744434357,0.0823701769113541,0.00177281221840531,0.086982011795044,0,7.75392618379556e-06,0,0.442353516817093,270398.375,516.964940464264
"PL621",2024,NA,NA,0,1.6601334810257,10.4000253677368,18.8330383300781,10.2916374206543,17.1729049682617,2.94345140457153,1.54507410526276,2.60501861572266,1.27570927143097,88.5806655883789,72.257194519043,73.6948394775391,79.9493713378906,0.367618471384048,0.0943086966872215,0.000257352832704782,0.0103965355083346,0,0.0105182053521276,0,0.449774861335754,492533.625,67.7517140475273
"AL034",2010,NA,NA,0,2.55164527893066,9.24617767333984,19.2535820007324,11.4024658203125,16.7019367218018,5.88194227218628,3.30146217346191,1.50548207759857,4.9313178062439,85.6581573486328,71.3862533569336,67.7781448364258,78.838264465332,0.19667349755764,0.111749351024628,0.0197398159652948,0.00568137038499117,0.0174361504614353,0.320417553186417,0.0953118428587914,0.175644502043724,220625.71875,59.7102704820284
"PL613",2023,NA,NA,0,1.62284600734711,8.21124362945557,18.8144187927246,10.694338798523,17.1915721893311,1.7422924041748,1.53467118740082,2.00803637504578,2.05264139175415,87.4274978637695,71.9448165893555,69.0049819946289,81.5339508056641,0.406806707382202,0.110340625047684,1.22012211445366e-09,0.0318948216736317,0,1.37207314954146e-10,0,0.441976755857468,505178.28125,174.254228440493
"IEG11602",2023,NA,NA,0,5.706374168396,9.56519889831543,15.3925199508667,11.0371189117432,9.6861457824707,2.20887088775635,3.35283970832825,4.49967908859253,4.10713863372803,87.8384017944336,81.1784515380859,81.8106079101562,87.7719497680664,0.0446924716234207,0.669550597667694,0.00162506115157157,0.00543126463890076,3.39351333492055e-12,0,0.273154497146606,0,73841.859375,29.1705497148473
"MK002",2023,NA,NA,0,4.22963523864746,10.1946058273315,21.8933849334717,14.1239776611328,17.6637496948242,2.01171135902405,2.87534737586975,1.94872689247131,1.89818155765533,77.3597946166992,69.7291717529297,63.2236442565918,68.8291931152344,0.204717129468918,0.246952742338181,0.0684363842010498,0.0022704410366714,0,0.232845142483711,0,0.244778171181679,129593.2265625,36.4299459002958
"IEG11600",2023,NA,NA,0,6.70385122299194,9.8864688873291,15.3432960510254,11.846510887146,8.63944435119629,3.79378437995911,3.75882315635681,4.47121381759644,5.83697652816772,86.1254577636719,82.4556884765625,83.7567901611328,87.0264129638672,0.0377697572112083,0.0797397047281265,0.0107925394549966,0.00028927024686709,0,0,0.622991442680359,0,0.768516540527344,8.46347172301245
"FI1C5",2023,NA,NA,0,-3.84196066856384,3.70353245735168,16.8687000274658,5.43203210830688,20.7106609344482,2.1463725566864,1.4510645866394,3.23343467712402,3.2703423500061,89.5352630615234,69.8242874145508,72.8644104003906,85.9809646606445,0.0614648312330246,0.001736244186759,0.00167210074141622,0.00558063853532076,1.40054027403247e-12,0.2293531447649,0.39727908372879,0.014454179443419,112947.328125,16.4866914130377
"RSG125387",2024,NA,NA,0,5.94483327865601,14.6808633804321,25.4946918487549,13.0319194793701,19.5498580932617,1.26780915260315,1.7842071056366,1.60400688648224,2.0928328037262,77.4763793945312,67.501838684082,59.7200050354004,72.1415939331055,0.483350574970245,0.0873463153839111,1.09354168671416e-05,0.0283342357724905,0,0.00613073678687215,0,0.393032640218735,163667.859375,134.733916179195
"RSG125392",2024,NA,NA,0,5.31412220001221,14.7214727401733,25.3575286865234,11.9972438812256,20.0434074401855,1.46202552318573,1.39204061031342,1.29776763916016,1.7201954126358,80.2352142333984,63.574104309082,57.496280670166,75.132942199707,0.591366767883301,0.0866805613040924,0.000660795369185507,0.0118743646889925,0,0.00387936411425471,0,0.305538177490234,108918.3671875,60.5941025427533
"EL653",2007,NA,NA,0,9.55450534820557,14.5896768569946,25.0547580718994,17.455509185791,15.5002517700195,1.63003730773926,1.66597867012024,0.240639612078667,2.29861688613892,76.3432846069336,72.4195251464844,59.1664886474609,70.8745193481445,0.196869418025017,0.207013055682182,0.0729065835475922,0.00217503914609551,0,0.0508703328669071,0,0.217968717217445,112899.3359375,16.6638993737777
"SEG226018",2007,NA,NA,0,-1.55128145217896,6.26532125473022,15.50461769104,5.28212070465088,17.0558986663818,1.56712532043457,1.24892783164978,1.9318950176239,1.83034479618073,84.5332565307617,69.9229049682617,72.1183319091797,83.1722793579102,0.065095879137516,0.00653188722208142,0.00450830720365047,0.00285990885458887,8.9065288477741e-10,0,0.875229299068451,0,5192.41943359375,11.5775052024132
"MEG125366",2023,NA,NA,0,1.68242788314819,7.59287881851196,18.550235748291,11.2466773986816,16.8678073883057,4.06647157669067,3.87273716926575,3.63074493408203,3.90361642837524,81.607292175293,76.3608322143555,73.92724609375,78.2403717041016,0.0961864441633224,0.16246385872364,0.0480854697525501,0.0210482478141785,2.08919459510071e-09,0,0.67221599817276,0,36147.5625,87.7312458881516
"DE72",2015,NA,NA,0,1.63077080249786,8.68135833740234,18.2561149597168,9.3763370513916,16.6253452301025,2.39262747764587,1.5301262140274,2.20557737350464,2.61788845062256,87.8770217895508,70.5305862426758,68.3454666137695,85.3362121582031,0.292734235525131,0.0804616659879684,1.06431918833749e-09,0.0708403289318085,0,0,0.469546049833298,0.0864176750183105,1400084.75,258.418081504313
"SEG226201",2019,NA,NA,0,-7.73920726776123,1.68079888820648,13.8617010116577,0.488073259592056,21.6009082794189,1.92527937889099,2.03977727890015,2.16170763969421,2.12635135650635,85.4025421142578,69.5625762939453,71.4233856201172,86.8257675170898,0.00261368160136044,3.94788257835899e-05,6.7974666308146e-05,0.000154861394548789,1.73959513460886e-10,0,0.973696291446686,0,2628.79516601562,0.577240559094503
"PL843",2020,NA,NA,0,2.32956981658936,7.17125844955444,18.4173564910889,10.055272102356,16.0877876281738,1.53960740566254,1.59582757949829,2.96471118927002,1.71342861652374,85.9295654296875,64.8289566040039,72.4538345336914,86.1336364746094,0.346742868423462,0.112826265394688,0.00467432476580143,0.00626426702365279,0,0.0160998459905386,0,0.499842435121536,262794.53125,42.5394850003102
"NO071",2022,NA,NA,0,-6.6619291305542,0.863135933876038,10.9411172866821,3.14745926856995,17.6030464172363,5.88510990142822,5.39089107513428,6.4290509223938,3.5510983467102,80.09228515625,77.4407501220703,79.9241561889648,82.4791717529297,0.00760962208732963,0.000700622622389346,0.00119259476196021,0.00141676608473063,0.276975303888321,0.00155712838750333,0.55915093421936,0.006351662799716,96735.046875,2.50598247364435
"IEG11597",2015,NA,NA,0,5.85116052627563,8.02735900878906,12.8899431228638,10.7138042449951,7.03878355026245,4.19790935516357,3.53724312782288,3.86866497993469,4.37342739105225,83.9086151123047,79.3312072753906,82.8607635498047,84.2836685180664,0.0574397929012775,0.293956190347672,0.00399157451465726,0.0046518612653017,1.88547840535014e-11,0,0.436595618724823,0,104936.3125,19.3967044041673
"RO223",2024,NA,NA,0,5.22022724151611,13.0076637268066,25.2959613800049,13.0277557373047,20.0757350921631,0.821560084819794,1.4473569393158,1.03286898136139,1.61875796318054,78.1020278930664,71.1925582885742,59.1606025695801,76.1083297729492,0.625598311424255,0.141977891325951,0.0127070397138596,0.00250459415838122,0,0.03099131770432,0,0.146219044923782,219637.09375,31.2092434021938
"SI035",2020,NA,NA,0,2.6224513053894,10.1390466690063,19.2951965332031,10.1221914291382,16.6727466583252,1.66063737869263,2.18494963645935,4.97178411483765,3.31571841239929,77.7187805175781,63.2887268066406,74.958366394043,82.5552291870117,0.0760834068059921,0.196165591478348,0.0112740276381373,0.0258610621094704,8.90551868359957e-11,0,0.690615952014923,0,71502.6171875,149.051220888481
"DE30",2022,NA,NA,0,3.39983797073364,9.46962070465088,20.2459812164307,10.6881456375122,16.8461418151855,2.01920199394226,0.832769751548767,1.82913506031036,1.52885723114014,84.016716003418,62.9290046691895,61.4042739868164,81.5983352661133,0.220472350716591,0.0730812326073647,0.00126342533621937,0.140055403113365,0,8.15411016485967e-10,0,0.55066180229187,698339.375,773.372691651673
"PL415",2023,NA,NA,0,2.42416214942932,8.81138134002686,19.6211700439453,11.4979200363159,17.1970081329346,1.88343977928162,1.67306053638458,2.71603107452393,2.13024759292603,85.4975891113281,71.8437957763672,64.7475967407227,80.1849670410156,0.423802137374878,0.10353260487318,1.2897172219084e-10,0.0794291719794273,0,0,0,0.389533072710037,99707.9765625,395.755145532812
"CZ04",2023,NA,NA,0,1.3068368434906,7.70999431610107,18.3747692108154,10.6736469268799,17.0679321289062,1.69434237480164,1.95342898368835,2.76938486099243,2.08392357826233,84.5496292114258,72.4230499267578,66.5620651245117,78.682861328125,0.278915286064148,0.117158487439156,0.00297655467875302,0.0318705812096596,0,0.00443243654444814,0.0206523314118385,0.543518960475922,1304590.625,150.994019234028
"BE22",2018,NA,NA,0,3.46555995941162,11.4127025604248,19.7899417877197,11.3685274124146,16.3243827819824,2.73309946060181,2.27907061576843,1.40076065063477,1.60387885570526,83.6208267211914,71.8269729614258,65.2202987670898,78.4636306762695,0.324469119310379,0.208504185080528,1.47450873733135e-09,0.158414572477341,0,0,0,0.308612108230591,1020502.375,420.185725741124
"RSG125381",2024,NA,NA,0,5.57357406616211,14.5271835327148,24.6603488922119,12.3678216934204,19.0867767333984,1.28765571117401,1.80433297157288,1.61533141136169,2.4325807094574,79.8227157592773,69.1355361938477,65.8909683227539,79.4616622924805,0.386545926332474,0.075489953160286,0.000875255966093391,0.0147644029930234,0,0.169986858963966,0,0.352337568998337,246635.46875,75.6062564833559
"BG332",2023,NA,NA,0,5.09188985824585,11.0417251586914,23.6459884643555,15.9762868881226,18.5540981292725,0.96548467874527,2.26470828056335,1.16914057731628,1.6164984703064,81.1580505371094,74.6186752319336,64.3416900634766,67.8700561523438,0.550416231155396,0.200529992580414,2.07432870880098e-09,0.00674651144072413,0,0.00343484082259238,0,0.233573958277702,173873.9375,36.4754401005625
"ITI11",2022,NA,NA,0,6.1450023651123,11.4605751037598,22.8660945892334,14.8158798217773,16.7210903167725,2.95276093482971,2.33028674125671,2.30511808395386,4.07171201705933,76.3304290771484,70.9155197143555,70.6687469482422,80.8322143554688,0.0309902373701334,0.0179869215935469,0.00114317797124386,0.0229107849299908,0,0,0.316716372966766,0.493182718753815,123194.3984375,105.868788533903
"ES242",2017,NA,NA,0,5.3285174369812,13.0564546585083,22.8835830688477,13.3374700546265,17.5550651550293,1.37433278560638,1.23616123199463,1.48312664031982,0.50346028804779,74.9524536132812,56.0244255065918,52.3110466003418,58.9721946716309,0.305863797664642,0.0455659814178944,0.119266517460346,0.00139465450774878,0,0.260437726974487,0,0.267419308423996,145494.1875,9.86607476918508
"DE21",2020,NA,NA,0,2.41621327400208,8.90485191345215,17.3660774230957,9.09356880187988,14.9498643875122,3.04886674880981,2.28862714767456,5.62829208374023,2.83873987197876,78.4488220214844,65.6926345825195,74.1454162597656,83.2868728637695,0.24841682612896,0.149641647934914,0.00355835957452655,0.0765265300869942,3.74356483312521e-11,7.62742757842716e-10,0.328669250011444,0.184228137135506,4596926,262.679105884086
"SM",2024,NA,NA,0,7.13378000259399,12.8126029968262,23.1987266540527,13.9233331680298,16.0649471282959,1.96564984321594,3.23158550262451,1.83622622489929,4.60721683502197,79.8493118286133,74.6364517211914,67.3306045532227,81.4577941894531,0.274087965488434,0.0781493708491325,0.00199207384139299,0.00939915422350168,0,6.53644499637451e-12,0,0.633018136024475,3876.32788085938,64.7148507778947
"CZ08",2018,NA,NA,0,-0.45858758687973,10.2361927032471,19.2389850616455,10.4207239151001,19.6975708007812,1.3637387752533,1.37892484664917,2.98447012901306,1.68075525760651,84.1779937744141,68.368782043457,69.0451583862305,75.2213897705078,0.329311460256577,0.146721586585045,0.000269723474048078,0.0453796796500683,0,0.0242609195411205,0.0584959909319878,0.393755406141281,1240455,228.71150254809
"PL411",2018,NA,NA,0,0.44865021109581,9.85706615447998,19.63596534729,10.1985960006714,19.187313079834,1.63515555858612,1.34851884841919,2.00119590759277,1.03318810462952,85.0452575683594,68.4215545654297,66.4031600952148,77.3746109008789,0.333677887916565,0.089568555355072,0.000203773204702884,0.00742903258651495,0,1.20713328222166e-09,0,0.56423830986023,421760.3125,65.2381081913303
"EL527",2017,NA,NA,0,6.39949131011963,15.2059259414673,25.7294902801514,17.2733211517334,19.3299980163574,1.48980689048767,1.78233635425568,1.04999148845673,1.81303119659424,69.7281875610352,68.480354309082,61.7709884643555,68.5559539794922,0.225281149148941,0.168397814035416,0.0156866349279881,0.00269467337056994,0,0.0419247709214687,0,0.279772967100143,45501.82421875,15.4380643299997
"UKN13",2022,NA,NA,0,6.53848075866699,9.09759998321533,14.9387722015381,11.4959497451782,8.40029144287109,3.04756474494934,2.29010462760925,2.14652824401855,3.92840313911438,85.1056976318359,79.1914978027344,79.508918762207,84.4945907592773,0.0422805175185204,0.602251768112183,0.00760232470929623,0.0387603007256985,3.28705118679551e-10,0,0.117241397500038,0,132562.296875,182.272650949791
"ES618",2018,NA,NA,0,9.85262966156006,15.2187252044678,25.4502239227295,19.0340690612793,15.5975952148438,1.49194288253784,3.7797281742096,0.10285559296608,2.56115484237671,72.3020401000977,70.9292907714844,50.9143295288086,69.5648422241211,0.428052425384521,0.235001504421234,0.00437506521120667,0.019950969144702,0,0.157772347331047,0,0.147514030337334,1844791.625,132.180592782486
"RSG125376",2024,NA,NA,0,5.92251443862915,14.9821872711182,25.9610271453857,13.15842628479,20.0385131835938,1.21398746967316,1.73232996463776,1.71786141395569,2.02423477172852,78.2403717041016,65.3346710205078,57.0010833740234,70.4568405151367,0.548445463180542,0.125077724456787,0.00229168660007417,0.0194555558264256,0,0.0044712838716805,0,0.297720700502396,397400.84375,96.6619301634679
"ITC13",2017,NA,NA,0,0.202081620693207,9.87187385559082,19.0089302062988,9.18816566467285,18.806848526001,1.69905149936676,4.73755550384521,5.91322183609009,2.75961112976074,66.5942687988281,66.8471603393555,69.860725402832,69.7827606201172,0.178236454725266,0.0632701963186264,0.0140750557184219,0.029569623991847,9.28853383097561e-10,0,0.69386214017868,0,115354.5078125,128.167933913767
"NO012",2024,NA,NA,0,-5.24995708465576,6.99643325805664,15.1687202453613,7.01153421401978,20.4186782836914,2.51333522796631,2.19000124931335,4.69376087188721,2.34401154518127,85.0235366821289,71.6856002807617,75.8697357177734,84.977294921875,0.099337212741375,0.0433173552155495,0.000693636713549495,0.0436175428330898,0.0567828863859177,0,0.682983219623566,0,770717.75,157.125157554635
"FI1C1",2024,NA,NA,0,-5.0866231918335,5.6791558265686,17.1293106079102,8.5209903717041,22.215934753418,1.71451556682587,1.27071821689606,3.25319647789001,2.25971627235413,87.6904067993164,74.6536407470703,77.2767028808594,86.3437576293945,0.277028828859329,0.00241081463173032,0.000463387783383951,0.0126035939902067,0,0.474924176931381,0,0.114870429039001,323291.21875,30.6009983489011
"UKK4",2018,NA,NA,0,5.96127605438232,9.15561389923096,16.9183177947998,11.495982170105,10.9570417404175,2.6826868057251,3.24442768096924,1.45995831489563,2.72049427032471,83.9154586791992,84.1455535888672,78.8315963745117,84.3893280029297,0.202634871006012,0.490553349256516,0.00432836497202516,0.0150454882532358,1.16283111611937e-12,0,0.133724302053452,0,566455.9375,85.232358957577
"ES422",2022,NA,NA,0,8.12459754943848,14.1958885192871,27.5551490783691,17.7354030609131,19.4305534362793,0.821807026863098,2.30830574035645,0.204620748758316,1.20309937000275,68.9520874023438,60.7549095153809,32.0946159362793,57.4700126647949,0.387237787246704,0.0262116137892008,0.202160313725471,0.00430545397102833,0,0.184395283460617,0,0.194956809282303,523204.6875,26.4958157787557
"HR047",2022,NA,NA,0,3.44979786872864,11.651608467102,23.0201110839844,12.7598581314087,19.5703144073486,1.76211988925934,1.71985232830048,2.06523251533508,3.11753106117249,78.1302185058594,63.3687858581543,64.6758117675781,84.3480911254883,0.232686549425125,0.104850299656391,0.0017238212749362,0.00880834460258484,0,0.308748215436935,0.0015792662743479,0.341428428888321,116081.96875,44.8064958661845
"PL618",2021,NA,NA,0,-0.850277245044708,6.84201383590698,18.5051689147949,9.52553558349609,19.355447769165,1.66658020019531,2.17983341217041,2.90271258354187,1.48220419883728,88.6494674682617,75.0774993896484,74.5728759765625,84.6578598022461,0.311637222766876,0.0848498418927193,0.000136865928652696,0.0165249817073345,0,1.21066112690471e-09,0,0.577375888824463,365476.53125,109.665303418515
"LT021",2023,NA,NA,0,-0.389050185680389,8.05185317993164,18.5343837738037,9.1273365020752,18.923433303833,2.41166424751282,1.43724536895752,2.63307166099548,2.1600775718689,86.9064407348633,67.4334335327148,69.7894439697266,81.9037170410156,0.267375260591507,0.0725557580590248,0.000436521164374426,0.00650938134640455,0,0.147214040160179,0,0.485927283763885,134817.84375,24.8677952816946
"RO422",2023,NA,NA,0,2.43812346458435,9.37078189849854,20.0454845428467,12.2547950744629,17.6073627471924,3.23053002357483,3.08436393737793,3.85156655311584,2.45134663581848,84.3167877197266,75.7495346069336,76.0774307250977,77.5717391967773,0.163092315196991,0.109165981411934,0.00927035324275494,0.00386616121977568,0.000101265904959291,0.387747943401337,0.194321751594543,0.129419654607773,271127.46875,31.7405198154583
"XKG125389",2019,NA,NA,0,0.204503953456879,10.0837392807007,21.3833847045898,13.3991413116455,21.178882598877,2.42247605323792,2.83098769187927,1.85770344734192,1.85986411571503,76.0999908447266,66.9975357055664,59.5461959838867,70.2751388549805,0.127992421388626,0.223086833953857,0.0200405903160572,0.0281355250626802,0.000292288226773962,0,0.600225210189819,0,338475.59375,180.079337265945
"SI031",2017,NA,NA,0,-0.368584424257278,12.4357929229736,22.2095623016357,10.6061630249023,22.578145980835,0.865033805370331,1.45893204212189,2.06551599502563,3.82545852661133,78.5545043945312,63.7112731933594,62.9257049560547,79.0126190185547,0.314868718385696,0.212841138243675,8.27857002150267e-06,0.0163748376071453,2.01482097672567e-09,0.00540812173858285,0.437627851963043,0.012871153652668,101504.7578125,76.6749423528364
"SEG226221",2023,NA,NA,0,-5.14870071411133,2.51192402839661,15.1470012664795,3.10593795776367,20.2957038879395,1.68820405006409,1.15037536621094,3.43933820724487,3.03764867782593,82.6911392211914,63.989917755127,71.8324127197266,82.4699096679688,0.0228218324482441,0.00735707534477115,0.00473801884800196,0.00678983610123396,1.49946011163138e-09,0,0.900329053401947,0,66881.1796875,19.2180128033889
"FI1D7",2022,NA,NA,0,-10.5162210464478,0.333699643611908,13.9771738052368,1.21189534664154,24.4933948516846,1.3091676235199,1.34553301334381,3.17909812927246,1.64854431152344,85.4485168457031,72.6551284790039,73.7292709350586,89.0212326049805,0.00287738512270153,7.59677595851826e-06,0.000624670647084713,0.000585860514547676,0.0554299540817738,0.151147603988647,0.738303005695343,0.00379569013603032,143440.15625,1.46111213148926
"SE123",2024,NA,NA,0,-1.4081711769104,7.00554513931274,16.2752075195312,8.76019668579102,17.6833763122559,2.10520696640015,1.50343573093414,3.09316253662109,1.59036242961884,88.167724609375,76.1755752563477,75.2394714355469,83.3760986328125,0.163547560572624,0.0184523817151785,0.00556149939075112,0.0102079259231687,4.58194870933681e-11,0.387865126132965,0.0792592614889145,0.194977298378944,436960.90625,35.3200777150284
"BG324",2022,NA,NA,0,3.26613521575928,10.6373329162598,23.6918773651123,14.1288385391235,20.4257411956787,1.55218183994293,1.49078023433685,1.36466085910797,0.86910492181778,78.2608642578125,66.499626159668,59.2242736816406,69.1953506469727,0.476916879415512,0.176119059324265,0.000481999973999336,0.00795175135135651,0,0.00284220604225993,0,0.335605263710022,102740.09375,43.2079412778968
"LT028",2024,NA,NA,0,-0.699339509010315,8.86062526702881,17.7726554870605,9.52959156036377,18.471996307373,2.3029260635376,1.527348279953,3.20498943328857,1.57847380638123,89.6050567626953,73.8161468505859,75.5087509155273,83.7200775146484,0.351222455501556,0.0967164412140846,0.00718077272176743,0.00622839340940118,7.67655217170926e-10,0,0.53453141450882,0,114825.4765625,26.6814739032493
"ES220",2023,NA,NA,0,5.99809741973877,12.8754501342773,20.9441413879395,15.7059135437012,14.9460430145264,2.23800015449524,1.65219855308533,2.12457847595215,3.54882311820984,77.0071029663086,65.5686187744141,68.2702713012695,72.6382217407227,0.336115330457687,0.168698757886887,0.0220411699265242,0.0136449644342065,0.000192254316061735,0.00612143194302917,0.402185827493668,0.0281530227512121,858354.75,82.6370736455994
"DEA2",2023,NA,NA,0,3.86427068710327,9.22248268127441,18.4034423828125,12.3504705429077,14.5391721725464,2.69134378433228,3.23021745681763,3.3631386756897,3.67873668670654,85.0475845336914,75.2661819458008,69.7390213012695,81.961181640625,0.261300325393677,0.0967108532786369,6.77053024755736e-10,0.220995530486107,0,0,0.0852173343300819,0.335769206285477,4866690,662.526203528533
